solid both_side
   facet normal -1.000000e+00 0.000000e+00 0.000000e+00
      outer loop
         vertex 3.092013e+00 3.148900e+00 1.206957e+01
         vertex 3.092013e+00 3.770721e+00 1.239924e+01
         vertex 3.092013e+00 3.750000e+00 1.135000e+01
      endloop
   endfacet
   facet normal -1.000000e+00 0.000000e+00 -0.000000e+00
      outer loop
         vertex 3.092013e+00 1.043363e+01 1.167460e+01
         vertex 3.092013e+00 1.075000e+01 1.135000e+01
         vertex 3.092013e+00 9.250000e+00 1.135000e+01
      endloop
   endfacet
   facet normal -1.000000e+00 0.000000e+00 0.000000e+00
      outer loop
         vertex 3.092013e+00 1.075000e+01 1.135000e+01
         vertex 3.092013e+00 1.043363e+01 1.167460e+01
         vertex 3.092013e+00 1.097005e+01 1.121897e+01
      endloop
   endfacet
   facet normal -1.000000e+00 0.000000e+00 0.000000e+00
      outer loop
         vertex 3.092013e+00 6.500000e+00 5.412500e+00
         vertex 3.092013e+00 7.500000e+00 4.700000e+00
         vertex 3.092013e+00 7.500000e+00 3.300000e+00
      endloop
   endfacet
   facet normal -1.000000e+00 -0.000000e+00 0.000000e+00
      outer loop
         vertex 3.092013e+00 8.575460e+00 3.402545e-01
         vertex 3.092013e+00 7.897308e+00 1.519667e-01
         vertex 3.092013e+00 7.812500e+00 3.300000e+00
      endloop
   endfacet
   facet normal -1.000000e+00 0.000000e+00 -0.000000e+00
      outer loop
         vertex 3.092013e+00 7.812500e+00 3.300000e+00
         vertex 3.092013e+00 7.897308e+00 1.519667e-01
         vertex 3.092013e+00 7.202774e+00 3.810320e-02
      endloop
   endfacet
   facet normal -1.000000e+00 -0.000000e+00 0.000000e+00
      outer loop
         vertex 3.092013e+00 7.812500e+00 3.300000e+00
         vertex 3.092013e+00 7.202774e+00 3.810320e-02
         vertex 3.092013e+00 7.500000e+00 3.300000e+00
      endloop
   endfacet
   facet normal -1.000000e+00 0.000000e+00 0.000000e+00
      outer loop
         vertex 3.092013e+00 7.500000e+00 3.300000e+00
         vertex 3.092013e+00 7.202774e+00 3.810320e-02
         vertex 3.092013e+00 6.500000e+00 0.000000e+00
      endloop
   endfacet
   facet normal -1.000000e+00 -0.000000e+00 0.000000e+00
      outer loop
         vertex 3.092013e+00 7.500000e+00 3.300000e+00
         vertex 3.092013e+00 6.500000e+00 0.000000e+00
         vertex 3.092013e+00 6.500000e+00 5.412500e+00
      endloop
   endfacet
   facet normal -1.000000e+00 0.000000e+00 0.000000e+00
      outer loop
         vertex 3.092013e+00 7.500000e+00 4.700000e+00
         vertex 3.092013e+00 6.500000e+00 5.412500e+00
         vertex 3.092013e+00 7.812500e+00 4.700000e+00
      endloop
   endfacet
   facet normal -1.000000e+00 0.000000e+00 0.000000e+00
      outer loop
         vertex 3.092013e+00 7.812500e+00 4.700000e+00
         vertex 3.092013e+00 6.500000e+00 5.412500e+00
         vertex 3.092013e+00 7.812500e+00 5.412500e+00
      endloop
   endfacet
   facet normal -1.000000e+00 0.000000e+00 0.000000e+00
      outer loop
         vertex 3.092013e+00 7.812500e+00 4.700000e+00
         vertex 3.092013e+00 7.812500e+00 5.412500e+00
         vertex 3.092013e+00 8.500000e+00 4.700000e+00
      endloop
   endfacet
   facet normal -1.000000e+00 0.000000e+00 0.000000e+00
      outer loop
         vertex 3.092013e+00 8.500000e+00 4.700000e+00
         vertex 3.092013e+00 7.812500e+00 5.412500e+00
         vertex 3.092013e+00 8.687500e+00 5.412500e+00
      endloop
   endfacet
   facet normal -1.000000e+00 0.000000e+00 0.000000e+00
      outer loop
         vertex 3.092013e+00 8.500000e+00 4.700000e+00
         vertex 3.092013e+00 8.687500e+00 5.412500e+00
         vertex 3.092013e+00 8.500000e+00 3.300000e+00
      endloop
   endfacet
   facet normal -1.000000e+00 -0.000000e+00 0.000000e+00
      outer loop
         vertex 3.092013e+00 9.851100e+00 9.304285e-01
         vertex 3.092013e+00 9.229279e+00 6.007599e-01
         vertex 3.092013e+00 9.250000e+00 5.412500e+00
      endloop
   endfacet
   facet normal -1.000000e+00 0.000000e+00 0.000000e+00
      outer loop
         vertex 3.092013e+00 9.250000e+00 5.412500e+00
         vertex 3.092013e+00 9.229279e+00 6.007599e-01
         vertex 3.092013e+00 8.575460e+00 3.402545e-01
      endloop
   endfacet
   facet normal -1.000000e+00 -0.000000e+00 0.000000e+00
      outer loop
         vertex 3.092013e+00 1.276308e+01 4.761066e+00
         vertex 3.092013e+00 1.253835e+01 4.094102e+00
         vertex 3.092013e+00 1.075000e+01 5.412500e+00
      endloop
   endfacet
   facet normal -1.000000e+00 0.000000e+00 0.000000e+00
      outer loop
         vertex 3.092013e+00 1.075000e+01 5.412500e+00
         vertex 3.092013e+00 1.253835e+01 4.094102e+00
         vertex 3.092013e+00 1.224283e+01 3.455345e+00
      endloop
   endfacet
   facet normal -1.000000e+00 0.000000e+00 0.000000e+00
      outer loop
         vertex 3.092013e+00 1.075000e+01 5.412500e+00
         vertex 3.092013e+00 1.224283e+01 3.455345e+00
         vertex 3.092013e+00 1.187998e+01 2.852284e+00
      endloop
   endfacet
   facet normal -1.000000e+00 -0.000000e+00 0.000000e+00
      outer loop
         vertex 3.092013e+00 1.187998e+01 2.852284e+00
         vertex 3.092013e+00 1.145405e+01 2.291990e+00
         vertex 3.092013e+00 1.075000e+01 5.412500e+00
      endloop
   endfacet
   facet normal -1.000000e+00 0.000000e+00 0.000000e+00
      outer loop
         vertex 3.092013e+00 1.075000e+01 5.412500e+00
         vertex 3.092013e+00 1.145405e+01 2.291990e+00
         vertex 3.092013e+00 1.097005e+01 1.781030e+00
      endloop
   endfacet
   facet normal -1.000000e+00 -0.000000e+00 -0.000000e+00
      outer loop
         vertex 3.092013e+00 1.075000e+01 5.412500e+00
         vertex 3.092013e+00 1.097005e+01 1.781030e+00
         vertex 3.092013e+00 9.250000e+00 5.412500e+00
      endloop
   endfacet
   facet normal -1.000000e+00 0.000000e+00 0.000000e+00
      outer loop
         vertex 3.092013e+00 9.250000e+00 5.412500e+00
         vertex 3.092013e+00 1.097005e+01 1.781030e+00
         vertex 3.092013e+00 1.043363e+01 1.325395e+00
      endloop
   endfacet
   facet normal -1.000000e+00 0.000000e+00 0.000000e+00
      outer loop
         vertex 3.092013e+00 9.250000e+00 5.412500e+00
         vertex 3.092013e+00 1.043363e+01 1.325395e+00
         vertex 3.092013e+00 9.851100e+00 9.304285e-01
      endloop
   endfacet
   facet normal -1.000000e+00 0.000000e+00 -0.000000e+00
      outer loop
         vertex 3.092013e+00 1.114762e+01 6.371743e+00
         vertex 3.092013e+00 1.117524e+01 6.312500e+00
         vertex 3.092013e+00 1.075000e+01 5.412500e+00
      endloop
   endfacet
   facet normal -1.000000e+00 0.000000e+00 0.000000e+00
      outer loop
         vertex 3.092013e+00 1.186930e+01 6.565118e+00
         vertex 3.092013e+00 1.185239e+01 6.628258e+00
         vertex 3.092013e+00 1.299047e+01 6.851903e+00
      endloop
   endfacet
   facet normal -1.000000e+00 0.000000e+00 -0.000000e+00
      outer loop
         vertex 3.092013e+00 1.253835e+01 8.905898e+00
         vertex 3.092013e+00 1.276308e+01 8.238934e+00
         vertex 3.092013e+00 1.075000e+01 7.587500e+00
      endloop
   endfacet
   facet normal -1.000000e+00 0.000000e+00 0.000000e+00
      outer loop
         vertex 3.092013e+00 1.075000e+01 7.587500e+00
         vertex 3.092013e+00 1.276308e+01 8.238934e+00
         vertex 3.092013e+00 1.150000e+01 6.875000e+00
      endloop
   endfacet
   facet normal -1.000000e+00 0.000000e+00 0.000000e+00
      outer loop
         vertex 3.092013e+00 1.075000e+01 7.587500e+00
         vertex 3.092013e+00 1.150000e+01 6.875000e+00
         vertex 3.092013e+00 1.143488e+01 6.869303e+00
      endloop
   endfacet
   facet normal -1.000000e+00 0.000000e+00 -0.000000e+00
      outer loop
         vertex 3.092013e+00 1.117524e+01 6.312500e+00
         vertex 3.092013e+00 1.121273e+01 6.258955e+00
         vertex 3.092013e+00 1.075000e+01 5.412500e+00
      endloop
   endfacet
   facet normal -1.000000e+00 0.000000e+00 0.000000e+00
      outer loop
         vertex 3.092013e+00 1.075000e+01 5.412500e+00
         vertex 3.092013e+00 1.121273e+01 6.258955e+00
         vertex 3.092013e+00 1.125895e+01 6.212733e+00
      endloop
   endfacet
   facet normal -1.000000e+00 0.000000e+00 0.000000e+00
      outer loop
         vertex 3.092013e+00 1.075000e+01 5.412500e+00
         vertex 3.092013e+00 1.125895e+01 6.212733e+00
         vertex 3.092013e+00 1.131250e+01 6.175241e+00
      endloop
   endfacet
   facet normal -1.000000e+00 -0.000000e+00 0.000000e+00
      outer loop
         vertex 3.092013e+00 1.299047e+01 6.148097e+00
         vertex 3.092013e+00 1.291437e+01 5.448417e+00
         vertex 3.092013e+00 1.182476e+01 6.312500e+00
      endloop
   endfacet
   facet normal -1.000000e+00 -0.000000e+00 0.000000e+00
      outer loop
         vertex 3.092013e+00 1.299047e+01 6.851903e+00
         vertex 3.092013e+00 1.185239e+01 6.628258e+00
         vertex 3.092013e+00 1.291437e+01 7.551583e+00
      endloop
   endfacet
   facet normal -1.000000e+00 -0.000000e+00 0.000000e+00
      outer loop
         vertex 3.092013e+00 1.143488e+01 6.869303e+00
         vertex 3.092013e+00 1.137174e+01 6.852385e+00
         vertex 3.092013e+00 1.075000e+01 7.587500e+00
      endloop
   endfacet
   facet normal -1.000000e+00 0.000000e+00 0.000000e+00
      outer loop
         vertex 3.092013e+00 1.075000e+01 7.587500e+00
         vertex 3.092013e+00 1.137174e+01 6.852385e+00
         vertex 3.092013e+00 1.131250e+01 6.824760e+00
      endloop
   endfacet
   facet normal -1.000000e+00 0.000000e+00 0.000000e+00
      outer loop
         vertex 3.092013e+00 1.075000e+01 7.587500e+00
         vertex 3.092013e+00 1.131250e+01 6.824760e+00
         vertex 3.092013e+00 1.125895e+01 6.787267e+00
      endloop
   endfacet
   facet normal -1.000000e+00 -0.000000e+00 0.000000e+00
      outer loop
         vertex 3.092013e+00 1.114762e+01 6.628258e+00
         vertex 3.092013e+00 1.113070e+01 6.565118e+00
         vertex 3.092013e+00 1.075000e+01 7.587500e+00
      endloop
   endfacet
   facet normal -1.000000e+00 0.000000e+00 0.000000e+00
      outer loop
         vertex 3.092013e+00 1.075000e+01 7.587500e+00
         vertex 3.092013e+00 1.113070e+01 6.565118e+00
         vertex 3.092013e+00 1.112500e+01 6.500000e+00
      endloop
   endfacet
   facet normal -1.000000e+00 0.000000e+00 0.000000e+00
      outer loop
         vertex 3.092013e+00 1.075000e+01 7.587500e+00
         vertex 3.092013e+00 1.112500e+01 6.500000e+00
         vertex 3.092013e+00 1.075000e+01 5.412500e+00
      endloop
   endfacet
   facet normal -1.000000e+00 0.000000e+00 0.000000e+00
      outer loop
         vertex 3.092013e+00 1.075000e+01 5.412500e+00
         vertex 3.092013e+00 1.112500e+01 6.500000e+00
         vertex 3.092013e+00 1.113070e+01 6.434882e+00
      endloop
   endfacet
   facet normal -1.000000e+00 0.000000e+00 0.000000e+00
      outer loop
         vertex 3.092013e+00 1.075000e+01 5.412500e+00
         vertex 3.092013e+00 1.113070e+01 6.434882e+00
         vertex 3.092013e+00 1.114762e+01 6.371743e+00
      endloop
   endfacet
   facet normal -1.000000e+00 0.000000e+00 0.000000e+00
      outer loop
         vertex 3.092013e+00 1.168750e+01 6.824760e+00
         vertex 3.092013e+00 1.162826e+01 6.852385e+00
         vertex 3.092013e+00 1.276308e+01 8.238934e+00
      endloop
   endfacet
   facet normal -1.000000e+00 0.000000e+00 0.000000e+00
      outer loop
         vertex 3.092013e+00 1.276308e+01 8.238934e+00
         vertex 3.092013e+00 1.162826e+01 6.852385e+00
         vertex 3.092013e+00 1.156512e+01 6.869303e+00
      endloop
   endfacet
   facet normal -1.000000e+00 0.000000e+00 0.000000e+00
      outer loop
         vertex 3.092013e+00 1.276308e+01 8.238934e+00
         vertex 3.092013e+00 1.156512e+01 6.869303e+00
         vertex 3.092013e+00 1.150000e+01 6.875000e+00
      endloop
   endfacet
   facet normal -1.000000e+00 -0.000000e+00 0.000000e+00
      outer loop
         vertex 3.092013e+00 1.125895e+01 6.787267e+00
         vertex 3.092013e+00 1.121273e+01 6.741045e+00
         vertex 3.092013e+00 1.075000e+01 7.587500e+00
      endloop
   endfacet
   facet normal -1.000000e+00 0.000000e+00 0.000000e+00
      outer loop
         vertex 3.092013e+00 1.075000e+01 7.587500e+00
         vertex 3.092013e+00 1.121273e+01 6.741045e+00
         vertex 3.092013e+00 1.117524e+01 6.687500e+00
      endloop
   endfacet
   facet normal -1.000000e+00 0.000000e+00 0.000000e+00
      outer loop
         vertex 3.092013e+00 1.075000e+01 7.587500e+00
         vertex 3.092013e+00 1.117524e+01 6.687500e+00
         vertex 3.092013e+00 1.114762e+01 6.628258e+00
      endloop
   endfacet
   facet normal -1.000000e+00 0.000000e+00 0.000000e+00
      outer loop
         vertex 3.092013e+00 1.182476e+01 6.312500e+00
         vertex 3.092013e+00 1.185239e+01 6.371743e+00
         vertex 3.092013e+00 1.299047e+01 6.148097e+00
      endloop
   endfacet
   facet normal -1.000000e+00 0.000000e+00 0.000000e+00
      outer loop
         vertex 3.092013e+00 1.299047e+01 6.148097e+00
         vertex 3.092013e+00 1.185239e+01 6.371743e+00
         vertex 3.092013e+00 1.186930e+01 6.434882e+00
      endloop
   endfacet
   facet normal -1.000000e+00 0.000000e+00 0.000000e+00
      outer loop
         vertex 3.092013e+00 1.299047e+01 6.148097e+00
         vertex 3.092013e+00 1.186930e+01 6.434882e+00
         vertex 3.092013e+00 1.299047e+01 6.851903e+00
      endloop
   endfacet
   facet normal -1.000000e+00 0.000000e+00 0.000000e+00
      outer loop
         vertex 3.092013e+00 1.299047e+01 6.851903e+00
         vertex 3.092013e+00 1.186930e+01 6.434882e+00
         vertex 3.092013e+00 1.187500e+01 6.500000e+00
      endloop
   endfacet
   facet normal -1.000000e+00 0.000000e+00 0.000000e+00
      outer loop
         vertex 3.092013e+00 1.299047e+01 6.851903e+00
         vertex 3.092013e+00 1.187500e+01 6.500000e+00
         vertex 3.092013e+00 1.186930e+01 6.565118e+00
      endloop
   endfacet
   facet normal -1.000000e+00 0.000000e+00 0.000000e+00
      outer loop
         vertex 3.092013e+00 1.185239e+01 6.628258e+00
         vertex 3.092013e+00 1.182476e+01 6.687500e+00
         vertex 3.092013e+00 1.291437e+01 7.551583e+00
      endloop
   endfacet
   facet normal -1.000000e+00 0.000000e+00 0.000000e+00
      outer loop
         vertex 3.092013e+00 1.291437e+01 7.551583e+00
         vertex 3.092013e+00 1.182476e+01 6.687500e+00
         vertex 3.092013e+00 1.178727e+01 6.741045e+00
      endloop
   endfacet
   facet normal -1.000000e+00 -0.000000e+00 0.000000e+00
      outer loop
         vertex 3.092013e+00 1.291437e+01 7.551583e+00
         vertex 3.092013e+00 1.178727e+01 6.741045e+00
         vertex 3.092013e+00 1.276308e+01 8.238934e+00
      endloop
   endfacet
   facet normal -1.000000e+00 0.000000e+00 0.000000e+00
      outer loop
         vertex 3.092013e+00 1.276308e+01 8.238934e+00
         vertex 3.092013e+00 1.178727e+01 6.741045e+00
         vertex 3.092013e+00 1.174105e+01 6.787267e+00
      endloop
   endfacet
   facet normal -1.000000e+00 0.000000e+00 0.000000e+00
      outer loop
         vertex 3.092013e+00 1.276308e+01 8.238934e+00
         vertex 3.092013e+00 1.174105e+01 6.787267e+00
         vertex 3.092013e+00 1.168750e+01 6.824760e+00
      endloop
   endfacet
   facet normal -1.000000e+00 0.000000e+00 -0.000000e+00
      outer loop
         vertex 3.092013e+00 1.131250e+01 6.175241e+00
         vertex 3.092013e+00 1.137174e+01 6.147615e+00
         vertex 3.092013e+00 1.075000e+01 5.412500e+00
      endloop
   endfacet
   facet normal -1.000000e+00 0.000000e+00 0.000000e+00
      outer loop
         vertex 3.092013e+00 1.075000e+01 5.412500e+00
         vertex 3.092013e+00 1.137174e+01 6.147615e+00
         vertex 3.092013e+00 1.143488e+01 6.130697e+00
      endloop
   endfacet
   facet normal -1.000000e+00 0.000000e+00 0.000000e+00
      outer loop
         vertex 3.092013e+00 1.075000e+01 5.412500e+00
         vertex 3.092013e+00 1.143488e+01 6.130697e+00
         vertex 3.092013e+00 1.276308e+01 4.761066e+00
      endloop
   endfacet
   facet normal -1.000000e+00 0.000000e+00 0.000000e+00
      outer loop
         vertex 3.092013e+00 1.143488e+01 6.130697e+00
         vertex 3.092013e+00 1.150000e+01 6.125000e+00
         vertex 3.092013e+00 1.276308e+01 4.761066e+00
      endloop
   endfacet
   facet normal -1.000000e+00 0.000000e+00 0.000000e+00
      outer loop
         vertex 3.092013e+00 1.276308e+01 4.761066e+00
         vertex 3.092013e+00 1.150000e+01 6.125000e+00
         vertex 3.092013e+00 1.156512e+01 6.130697e+00
      endloop
   endfacet
   facet normal -1.000000e+00 0.000000e+00 0.000000e+00
      outer loop
         vertex 3.092013e+00 1.276308e+01 4.761066e+00
         vertex 3.092013e+00 1.156512e+01 6.130697e+00
         vertex 3.092013e+00 1.162826e+01 6.147615e+00
      endloop
   endfacet
   facet normal -1.000000e+00 0.000000e+00 0.000000e+00
      outer loop
         vertex 3.092013e+00 1.162826e+01 6.147615e+00
         vertex 3.092013e+00 1.168750e+01 6.175241e+00
         vertex 3.092013e+00 1.276308e+01 4.761066e+00
      endloop
   endfacet
   facet normal -1.000000e+00 0.000000e+00 0.000000e+00
      outer loop
         vertex 3.092013e+00 1.276308e+01 4.761066e+00
         vertex 3.092013e+00 1.168750e+01 6.175241e+00
         vertex 3.092013e+00 1.174105e+01 6.212733e+00
      endloop
   endfacet
   facet normal -1.000000e+00 0.000000e+00 0.000000e+00
      outer loop
         vertex 3.092013e+00 1.276308e+01 4.761066e+00
         vertex 3.092013e+00 1.174105e+01 6.212733e+00
         vertex 3.092013e+00 1.291437e+01 5.448417e+00
      endloop
   endfacet
   facet normal -1.000000e+00 0.000000e+00 0.000000e+00
      outer loop
         vertex 3.092013e+00 1.291437e+01 5.448417e+00
         vertex 3.092013e+00 1.174105e+01 6.212733e+00
         vertex 3.092013e+00 1.178727e+01 6.258955e+00
      endloop
   endfacet
   facet normal -1.000000e+00 0.000000e+00 0.000000e+00
      outer loop
         vertex 3.092013e+00 1.291437e+01 5.448417e+00
         vertex 3.092013e+00 1.178727e+01 6.258955e+00
         vertex 3.092013e+00 1.182476e+01 6.312500e+00
      endloop
   endfacet
   facet normal -1.000000e+00 0.000000e+00 -0.000000e+00
      outer loop
         vertex 3.092013e+00 1.097005e+01 1.121897e+01
         vertex 3.092013e+00 1.145405e+01 1.070801e+01
         vertex 3.092013e+00 1.075000e+01 7.587500e+00
      endloop
   endfacet
   facet normal -1.000000e+00 0.000000e+00 -0.000000e+00
      outer loop
         vertex 3.092013e+00 1.145405e+01 1.070801e+01
         vertex 3.092013e+00 1.187998e+01 1.014772e+01
         vertex 3.092013e+00 1.075000e+01 7.587500e+00
      endloop
   endfacet
   facet normal -1.000000e+00 0.000000e+00 0.000000e+00
      outer loop
         vertex 3.092013e+00 1.075000e+01 7.587500e+00
         vertex 3.092013e+00 1.187998e+01 1.014772e+01
         vertex 3.092013e+00 1.224283e+01 9.544655e+00
      endloop
   endfacet
   facet normal -1.000000e+00 0.000000e+00 0.000000e+00
      outer loop
         vertex 3.092013e+00 1.075000e+01 7.587500e+00
         vertex 3.092013e+00 1.224283e+01 9.544655e+00
         vertex 3.092013e+00 1.253835e+01 8.905898e+00
      endloop
   endfacet
   facet normal -1.000000e+00 0.000000e+00 0.000000e+00
      outer loop
         vertex 3.092013e+00 7.812500e+00 1.135000e+01
         vertex 3.092013e+00 8.575460e+00 1.265975e+01
         vertex 3.092013e+00 8.687500e+00 1.135000e+01
      endloop
   endfacet
   facet normal -1.000000e+00 0.000000e+00 0.000000e+00
      outer loop
         vertex 3.092013e+00 8.687500e+00 1.135000e+01
         vertex 3.092013e+00 8.575460e+00 1.265975e+01
         vertex 3.092013e+00 9.229279e+00 1.239924e+01
      endloop
   endfacet
   facet normal -1.000000e+00 0.000000e+00 0.000000e+00
      outer loop
         vertex 3.092013e+00 8.687500e+00 1.135000e+01
         vertex 3.092013e+00 9.229279e+00 1.239924e+01
         vertex 3.092013e+00 9.250000e+00 1.135000e+01
      endloop
   endfacet
   facet normal -1.000000e+00 0.000000e+00 0.000000e+00
      outer loop
         vertex 3.092013e+00 9.250000e+00 1.135000e+01
         vertex 3.092013e+00 9.229279e+00 1.239924e+01
         vertex 3.092013e+00 9.851100e+00 1.206957e+01
      endloop
   endfacet
   facet normal -1.000000e+00 0.000000e+00 0.000000e+00
      outer loop
         vertex 3.092013e+00 9.250000e+00 1.135000e+01
         vertex 3.092013e+00 9.851100e+00 1.206957e+01
         vertex 3.092013e+00 1.043363e+01 1.167460e+01
      endloop
   endfacet
   facet normal -1.000000e+00 0.000000e+00 0.000000e+00
      outer loop
         vertex 3.092013e+00 5.797227e+00 1.296190e+01
         vertex 3.092013e+00 6.500000e+00 1.300000e+01
         vertex 3.092013e+00 6.500000e+00 1.135000e+01
      endloop
   endfacet
   facet normal -1.000000e+00 0.000000e+00 0.000000e+00
      outer loop
         vertex 3.092013e+00 6.500000e+00 1.135000e+01
         vertex 3.092013e+00 6.500000e+00 1.300000e+01
         vertex 3.092013e+00 7.202774e+00 1.296190e+01
      endloop
   endfacet
   facet normal -1.000000e+00 0.000000e+00 0.000000e+00
      outer loop
         vertex 3.092013e+00 6.500000e+00 1.135000e+01
         vertex 3.092013e+00 7.202774e+00 1.296190e+01
         vertex 3.092013e+00 7.812500e+00 1.135000e+01
      endloop
   endfacet
   facet normal -1.000000e+00 0.000000e+00 0.000000e+00
      outer loop
         vertex 3.092013e+00 7.812500e+00 1.135000e+01
         vertex 3.092013e+00 7.202774e+00 1.296190e+01
         vertex 3.092013e+00 7.897308e+00 1.284803e+01
      endloop
   endfacet
   facet normal -1.000000e+00 0.000000e+00 0.000000e+00
      outer loop
         vertex 3.092013e+00 7.812500e+00 1.135000e+01
         vertex 3.092013e+00 7.897308e+00 1.284803e+01
         vertex 3.092013e+00 8.575460e+00 1.265975e+01
      endloop
   endfacet
   facet normal -1.000000e+00 0.000000e+00 -0.000000e+00
      outer loop
         vertex 3.092013e+00 5.797227e+00 1.296190e+01
         vertex 3.092013e+00 6.500000e+00 1.135000e+01
         vertex 3.092013e+00 5.102692e+00 1.284803e+01
      endloop
   endfacet
   facet normal -1.000000e+00 0.000000e+00 -0.000000e+00
      outer loop
         vertex 3.092013e+00 5.102692e+00 1.284803e+01
         vertex 3.092013e+00 6.500000e+00 1.135000e+01
         vertex 3.092013e+00 4.312500e+00 1.135000e+01
      endloop
   endfacet
   facet normal -1.000000e+00 0.000000e+00 0.000000e+00
      outer loop
         vertex 3.092013e+00 5.102692e+00 1.284803e+01
         vertex 3.092013e+00 4.312500e+00 1.135000e+01
         vertex 3.092013e+00 4.424540e+00 1.265975e+01
      endloop
   endfacet
   facet normal -1.000000e+00 0.000000e+00 -0.000000e+00
      outer loop
         vertex 3.092013e+00 3.148900e+00 1.206957e+01
         vertex 3.092013e+00 3.750000e+00 1.135000e+01
         vertex 3.092013e+00 2.566368e+00 1.167460e+01
      endloop
   endfacet
   facet normal -1.000000e+00 0.000000e+00 0.000000e+00
      outer loop
         vertex 3.092013e+00 2.250000e+00 7.587500e+00
         vertex 3.092013e+00 7.571718e-01 9.544655e+00
         vertex 3.092013e+00 1.120022e+00 1.014772e+01
      endloop
   endfacet
   facet normal -1.000000e+00 0.000000e+00 0.000000e+00
      outer loop
         vertex 3.092013e+00 1.120022e+00 1.014772e+01
         vertex 3.092013e+00 1.545947e+00 1.070801e+01
         vertex 3.092013e+00 2.250000e+00 7.587500e+00
      endloop
   endfacet
   facet normal -1.000000e+00 0.000000e+00 0.000000e+00
      outer loop
         vertex 3.092013e+00 2.250000e+00 7.587500e+00
         vertex 3.092013e+00 1.545947e+00 1.070801e+01
         vertex 3.092013e+00 2.029954e+00 1.121897e+01
      endloop
   endfacet
   facet normal -1.000000e+00 0.000000e+00 0.000000e+00
      outer loop
         vertex 3.092013e+00 2.250000e+00 7.587500e+00
         vertex 3.092013e+00 2.029954e+00 1.121897e+01
         vertex 3.092013e+00 2.250000e+00 1.135000e+01
      endloop
   endfacet
   facet normal -1.000000e+00 0.000000e+00 -0.000000e+00
      outer loop
         vertex 3.092013e+00 4.616515e-01 8.905898e+00
         vertex 3.092013e+00 5.625002e-01 7.587500e+00
         vertex 3.092013e+00 2.369252e-01 8.238934e+00
      endloop
   endfacet
   facet normal -1.000000e+00 0.000000e+00 -0.000000e+00
      outer loop
         vertex 3.092013e+00 2.369252e-01 8.238934e+00
         vertex 3.092013e+00 5.625002e-01 7.587500e+00
         vertex 3.092013e+00 8.562766e-02 7.551583e+00
      endloop
   endfacet
   facet normal -1.000000e+00 0.000000e+00 0.000000e+00
      outer loop
         vertex 3.092013e+00 2.369252e-01 4.761066e+00
         vertex 3.092013e+00 8.562766e-02 5.448417e+00
         vertex 3.092013e+00 5.625002e-01 5.412500e+00
      endloop
   endfacet
   facet normal -1.000000e+00 0.000000e+00 0.000000e+00
      outer loop
         vertex 3.092013e+00 5.625002e-01 5.412500e+00
         vertex 3.092013e+00 8.562766e-02 5.448417e+00
         vertex 3.092013e+00 9.533018e-03 6.148097e+00
      endloop
   endfacet
   facet normal -1.000000e+00 0.000000e+00 0.000000e+00
      outer loop
         vertex 3.092013e+00 5.625002e-01 5.412500e+00
         vertex 3.092013e+00 9.533018e-03 6.148097e+00
         vertex 3.092013e+00 5.625002e-01 7.587500e+00
      endloop
   endfacet
   facet normal -1.000000e+00 0.000000e+00 0.000000e+00
      outer loop
         vertex 3.092013e+00 5.625002e-01 7.587500e+00
         vertex 3.092013e+00 9.533018e-03 6.148097e+00
         vertex 3.092013e+00 9.533018e-03 6.851903e+00
      endloop
   endfacet
   facet normal -1.000000e+00 0.000000e+00 0.000000e+00
      outer loop
         vertex 3.092013e+00 5.625002e-01 7.587500e+00
         vertex 3.092013e+00 9.533018e-03 6.851903e+00
         vertex 3.092013e+00 8.562766e-02 7.551583e+00
      endloop
   endfacet
   facet normal -1.000000e+00 0.000000e+00 0.000000e+00
      outer loop
         vertex 3.092013e+00 1.545947e+00 2.291990e+00
         vertex 3.092013e+00 1.120022e+00 2.852284e+00
         vertex 3.092013e+00 2.250000e+00 5.412500e+00
      endloop
   endfacet
   facet normal -1.000000e+00 0.000000e+00 0.000000e+00
      outer loop
         vertex 3.092013e+00 2.250000e+00 5.412500e+00
         vertex 3.092013e+00 1.120022e+00 2.852284e+00
         vertex 3.092013e+00 7.571718e-01 3.455345e+00
      endloop
   endfacet
   facet normal -1.000000e+00 -0.000000e+00 0.000000e+00
      outer loop
         vertex 3.092013e+00 2.250000e+00 5.412500e+00
         vertex 3.092013e+00 7.571718e-01 3.455345e+00
         vertex 3.092013e+00 5.625002e-01 5.412500e+00
      endloop
   endfacet
   facet normal -1.000000e+00 0.000000e+00 -0.000000e+00
      outer loop
         vertex 3.092013e+00 5.625002e-01 5.412500e+00
         vertex 3.092013e+00 7.571718e-01 3.455345e+00
         vertex 3.092013e+00 4.616515e-01 4.094102e+00
      endloop
   endfacet
   facet normal -1.000000e+00 0.000000e+00 0.000000e+00
      outer loop
         vertex 3.092013e+00 5.625002e-01 5.412500e+00
         vertex 3.092013e+00 4.616515e-01 4.094102e+00
         vertex 3.092013e+00 2.369252e-01 4.761066e+00
      endloop
   endfacet
   facet normal -1.000000e+00 0.000000e+00 0.000000e+00
      outer loop
         vertex 3.092013e+00 3.770721e+00 6.007599e-01
         vertex 3.092013e+00 3.148900e+00 9.304285e-01
         vertex 3.092013e+00 3.750000e+00 5.412500e+00
      endloop
   endfacet
   facet normal -1.000000e+00 0.000000e+00 0.000000e+00
      outer loop
         vertex 3.092013e+00 3.750000e+00 5.412500e+00
         vertex 3.092013e+00 3.148900e+00 9.304285e-01
         vertex 3.092013e+00 2.566368e+00 1.325395e+00
      endloop
   endfacet
   facet normal -1.000000e+00 -0.000000e+00 0.000000e+00
      outer loop
         vertex 3.092013e+00 3.750000e+00 5.412500e+00
         vertex 3.092013e+00 2.566368e+00 1.325395e+00
         vertex 3.092013e+00 2.250000e+00 5.412500e+00
      endloop
   endfacet
   facet normal -1.000000e+00 0.000000e+00 -0.000000e+00
      outer loop
         vertex 3.092013e+00 2.250000e+00 5.412500e+00
         vertex 3.092013e+00 2.566368e+00 1.325395e+00
         vertex 3.092013e+00 2.029954e+00 1.781030e+00
      endloop
   endfacet
   facet normal -1.000000e+00 0.000000e+00 0.000000e+00
      outer loop
         vertex 3.092013e+00 2.250000e+00 5.412500e+00
         vertex 3.092013e+00 2.029954e+00 1.781030e+00
         vertex 3.092013e+00 1.545947e+00 2.291990e+00
      endloop
   endfacet
   facet normal -1.000000e+00 0.000000e+00 0.000000e+00
      outer loop
         vertex 3.092013e+00 5.797227e+00 3.810320e-02
         vertex 3.092013e+00 5.102692e+00 1.519667e-01
         vertex 3.092013e+00 5.500000e+00 3.300000e+00
      endloop
   endfacet
   facet normal -1.000000e+00 0.000000e+00 0.000000e+00
      outer loop
         vertex 3.092013e+00 5.500000e+00 3.300000e+00
         vertex 3.092013e+00 5.102692e+00 1.519667e-01
         vertex 3.092013e+00 4.424540e+00 3.402545e-01
      endloop
   endfacet
   facet normal -1.000000e+00 -0.000000e+00 0.000000e+00
      outer loop
         vertex 3.092013e+00 5.500000e+00 3.300000e+00
         vertex 3.092013e+00 4.424540e+00 3.402545e-01
         vertex 3.092013e+00 4.500000e+00 3.300000e+00
      endloop
   endfacet
   facet normal -1.000000e+00 0.000000e+00 0.000000e+00
      outer loop
         vertex 3.092013e+00 4.500000e+00 3.300000e+00
         vertex 3.092013e+00 4.424540e+00 3.402545e-01
         vertex 3.092013e+00 3.770721e+00 6.007599e-01
      endloop
   endfacet
   facet normal -1.000000e+00 -0.000000e+00 0.000000e+00
      outer loop
         vertex 3.092013e+00 4.500000e+00 3.300000e+00
         vertex 3.092013e+00 3.770721e+00 6.007599e-01
         vertex 3.092013e+00 4.500000e+00 4.700000e+00
      endloop
   endfacet
   facet normal -1.000000e+00 -0.000000e+00 0.000000e+00
      outer loop
         vertex 3.092013e+00 4.500000e+00 4.700000e+00
         vertex 3.092013e+00 3.770721e+00 6.007599e-01
         vertex 3.092013e+00 4.312500e+00 5.412500e+00
      endloop
   endfacet
   facet normal -1.000000e+00 0.000000e+00 0.000000e+00
      outer loop
         vertex 3.092013e+00 4.500000e+00 4.700000e+00
         vertex 3.092013e+00 4.312500e+00 5.412500e+00
         vertex 3.092013e+00 5.500000e+00 4.700000e+00
      endloop
   endfacet
   facet normal -1.000000e+00 0.000000e+00 0.000000e+00
      outer loop
         vertex 3.092013e+00 5.500000e+00 4.700000e+00
         vertex 3.092013e+00 4.312500e+00 5.412500e+00
         vertex 3.092013e+00 6.500000e+00 5.412500e+00
      endloop
   endfacet
   facet normal -1.000000e+00 0.000000e+00 0.000000e+00
      outer loop
         vertex 3.092013e+00 5.500000e+00 4.700000e+00
         vertex 3.092013e+00 6.500000e+00 5.412500e+00
         vertex 3.092013e+00 5.500000e+00 3.300000e+00
      endloop
   endfacet
   facet normal -1.000000e+00 0.000000e+00 0.000000e+00
      outer loop
         vertex 3.092013e+00 5.500000e+00 3.300000e+00
         vertex 3.092013e+00 6.500000e+00 5.412500e+00
         vertex 3.092013e+00 6.500000e+00 0.000000e+00
      endloop
   endfacet
   facet normal -1.000000e+00 0.000000e+00 0.000000e+00
      outer loop
         vertex 3.092013e+00 5.500000e+00 3.300000e+00
         vertex 3.092013e+00 6.500000e+00 0.000000e+00
         vertex 3.092013e+00 5.797227e+00 3.810320e-02
      endloop
   endfacet
   facet normal -1.000000e+00 0.000000e+00 0.000000e+00
      outer loop
         vertex 3.092013e+00 4.869303e+00 6.565118e+00
         vertex 3.092013e+00 4.852385e+00 6.628258e+00
         vertex 3.092013e+00 6.500000e+00 7.587500e+00
      endloop
   endfacet
   facet normal -1.000000e+00 0.000000e+00 0.000000e+00
      outer loop
         vertex 3.092013e+00 6.500000e+00 7.587500e+00
         vertex 3.092013e+00 4.852385e+00 6.628258e+00
         vertex 3.092013e+00 4.824760e+00 6.687500e+00
      endloop
   endfacet
   facet normal -1.000000e+00 0.000000e+00 0.000000e+00
      outer loop
         vertex 3.092013e+00 6.500000e+00 7.587500e+00
         vertex 3.092013e+00 4.824760e+00 6.687500e+00
         vertex 3.092013e+00 4.787267e+00 6.741045e+00
      endloop
   endfacet
   facet normal -1.000000e+00 0.000000e+00 0.000000e+00
      outer loop
         vertex 3.092013e+00 4.852385e+00 6.371743e+00
         vertex 3.092013e+00 4.869303e+00 6.434882e+00
         vertex 3.092013e+00 6.500000e+00 5.412500e+00
      endloop
   endfacet
   facet normal -1.000000e+00 0.000000e+00 0.000000e+00
      outer loop
         vertex 3.092013e+00 6.500000e+00 5.412500e+00
         vertex 3.092013e+00 4.869303e+00 6.434882e+00
         vertex 3.092013e+00 4.875000e+00 6.500000e+00
      endloop
   endfacet
   facet normal -1.000000e+00 0.000000e+00 0.000000e+00
      outer loop
         vertex 3.092013e+00 4.787267e+00 6.741045e+00
         vertex 3.092013e+00 4.741046e+00 6.787267e+00
         vertex 3.092013e+00 6.500000e+00 7.587500e+00
      endloop
   endfacet
   facet normal -1.000000e+00 0.000000e+00 0.000000e+00
      outer loop
         vertex 3.092013e+00 6.500000e+00 7.587500e+00
         vertex 3.092013e+00 4.741046e+00 6.787267e+00
         vertex 3.092013e+00 4.687500e+00 6.824760e+00
      endloop
   endfacet
   facet normal -1.000000e+00 -0.000000e+00 0.000000e+00
      outer loop
         vertex 3.092013e+00 6.500000e+00 7.587500e+00
         vertex 3.092013e+00 4.687500e+00 6.824760e+00
         vertex 3.092013e+00 4.312500e+00 7.587500e+00
      endloop
   endfacet
   facet normal -1.000000e+00 0.000000e+00 0.000000e+00
      outer loop
         vertex 3.092013e+00 4.312500e+00 7.587500e+00
         vertex 3.092013e+00 4.687500e+00 6.824760e+00
         vertex 3.092013e+00 4.628258e+00 6.852385e+00
      endloop
   endfacet
   facet normal -1.000000e+00 0.000000e+00 0.000000e+00
      outer loop
         vertex 3.092013e+00 4.312500e+00 7.587500e+00
         vertex 3.092013e+00 4.628258e+00 6.852385e+00
         vertex 3.092013e+00 4.565118e+00 6.869303e+00
      endloop
   endfacet
   facet normal -1.000000e+00 0.000000e+00 0.000000e+00
      outer loop
         vertex 3.092013e+00 4.312500e+00 6.175241e+00
         vertex 3.092013e+00 4.371742e+00 6.147615e+00
         vertex 3.092013e+00 4.312500e+00 5.412500e+00
      endloop
   endfacet
   facet normal -1.000000e+00 0.000000e+00 0.000000e+00
      outer loop
         vertex 3.092013e+00 4.312500e+00 5.412500e+00
         vertex 3.092013e+00 4.371742e+00 6.147615e+00
         vertex 3.092013e+00 4.434882e+00 6.130697e+00
      endloop
   endfacet
   facet normal -1.000000e+00 0.000000e+00 0.000000e+00
      outer loop
         vertex 3.092013e+00 4.312500e+00 5.412500e+00
         vertex 3.092013e+00 4.434882e+00 6.130697e+00
         vertex 3.092013e+00 4.500000e+00 6.125000e+00
      endloop
   endfacet
   facet normal -1.000000e+00 0.000000e+00 0.000000e+00
      outer loop
         vertex 3.092013e+00 4.565118e+00 6.869303e+00
         vertex 3.092013e+00 4.500000e+00 6.875000e+00
         vertex 3.092013e+00 4.312500e+00 7.587500e+00
      endloop
   endfacet
   facet normal -1.000000e+00 0.000000e+00 0.000000e+00
      outer loop
         vertex 3.092013e+00 4.312500e+00 7.587500e+00
         vertex 3.092013e+00 4.500000e+00 6.875000e+00
         vertex 3.092013e+00 4.434882e+00 6.869303e+00
      endloop
   endfacet
   facet normal -1.000000e+00 0.000000e+00 0.000000e+00
      outer loop
         vertex 3.092013e+00 4.312500e+00 7.587500e+00
         vertex 3.092013e+00 4.434882e+00 6.869303e+00
         vertex 3.092013e+00 4.371742e+00 6.852385e+00
      endloop
   endfacet
   facet normal -1.000000e+00 0.000000e+00 0.000000e+00
      outer loop
         vertex 3.092013e+00 4.741046e+00 6.212733e+00
         vertex 3.092013e+00 4.787267e+00 6.258955e+00
         vertex 3.092013e+00 6.500000e+00 5.412500e+00
      endloop
   endfacet
   facet normal -1.000000e+00 0.000000e+00 0.000000e+00
      outer loop
         vertex 3.092013e+00 6.500000e+00 5.412500e+00
         vertex 3.092013e+00 4.787267e+00 6.258955e+00
         vertex 3.092013e+00 4.824760e+00 6.312500e+00
      endloop
   endfacet
   facet normal -1.000000e+00 0.000000e+00 0.000000e+00
      outer loop
         vertex 3.092013e+00 6.500000e+00 5.412500e+00
         vertex 3.092013e+00 4.824760e+00 6.312500e+00
         vertex 3.092013e+00 4.852385e+00 6.371743e+00
      endloop
   endfacet
   facet normal -1.000000e+00 0.000000e+00 -0.000000e+00
      outer loop
         vertex 3.092013e+00 4.500000e+00 6.125000e+00
         vertex 3.092013e+00 4.565118e+00 6.130697e+00
         vertex 3.092013e+00 4.312500e+00 5.412500e+00
      endloop
   endfacet
   facet normal -1.000000e+00 0.000000e+00 0.000000e+00
      outer loop
         vertex 3.092013e+00 4.312500e+00 5.412500e+00
         vertex 3.092013e+00 4.565118e+00 6.130697e+00
         vertex 3.092013e+00 4.628258e+00 6.147615e+00
      endloop
   endfacet
   facet normal -1.000000e+00 0.000000e+00 0.000000e+00
      outer loop
         vertex 3.092013e+00 4.312500e+00 5.412500e+00
         vertex 3.092013e+00 4.628258e+00 6.147615e+00
         vertex 3.092013e+00 6.500000e+00 5.412500e+00
      endloop
   endfacet
   facet normal -1.000000e+00 0.000000e+00 0.000000e+00
      outer loop
         vertex 3.092013e+00 6.500000e+00 5.412500e+00
         vertex 3.092013e+00 4.628258e+00 6.147615e+00
         vertex 3.092013e+00 4.687500e+00 6.175241e+00
      endloop
   endfacet
   facet normal -1.000000e+00 0.000000e+00 0.000000e+00
      outer loop
         vertex 3.092013e+00 6.500000e+00 5.412500e+00
         vertex 3.092013e+00 4.687500e+00 6.175241e+00
         vertex 3.092013e+00 4.741046e+00 6.212733e+00
      endloop
   endfacet
   facet normal -1.000000e+00 0.000000e+00 0.000000e+00
      outer loop
         vertex 3.092013e+00 3.770721e+00 6.007599e-01
         vertex 3.092013e+00 3.750000e+00 5.412500e+00
         vertex 3.092013e+00 4.312500e+00 5.412500e+00
      endloop
   endfacet
   facet normal -1.000000e+00 0.000000e+00 0.000000e+00
      outer loop
         vertex 3.092013e+00 4.312500e+00 5.412500e+00
         vertex 3.092013e+00 3.750000e+00 5.412500e+00
         vertex 3.092013e+00 4.258955e+00 6.212733e+00
      endloop
   endfacet
   facet normal -1.000000e+00 0.000000e+00 0.000000e+00
      outer loop
         vertex 3.092013e+00 4.312500e+00 5.412500e+00
         vertex 3.092013e+00 4.258955e+00 6.212733e+00
         vertex 3.092013e+00 4.312500e+00 6.175241e+00
      endloop
   endfacet
   facet normal -1.000000e+00 -0.000000e+00 0.000000e+00
      outer loop
         vertex 3.092013e+00 4.312500e+00 6.824760e+00
         vertex 3.092013e+00 4.258955e+00 6.787267e+00
         vertex 3.092013e+00 3.750000e+00 7.587500e+00
      endloop
   endfacet
   facet normal -1.000000e+00 -0.000000e+00 0.000000e+00
      outer loop
         vertex 3.092013e+00 4.258955e+00 6.787267e+00
         vertex 3.092013e+00 4.212733e+00 6.741045e+00
         vertex 3.092013e+00 3.750000e+00 7.587500e+00
      endloop
   endfacet
   facet normal -1.000000e+00 0.000000e+00 0.000000e+00
      outer loop
         vertex 3.092013e+00 3.750000e+00 7.587500e+00
         vertex 3.092013e+00 4.212733e+00 6.741045e+00
         vertex 3.092013e+00 4.175241e+00 6.687500e+00
      endloop
   endfacet
   facet normal -1.000000e+00 0.000000e+00 0.000000e+00
      outer loop
         vertex 3.092013e+00 3.750000e+00 7.587500e+00
         vertex 3.092013e+00 4.175241e+00 6.687500e+00
         vertex 3.092013e+00 4.147616e+00 6.628258e+00
      endloop
   endfacet
   facet normal -1.000000e+00 0.000000e+00 -0.000000e+00
      outer loop
         vertex 3.092013e+00 4.147616e+00 6.371743e+00
         vertex 3.092013e+00 4.175241e+00 6.312500e+00
         vertex 3.092013e+00 3.750000e+00 5.412500e+00
      endloop
   endfacet
   facet normal -1.000000e+00 0.000000e+00 0.000000e+00
      outer loop
         vertex 3.092013e+00 3.750000e+00 5.412500e+00
         vertex 3.092013e+00 4.175241e+00 6.312500e+00
         vertex 3.092013e+00 4.212733e+00 6.258955e+00
      endloop
   endfacet
   facet normal -1.000000e+00 0.000000e+00 0.000000e+00
      outer loop
         vertex 3.092013e+00 3.750000e+00 5.412500e+00
         vertex 3.092013e+00 4.212733e+00 6.258955e+00
         vertex 3.092013e+00 4.258955e+00 6.212733e+00
      endloop
   endfacet
   facet normal -1.000000e+00 -0.000000e+00 0.000000e+00
      outer loop
         vertex 3.092013e+00 4.147616e+00 6.628258e+00
         vertex 3.092013e+00 4.130697e+00 6.565118e+00
         vertex 3.092013e+00 3.750000e+00 7.587500e+00
      endloop
   endfacet
   facet normal -1.000000e+00 0.000000e+00 0.000000e+00
      outer loop
         vertex 3.092013e+00 3.750000e+00 7.587500e+00
         vertex 3.092013e+00 4.130697e+00 6.565118e+00
         vertex 3.092013e+00 4.125000e+00 6.500000e+00
      endloop
   endfacet
   facet normal -1.000000e+00 0.000000e+00 0.000000e+00
      outer loop
         vertex 3.092013e+00 3.750000e+00 7.587500e+00
         vertex 3.092013e+00 4.125000e+00 6.500000e+00
         vertex 3.092013e+00 3.750000e+00 5.412500e+00
      endloop
   endfacet
   facet normal -1.000000e+00 0.000000e+00 0.000000e+00
      outer loop
         vertex 3.092013e+00 3.750000e+00 5.412500e+00
         vertex 3.092013e+00 4.125000e+00 6.500000e+00
         vertex 3.092013e+00 4.130697e+00 6.434882e+00
      endloop
   endfacet
   facet normal -1.000000e+00 0.000000e+00 0.000000e+00
      outer loop
         vertex 3.092013e+00 3.750000e+00 5.412500e+00
         vertex 3.092013e+00 4.130697e+00 6.434882e+00
         vertex 3.092013e+00 4.147616e+00 6.371743e+00
      endloop
   endfacet
   facet normal -1.000000e+00 -0.000000e+00 0.000000e+00
      outer loop
         vertex 3.092013e+00 8.130697e+00 6.565118e+00
         vertex 3.092013e+00 8.125000e+00 6.500000e+00
         vertex 3.092013e+00 7.812500e+00 7.587500e+00
      endloop
   endfacet
   facet normal -1.000000e+00 -0.000000e+00 0.000000e+00
      outer loop
         vertex 3.092013e+00 8.312500e+00 6.824760e+00
         vertex 3.092013e+00 8.258955e+00 6.787267e+00
         vertex 3.092013e+00 7.812500e+00 7.587500e+00
      endloop
   endfacet
   facet normal -1.000000e+00 0.000000e+00 0.000000e+00
      outer loop
         vertex 3.092013e+00 7.812500e+00 7.587500e+00
         vertex 3.092013e+00 8.258955e+00 6.787267e+00
         vertex 3.092013e+00 8.212733e+00 6.741045e+00
      endloop
   endfacet
   facet normal -1.000000e+00 0.000000e+00 -0.000000e+00
      outer loop
         vertex 3.092013e+00 8.125000e+00 6.500000e+00
         vertex 3.092013e+00 8.130697e+00 6.434882e+00
         vertex 3.092013e+00 7.812500e+00 5.412500e+00
      endloop
   endfacet
   facet normal -1.000000e+00 0.000000e+00 0.000000e+00
      outer loop
         vertex 3.092013e+00 7.812500e+00 5.412500e+00
         vertex 3.092013e+00 8.130697e+00 6.434882e+00
         vertex 3.092013e+00 8.147615e+00 6.371743e+00
      endloop
   endfacet
   facet normal -1.000000e+00 -0.000000e+00 0.000000e+00
      outer loop
         vertex 3.092013e+00 8.212733e+00 6.741045e+00
         vertex 3.092013e+00 8.175241e+00 6.687500e+00
         vertex 3.092013e+00 7.812500e+00 7.587500e+00
      endloop
   endfacet
   facet normal -1.000000e+00 0.000000e+00 0.000000e+00
      outer loop
         vertex 3.092013e+00 7.812500e+00 7.587500e+00
         vertex 3.092013e+00 8.175241e+00 6.687500e+00
         vertex 3.092013e+00 8.147615e+00 6.628258e+00
      endloop
   endfacet
   facet normal -1.000000e+00 0.000000e+00 0.000000e+00
      outer loop
         vertex 3.092013e+00 7.812500e+00 7.587500e+00
         vertex 3.092013e+00 8.147615e+00 6.628258e+00
         vertex 3.092013e+00 8.130697e+00 6.565118e+00
      endloop
   endfacet
   facet normal -1.000000e+00 0.000000e+00 -0.000000e+00
      outer loop
         vertex 3.092013e+00 8.147615e+00 6.371743e+00
         vertex 3.092013e+00 8.175241e+00 6.312500e+00
         vertex 3.092013e+00 7.812500e+00 5.412500e+00
      endloop
   endfacet
   facet normal -1.000000e+00 0.000000e+00 0.000000e+00
      outer loop
         vertex 3.092013e+00 7.812500e+00 5.412500e+00
         vertex 3.092013e+00 8.175241e+00 6.312500e+00
         vertex 3.092013e+00 8.212733e+00 6.258955e+00
      endloop
   endfacet
   facet normal -1.000000e+00 0.000000e+00 0.000000e+00
      outer loop
         vertex 3.092013e+00 7.812500e+00 5.412500e+00
         vertex 3.092013e+00 8.212733e+00 6.258955e+00
         vertex 3.092013e+00 8.258955e+00 6.212733e+00
      endloop
   endfacet
   facet normal -1.000000e+00 0.000000e+00 0.000000e+00
      outer loop
         vertex 3.092013e+00 8.687500e+00 7.587500e+00
         vertex 3.092013e+00 8.628258e+00 6.852385e+00
         vertex 3.092013e+00 8.565118e+00 6.869303e+00
      endloop
   endfacet
   facet normal -1.000000e+00 0.000000e+00 0.000000e+00
      outer loop
         vertex 3.092013e+00 8.565118e+00 6.869303e+00
         vertex 3.092013e+00 8.500000e+00 6.875000e+00
         vertex 3.092013e+00 8.687500e+00 7.587500e+00
      endloop
   endfacet
   facet normal -1.000000e+00 0.000000e+00 0.000000e+00
      outer loop
         vertex 3.092013e+00 8.687500e+00 7.587500e+00
         vertex 3.092013e+00 8.500000e+00 6.875000e+00
         vertex 3.092013e+00 8.434882e+00 6.869303e+00
      endloop
   endfacet
   facet normal -1.000000e+00 -0.000000e+00 0.000000e+00
      outer loop
         vertex 3.092013e+00 8.687500e+00 7.587500e+00
         vertex 3.092013e+00 8.434882e+00 6.869303e+00
         vertex 3.092013e+00 7.812500e+00 7.587500e+00
      endloop
   endfacet
   facet normal -1.000000e+00 0.000000e+00 0.000000e+00
      outer loop
         vertex 3.092013e+00 7.812500e+00 7.587500e+00
         vertex 3.092013e+00 8.434882e+00 6.869303e+00
         vertex 3.092013e+00 8.371743e+00 6.852385e+00
      endloop
   endfacet
   facet normal -1.000000e+00 0.000000e+00 0.000000e+00
      outer loop
         vertex 3.092013e+00 7.812500e+00 7.587500e+00
         vertex 3.092013e+00 8.371743e+00 6.852385e+00
         vertex 3.092013e+00 8.312500e+00 6.824760e+00
      endloop
   endfacet
   facet normal -1.000000e+00 0.000000e+00 -0.000000e+00
      outer loop
         vertex 3.092013e+00 8.258955e+00 6.212733e+00
         vertex 3.092013e+00 8.312500e+00 6.175241e+00
         vertex 3.092013e+00 7.812500e+00 5.412500e+00
      endloop
   endfacet
   facet normal -1.000000e+00 0.000000e+00 0.000000e+00
      outer loop
         vertex 3.092013e+00 7.812500e+00 5.412500e+00
         vertex 3.092013e+00 8.312500e+00 6.175241e+00
         vertex 3.092013e+00 8.371743e+00 6.147615e+00
      endloop
   endfacet
   facet normal -1.000000e+00 0.000000e+00 0.000000e+00
      outer loop
         vertex 3.092013e+00 7.812500e+00 5.412500e+00
         vertex 3.092013e+00 8.371743e+00 6.147615e+00
         vertex 3.092013e+00 8.687500e+00 5.412500e+00
      endloop
   endfacet
   facet normal -1.000000e+00 0.000000e+00 0.000000e+00
      outer loop
         vertex 3.092013e+00 8.687500e+00 5.412500e+00
         vertex 3.092013e+00 8.371743e+00 6.147615e+00
         vertex 3.092013e+00 8.434882e+00 6.130697e+00
      endloop
   endfacet
   facet normal -1.000000e+00 0.000000e+00 0.000000e+00
      outer loop
         vertex 3.092013e+00 8.687500e+00 5.412500e+00
         vertex 3.092013e+00 8.434882e+00 6.130697e+00
         vertex 3.092013e+00 8.500000e+00 6.125000e+00
      endloop
   endfacet
   facet normal -1.000000e+00 0.000000e+00 0.000000e+00
      outer loop
         vertex 3.092013e+00 8.500000e+00 6.125000e+00
         vertex 3.092013e+00 8.565118e+00 6.130697e+00
         vertex 3.092013e+00 8.687500e+00 5.412500e+00
      endloop
   endfacet
   facet normal -1.000000e+00 0.000000e+00 0.000000e+00
      outer loop
         vertex 3.092013e+00 8.687500e+00 5.412500e+00
         vertex 3.092013e+00 8.565118e+00 6.130697e+00
         vertex 3.092013e+00 8.628258e+00 6.147615e+00
      endloop
   endfacet
   facet normal -1.000000e+00 0.000000e+00 0.000000e+00
      outer loop
         vertex 3.092013e+00 8.687500e+00 5.412500e+00
         vertex 3.092013e+00 8.628258e+00 6.147615e+00
         vertex 3.092013e+00 8.687500e+00 6.175241e+00
      endloop
   endfacet
   facet normal -1.000000e+00 -0.000000e+00 0.000000e+00
      outer loop
         vertex 3.092013e+00 9.250000e+00 7.587500e+00
         vertex 3.092013e+00 8.741046e+00 6.787267e+00
         vertex 3.092013e+00 8.687500e+00 7.587500e+00
      endloop
   endfacet
   facet normal -1.000000e+00 0.000000e+00 0.000000e+00
      outer loop
         vertex 3.092013e+00 8.687500e+00 7.587500e+00
         vertex 3.092013e+00 8.741046e+00 6.787267e+00
         vertex 3.092013e+00 8.687500e+00 6.824760e+00
      endloop
   endfacet
   facet normal -1.000000e+00 0.000000e+00 -0.000000e+00
      outer loop
         vertex 3.092013e+00 8.687500e+00 7.587500e+00
         vertex 3.092013e+00 8.687500e+00 6.824760e+00
         vertex 3.092013e+00 8.628258e+00 6.852385e+00
      endloop
   endfacet
   facet normal -1.000000e+00 0.000000e+00 0.000000e+00
      outer loop
         vertex 3.092013e+00 7.812500e+00 3.300000e+00
         vertex 3.092013e+00 8.500000e+00 3.300000e+00
         vertex 3.092013e+00 8.575460e+00 3.402545e-01
      endloop
   endfacet
   facet normal -1.000000e+00 0.000000e+00 0.000000e+00
      outer loop
         vertex 3.092013e+00 8.575460e+00 3.402545e-01
         vertex 3.092013e+00 8.500000e+00 3.300000e+00
         vertex 3.092013e+00 8.687500e+00 5.412500e+00
      endloop
   endfacet
   facet normal -1.000000e+00 0.000000e+00 0.000000e+00
      outer loop
         vertex 3.092013e+00 8.575460e+00 3.402545e-01
         vertex 3.092013e+00 8.687500e+00 5.412500e+00
         vertex 3.092013e+00 9.250000e+00 5.412500e+00
      endloop
   endfacet
   facet normal -1.000000e+00 0.000000e+00 0.000000e+00
      outer loop
         vertex 3.092013e+00 9.250000e+00 5.412500e+00
         vertex 3.092013e+00 8.687500e+00 5.412500e+00
         vertex 3.092013e+00 8.687500e+00 6.175241e+00
      endloop
   endfacet
   facet normal -1.000000e+00 0.000000e+00 0.000000e+00
      outer loop
         vertex 3.092013e+00 9.250000e+00 5.412500e+00
         vertex 3.092013e+00 8.687500e+00 6.175241e+00
         vertex 3.092013e+00 8.741046e+00 6.212733e+00
      endloop
   endfacet
   facet normal -1.000000e+00 0.000000e+00 0.000000e+00
      outer loop
         vertex 3.092013e+00 8.852385e+00 6.628258e+00
         vertex 3.092013e+00 8.824760e+00 6.687500e+00
         vertex 3.092013e+00 9.250000e+00 7.587500e+00
      endloop
   endfacet
   facet normal -1.000000e+00 0.000000e+00 0.000000e+00
      outer loop
         vertex 3.092013e+00 9.250000e+00 7.587500e+00
         vertex 3.092013e+00 8.824760e+00 6.687500e+00
         vertex 3.092013e+00 8.787267e+00 6.741045e+00
      endloop
   endfacet
   facet normal -1.000000e+00 0.000000e+00 0.000000e+00
      outer loop
         vertex 3.092013e+00 9.250000e+00 7.587500e+00
         vertex 3.092013e+00 8.787267e+00 6.741045e+00
         vertex 3.092013e+00 8.741046e+00 6.787267e+00
      endloop
   endfacet
   facet normal -1.000000e+00 0.000000e+00 0.000000e+00
      outer loop
         vertex 3.092013e+00 8.741046e+00 6.212733e+00
         vertex 3.092013e+00 8.787267e+00 6.258955e+00
         vertex 3.092013e+00 9.250000e+00 5.412500e+00
      endloop
   endfacet
   facet normal -1.000000e+00 0.000000e+00 0.000000e+00
      outer loop
         vertex 3.092013e+00 9.250000e+00 5.412500e+00
         vertex 3.092013e+00 8.787267e+00 6.258955e+00
         vertex 3.092013e+00 8.824760e+00 6.312500e+00
      endloop
   endfacet
   facet normal -1.000000e+00 0.000000e+00 0.000000e+00
      outer loop
         vertex 3.092013e+00 9.250000e+00 5.412500e+00
         vertex 3.092013e+00 8.824760e+00 6.312500e+00
         vertex 3.092013e+00 8.852385e+00 6.371743e+00
      endloop
   endfacet
   facet normal -1.000000e+00 0.000000e+00 0.000000e+00
      outer loop
         vertex 3.092013e+00 8.852385e+00 6.371743e+00
         vertex 3.092013e+00 8.869303e+00 6.434882e+00
         vertex 3.092013e+00 9.250000e+00 5.412500e+00
      endloop
   endfacet
   facet normal -1.000000e+00 0.000000e+00 0.000000e+00
      outer loop
         vertex 3.092013e+00 9.250000e+00 5.412500e+00
         vertex 3.092013e+00 8.869303e+00 6.434882e+00
         vertex 3.092013e+00 8.875000e+00 6.500000e+00
      endloop
   endfacet
   facet normal -1.000000e+00 0.000000e+00 0.000000e+00
      outer loop
         vertex 3.092013e+00 9.250000e+00 5.412500e+00
         vertex 3.092013e+00 8.875000e+00 6.500000e+00
         vertex 3.092013e+00 9.250000e+00 7.587500e+00
      endloop
   endfacet
   facet normal -1.000000e+00 0.000000e+00 0.000000e+00
      outer loop
         vertex 3.092013e+00 9.250000e+00 7.587500e+00
         vertex 3.092013e+00 8.875000e+00 6.500000e+00
         vertex 3.092013e+00 8.869303e+00 6.565118e+00
      endloop
   endfacet
   facet normal -1.000000e+00 0.000000e+00 0.000000e+00
      outer loop
         vertex 3.092013e+00 9.250000e+00 7.587500e+00
         vertex 3.092013e+00 8.869303e+00 6.565118e+00
         vertex 3.092013e+00 8.852385e+00 6.628258e+00
      endloop
   endfacet
   facet normal -1.000000e+00 0.000000e+00 0.000000e+00
      outer loop
         vertex 3.092013e+00 1.500000e+00 6.875000e+00
         vertex 3.092013e+00 5.625002e-01 7.587500e+00
         vertex 3.092013e+00 2.250000e+00 7.587500e+00
      endloop
   endfacet
   facet normal -1.000000e+00 0.000000e+00 0.000000e+00
      outer loop
         vertex 3.092013e+00 2.250000e+00 7.587500e+00
         vertex 3.092013e+00 5.625002e-01 7.587500e+00
         vertex 3.092013e+00 4.616515e-01 8.905898e+00
      endloop
   endfacet
   facet normal -1.000000e+00 0.000000e+00 0.000000e+00
      outer loop
         vertex 3.092013e+00 2.250000e+00 7.587500e+00
         vertex 3.092013e+00 4.616515e-01 8.905898e+00
         vertex 3.092013e+00 7.571718e-01 9.544655e+00
      endloop
   endfacet
   facet normal -1.000000e+00 -0.000000e+00 0.000000e+00
      outer loop
         vertex 3.092013e+00 1.175241e+00 6.312500e+00
         vertex 3.092013e+00 5.625002e-01 5.412500e+00
         vertex 3.092013e+00 1.147615e+00 6.371743e+00
      endloop
   endfacet
   facet normal -1.000000e+00 -0.000000e+00 0.000000e+00
      outer loop
         vertex 3.092013e+00 1.147615e+00 6.371743e+00
         vertex 3.092013e+00 5.625002e-01 5.412500e+00
         vertex 3.092013e+00 1.130697e+00 6.434882e+00
      endloop
   endfacet
   facet normal -1.000000e+00 -0.000000e+00 0.000000e+00
      outer loop
         vertex 3.092013e+00 1.500000e+00 6.875000e+00
         vertex 3.092013e+00 1.434882e+00 6.869303e+00
         vertex 3.092013e+00 5.625002e-01 7.587500e+00
      endloop
   endfacet
   facet normal -1.000000e+00 0.000000e+00 0.000000e+00
      outer loop
         vertex 3.092013e+00 5.625002e-01 7.587500e+00
         vertex 3.092013e+00 1.434882e+00 6.869303e+00
         vertex 3.092013e+00 1.371743e+00 6.852385e+00
      endloop
   endfacet
   facet normal -1.000000e+00 0.000000e+00 0.000000e+00
      outer loop
         vertex 3.092013e+00 5.625002e-01 7.587500e+00
         vertex 3.092013e+00 1.371743e+00 6.852385e+00
         vertex 3.092013e+00 1.312500e+00 6.824760e+00
      endloop
   endfacet
   facet normal -1.000000e+00 0.000000e+00 -0.000000e+00
      outer loop
         vertex 3.092013e+00 1.175241e+00 6.312500e+00
         vertex 3.092013e+00 1.212733e+00 6.258955e+00
         vertex 3.092013e+00 5.625002e-01 5.412500e+00
      endloop
   endfacet
   facet normal -1.000000e+00 0.000000e+00 0.000000e+00
      outer loop
         vertex 3.092013e+00 5.625002e-01 5.412500e+00
         vertex 3.092013e+00 1.212733e+00 6.258955e+00
         vertex 3.092013e+00 1.258955e+00 6.212733e+00
      endloop
   endfacet
   facet normal -1.000000e+00 0.000000e+00 0.000000e+00
      outer loop
         vertex 3.092013e+00 5.625002e-01 5.412500e+00
         vertex 3.092013e+00 1.258955e+00 6.212733e+00
         vertex 3.092013e+00 1.312500e+00 6.175241e+00
      endloop
   endfacet
   facet normal -1.000000e+00 0.000000e+00 0.000000e+00
      outer loop
         vertex 3.092013e+00 1.875000e+00 6.500000e+00
         vertex 3.092013e+00 1.869303e+00 6.565118e+00
         vertex 3.092013e+00 2.250000e+00 7.587500e+00
      endloop
   endfacet
   facet normal -1.000000e+00 0.000000e+00 0.000000e+00
      outer loop
         vertex 3.092013e+00 2.250000e+00 7.587500e+00
         vertex 3.092013e+00 1.869303e+00 6.565118e+00
         vertex 3.092013e+00 1.852385e+00 6.628258e+00
      endloop
   endfacet
   facet normal -1.000000e+00 0.000000e+00 0.000000e+00
      outer loop
         vertex 3.092013e+00 2.250000e+00 7.587500e+00
         vertex 3.092013e+00 1.852385e+00 6.628258e+00
         vertex 3.092013e+00 1.824760e+00 6.687500e+00
      endloop
   endfacet
   facet normal -1.000000e+00 0.000000e+00 0.000000e+00
      outer loop
         vertex 3.092013e+00 2.250000e+00 5.412500e+00
         vertex 3.092013e+00 1.852385e+00 6.371743e+00
         vertex 3.092013e+00 1.869303e+00 6.434882e+00
      endloop
   endfacet
   facet normal -1.000000e+00 0.000000e+00 0.000000e+00
      outer loop
         vertex 3.092013e+00 1.824760e+00 6.687500e+00
         vertex 3.092013e+00 1.787267e+00 6.741045e+00
         vertex 3.092013e+00 2.250000e+00 7.587500e+00
      endloop
   endfacet
   facet normal -1.000000e+00 0.000000e+00 0.000000e+00
      outer loop
         vertex 3.092013e+00 2.250000e+00 7.587500e+00
         vertex 3.092013e+00 1.787267e+00 6.741045e+00
         vertex 3.092013e+00 1.741046e+00 6.787267e+00
      endloop
   endfacet
   facet normal -1.000000e+00 0.000000e+00 0.000000e+00
      outer loop
         vertex 3.092013e+00 2.250000e+00 7.587500e+00
         vertex 3.092013e+00 1.741046e+00 6.787267e+00
         vertex 3.092013e+00 1.687500e+00 6.824760e+00
      endloop
   endfacet
   facet normal -1.000000e+00 0.000000e+00 0.000000e+00
      outer loop
         vertex 3.092013e+00 1.687500e+00 6.824760e+00
         vertex 3.092013e+00 1.628258e+00 6.852385e+00
         vertex 3.092013e+00 2.250000e+00 7.587500e+00
      endloop
   endfacet
   facet normal -1.000000e+00 0.000000e+00 0.000000e+00
      outer loop
         vertex 3.092013e+00 2.250000e+00 7.587500e+00
         vertex 3.092013e+00 1.628258e+00 6.852385e+00
         vertex 3.092013e+00 1.565118e+00 6.869303e+00
      endloop
   endfacet
   facet normal -1.000000e+00 0.000000e+00 0.000000e+00
      outer loop
         vertex 3.092013e+00 2.250000e+00 7.587500e+00
         vertex 3.092013e+00 1.565118e+00 6.869303e+00
         vertex 3.092013e+00 1.500000e+00 6.875000e+00
      endloop
   endfacet
   facet normal -1.000000e+00 -0.000000e+00 0.000000e+00
      outer loop
         vertex 3.092013e+00 1.312500e+00 6.824760e+00
         vertex 3.092013e+00 1.258955e+00 6.787267e+00
         vertex 3.092013e+00 5.625002e-01 7.587500e+00
      endloop
   endfacet
   facet normal -1.000000e+00 0.000000e+00 0.000000e+00
      outer loop
         vertex 3.092013e+00 5.625002e-01 7.587500e+00
         vertex 3.092013e+00 1.258955e+00 6.787267e+00
         vertex 3.092013e+00 1.212733e+00 6.741045e+00
      endloop
   endfacet
   facet normal -1.000000e+00 0.000000e+00 0.000000e+00
      outer loop
         vertex 3.092013e+00 5.625002e-01 7.587500e+00
         vertex 3.092013e+00 1.212733e+00 6.741045e+00
         vertex 3.092013e+00 1.175241e+00 6.687500e+00
      endloop
   endfacet
   facet normal -1.000000e+00 -0.000000e+00 0.000000e+00
      outer loop
         vertex 3.092013e+00 1.175241e+00 6.687500e+00
         vertex 3.092013e+00 1.147615e+00 6.628258e+00
         vertex 3.092013e+00 5.625002e-01 7.587500e+00
      endloop
   endfacet
   facet normal -1.000000e+00 0.000000e+00 0.000000e+00
      outer loop
         vertex 3.092013e+00 5.625002e-01 7.587500e+00
         vertex 3.092013e+00 1.147615e+00 6.628258e+00
         vertex 3.092013e+00 1.130697e+00 6.565118e+00
      endloop
   endfacet
   facet normal -1.000000e+00 0.000000e+00 0.000000e+00
      outer loop
         vertex 3.092013e+00 5.625002e-01 7.587500e+00
         vertex 3.092013e+00 1.130697e+00 6.565118e+00
         vertex 3.092013e+00 5.625002e-01 5.412500e+00
      endloop
   endfacet
   facet normal -1.000000e+00 0.000000e+00 0.000000e+00
      outer loop
         vertex 3.092013e+00 5.625002e-01 5.412500e+00
         vertex 3.092013e+00 1.130697e+00 6.565118e+00
         vertex 3.092013e+00 1.125000e+00 6.500000e+00
      endloop
   endfacet
   facet normal -1.000000e+00 0.000000e+00 0.000000e+00
      outer loop
         vertex 3.092013e+00 5.625002e-01 5.412500e+00
         vertex 3.092013e+00 1.125000e+00 6.500000e+00
         vertex 3.092013e+00 1.130697e+00 6.434882e+00
      endloop
   endfacet
   facet normal -1.000000e+00 0.000000e+00 0.000000e+00
      outer loop
         vertex 3.092013e+00 1.741046e+00 6.212733e+00
         vertex 3.092013e+00 1.787267e+00 6.258955e+00
         vertex 3.092013e+00 2.250000e+00 5.412500e+00
      endloop
   endfacet
   facet normal -1.000000e+00 0.000000e+00 0.000000e+00
      outer loop
         vertex 3.092013e+00 2.250000e+00 5.412500e+00
         vertex 3.092013e+00 1.787267e+00 6.258955e+00
         vertex 3.092013e+00 1.824760e+00 6.312500e+00
      endloop
   endfacet
   facet normal -1.000000e+00 0.000000e+00 0.000000e+00
      outer loop
         vertex 3.092013e+00 2.250000e+00 5.412500e+00
         vertex 3.092013e+00 1.824760e+00 6.312500e+00
         vertex 3.092013e+00 1.852385e+00 6.371743e+00
      endloop
   endfacet
   facet normal -1.000000e+00 0.000000e+00 -0.000000e+00
      outer loop
         vertex 3.092013e+00 1.312500e+00 6.175241e+00
         vertex 3.092013e+00 1.371743e+00 6.147615e+00
         vertex 3.092013e+00 5.625002e-01 5.412500e+00
      endloop
   endfacet
   facet normal -1.000000e+00 0.000000e+00 0.000000e+00
      outer loop
         vertex 3.092013e+00 5.625002e-01 5.412500e+00
         vertex 3.092013e+00 1.371743e+00 6.147615e+00
         vertex 3.092013e+00 1.434882e+00 6.130697e+00
      endloop
   endfacet
   facet normal -1.000000e+00 0.000000e+00 0.000000e+00
      outer loop
         vertex 3.092013e+00 5.625002e-01 5.412500e+00
         vertex 3.092013e+00 1.434882e+00 6.130697e+00
         vertex 3.092013e+00 2.250000e+00 5.412500e+00
      endloop
   endfacet
   facet normal -1.000000e+00 0.000000e+00 0.000000e+00
      outer loop
         vertex 3.092013e+00 2.250000e+00 5.412500e+00
         vertex 3.092013e+00 1.434882e+00 6.130697e+00
         vertex 3.092013e+00 1.500000e+00 6.125000e+00
      endloop
   endfacet
   facet normal -1.000000e+00 0.000000e+00 0.000000e+00
      outer loop
         vertex 3.092013e+00 2.250000e+00 5.412500e+00
         vertex 3.092013e+00 1.500000e+00 6.125000e+00
         vertex 3.092013e+00 1.565118e+00 6.130697e+00
      endloop
   endfacet
   facet normal -1.000000e+00 0.000000e+00 0.000000e+00
      outer loop
         vertex 3.092013e+00 1.565118e+00 6.130697e+00
         vertex 3.092013e+00 1.628258e+00 6.147615e+00
         vertex 3.092013e+00 2.250000e+00 5.412500e+00
      endloop
   endfacet
   facet normal -1.000000e+00 0.000000e+00 0.000000e+00
      outer loop
         vertex 3.092013e+00 2.250000e+00 5.412500e+00
         vertex 3.092013e+00 1.628258e+00 6.147615e+00
         vertex 3.092013e+00 1.687500e+00 6.175241e+00
      endloop
   endfacet
   facet normal -1.000000e+00 0.000000e+00 0.000000e+00
      outer loop
         vertex 3.092013e+00 2.250000e+00 5.412500e+00
         vertex 3.092013e+00 1.687500e+00 6.175241e+00
         vertex 3.092013e+00 1.741046e+00 6.212733e+00
      endloop
   endfacet
   facet normal -1.000000e+00 0.000000e+00 0.000000e+00
      outer loop
         vertex 3.092013e+00 3.369303e+00 6.565118e+00
         vertex 3.092013e+00 3.352385e+00 6.628258e+00
         vertex 3.092013e+00 3.750000e+00 7.587500e+00
      endloop
   endfacet
   facet normal -1.000000e+00 -0.000000e+00 0.000000e+00
      outer loop
         vertex 3.092013e+00 3.000000e+00 6.875000e+00
         vertex 3.092013e+00 2.934882e+00 6.869303e+00
         vertex 3.092013e+00 2.250000e+00 7.587500e+00
      endloop
   endfacet
   facet normal -1.000000e+00 0.000000e+00 0.000000e+00
      outer loop
         vertex 3.092013e+00 2.250000e+00 7.587500e+00
         vertex 3.092013e+00 2.934882e+00 6.869303e+00
         vertex 3.092013e+00 2.871742e+00 6.852385e+00
      endloop
   endfacet
   facet normal -1.000000e+00 0.000000e+00 0.000000e+00
      outer loop
         vertex 3.092013e+00 2.250000e+00 7.587500e+00
         vertex 3.092013e+00 2.871742e+00 6.852385e+00
         vertex 3.092013e+00 2.812500e+00 6.824760e+00
      endloop
   endfacet
   facet normal -1.000000e+00 -0.000000e+00 0.000000e+00
      outer loop
         vertex 3.092013e+00 2.675241e+00 6.687500e+00
         vertex 3.092013e+00 2.647616e+00 6.628258e+00
         vertex 3.092013e+00 2.250000e+00 7.587500e+00
      endloop
   endfacet
   facet normal -1.000000e+00 0.000000e+00 0.000000e+00
      outer loop
         vertex 3.092013e+00 2.250000e+00 7.587500e+00
         vertex 3.092013e+00 2.647616e+00 6.628258e+00
         vertex 3.092013e+00 2.630697e+00 6.565118e+00
      endloop
   endfacet
   facet normal -1.000000e+00 0.000000e+00 0.000000e+00
      outer loop
         vertex 3.092013e+00 2.250000e+00 5.412500e+00
         vertex 3.092013e+00 2.625000e+00 6.500000e+00
         vertex 3.092013e+00 2.630697e+00 6.434882e+00
      endloop
   endfacet
   facet normal -1.000000e+00 -0.000000e+00 0.000000e+00
      outer loop
         vertex 3.092013e+00 2.812500e+00 6.824760e+00
         vertex 3.092013e+00 2.758955e+00 6.787267e+00
         vertex 3.092013e+00 2.250000e+00 7.587500e+00
      endloop
   endfacet
   facet normal -1.000000e+00 0.000000e+00 0.000000e+00
      outer loop
         vertex 3.092013e+00 2.250000e+00 7.587500e+00
         vertex 3.092013e+00 2.758955e+00 6.787267e+00
         vertex 3.092013e+00 2.712734e+00 6.741045e+00
      endloop
   endfacet
   facet normal -1.000000e+00 0.000000e+00 0.000000e+00
      outer loop
         vertex 3.092013e+00 2.250000e+00 7.587500e+00
         vertex 3.092013e+00 2.712734e+00 6.741045e+00
         vertex 3.092013e+00 2.675241e+00 6.687500e+00
      endloop
   endfacet
   facet normal -1.000000e+00 0.000000e+00 0.000000e+00
      outer loop
         vertex 3.092013e+00 1.869303e+00 6.434882e+00
         vertex 3.092013e+00 1.875000e+00 6.500000e+00
         vertex 3.092013e+00 2.250000e+00 5.412500e+00
      endloop
   endfacet
   facet normal -1.000000e+00 0.000000e+00 0.000000e+00
      outer loop
         vertex 3.092013e+00 2.250000e+00 5.412500e+00
         vertex 3.092013e+00 1.875000e+00 6.500000e+00
         vertex 3.092013e+00 2.250000e+00 7.587500e+00
      endloop
   endfacet
   facet normal -1.000000e+00 0.000000e+00 0.000000e+00
      outer loop
         vertex 3.092013e+00 2.250000e+00 5.412500e+00
         vertex 3.092013e+00 2.250000e+00 7.587500e+00
         vertex 3.092013e+00 2.625000e+00 6.500000e+00
      endloop
   endfacet
   facet normal -1.000000e+00 0.000000e+00 0.000000e+00
      outer loop
         vertex 3.092013e+00 2.625000e+00 6.500000e+00
         vertex 3.092013e+00 2.250000e+00 7.587500e+00
         vertex 3.092013e+00 2.630697e+00 6.565118e+00
      endloop
   endfacet
   facet normal -1.000000e+00 0.000000e+00 -0.000000e+00
      outer loop
         vertex 3.092013e+00 2.630697e+00 6.434882e+00
         vertex 3.092013e+00 2.647616e+00 6.371743e+00
         vertex 3.092013e+00 2.250000e+00 5.412500e+00
      endloop
   endfacet
   facet normal -1.000000e+00 0.000000e+00 0.000000e+00
      outer loop
         vertex 3.092013e+00 2.250000e+00 5.412500e+00
         vertex 3.092013e+00 2.647616e+00 6.371743e+00
         vertex 3.092013e+00 2.675241e+00 6.312500e+00
      endloop
   endfacet
   facet normal -1.000000e+00 0.000000e+00 0.000000e+00
      outer loop
         vertex 3.092013e+00 2.250000e+00 5.412500e+00
         vertex 3.092013e+00 2.675241e+00 6.312500e+00
         vertex 3.092013e+00 2.712734e+00 6.258955e+00
      endloop
   endfacet
   facet normal -1.000000e+00 0.000000e+00 0.000000e+00
      outer loop
         vertex 3.092013e+00 3.369303e+00 6.565118e+00
         vertex 3.092013e+00 3.750000e+00 7.587500e+00
         vertex 3.092013e+00 3.375000e+00 6.500000e+00
      endloop
   endfacet
   facet normal -1.000000e+00 0.000000e+00 0.000000e+00
      outer loop
         vertex 3.092013e+00 3.375000e+00 6.500000e+00
         vertex 3.092013e+00 3.750000e+00 7.587500e+00
         vertex 3.092013e+00 3.750000e+00 5.412500e+00
      endloop
   endfacet
   facet normal -1.000000e+00 0.000000e+00 -0.000000e+00
      outer loop
         vertex 3.092013e+00 3.375000e+00 6.500000e+00
         vertex 3.092013e+00 3.750000e+00 5.412500e+00
         vertex 3.092013e+00 3.369303e+00 6.434882e+00
      endloop
   endfacet
   facet normal -1.000000e+00 0.000000e+00 0.000000e+00
      outer loop
         vertex 3.092013e+00 3.352385e+00 6.628258e+00
         vertex 3.092013e+00 3.324760e+00 6.687500e+00
         vertex 3.092013e+00 3.750000e+00 7.587500e+00
      endloop
   endfacet
   facet normal -1.000000e+00 0.000000e+00 0.000000e+00
      outer loop
         vertex 3.092013e+00 3.750000e+00 7.587500e+00
         vertex 3.092013e+00 3.324760e+00 6.687500e+00
         vertex 3.092013e+00 3.287267e+00 6.741045e+00
      endloop
   endfacet
   facet normal -1.000000e+00 0.000000e+00 0.000000e+00
      outer loop
         vertex 3.092013e+00 3.750000e+00 7.587500e+00
         vertex 3.092013e+00 3.287267e+00 6.741045e+00
         vertex 3.092013e+00 3.241045e+00 6.787267e+00
      endloop
   endfacet
   facet normal -1.000000e+00 0.000000e+00 0.000000e+00
      outer loop
         vertex 3.092013e+00 3.287267e+00 6.258955e+00
         vertex 3.092013e+00 3.324760e+00 6.312500e+00
         vertex 3.092013e+00 3.750000e+00 5.412500e+00
      endloop
   endfacet
   facet normal -1.000000e+00 0.000000e+00 0.000000e+00
      outer loop
         vertex 3.092013e+00 3.750000e+00 5.412500e+00
         vertex 3.092013e+00 3.324760e+00 6.312500e+00
         vertex 3.092013e+00 3.352385e+00 6.371743e+00
      endloop
   endfacet
   facet normal -1.000000e+00 0.000000e+00 0.000000e+00
      outer loop
         vertex 3.092013e+00 3.750000e+00 5.412500e+00
         vertex 3.092013e+00 3.352385e+00 6.371743e+00
         vertex 3.092013e+00 3.369303e+00 6.434882e+00
      endloop
   endfacet
   facet normal -1.000000e+00 0.000000e+00 0.000000e+00
      outer loop
         vertex 3.092013e+00 3.241045e+00 6.787267e+00
         vertex 3.092013e+00 3.187500e+00 6.824760e+00
         vertex 3.092013e+00 3.750000e+00 7.587500e+00
      endloop
   endfacet
   facet normal -1.000000e+00 0.000000e+00 0.000000e+00
      outer loop
         vertex 3.092013e+00 3.750000e+00 7.587500e+00
         vertex 3.092013e+00 3.187500e+00 6.824760e+00
         vertex 3.092013e+00 3.128258e+00 6.852385e+00
      endloop
   endfacet
   facet normal -1.000000e+00 0.000000e+00 0.000000e+00
      outer loop
         vertex 3.092013e+00 3.750000e+00 7.587500e+00
         vertex 3.092013e+00 3.128258e+00 6.852385e+00
         vertex 3.092013e+00 3.065118e+00 6.869303e+00
      endloop
   endfacet
   facet normal -1.000000e+00 0.000000e+00 -0.000000e+00
      outer loop
         vertex 3.092013e+00 2.712734e+00 6.258955e+00
         vertex 3.092013e+00 2.758955e+00 6.212733e+00
         vertex 3.092013e+00 2.250000e+00 5.412500e+00
      endloop
   endfacet
   facet normal -1.000000e+00 0.000000e+00 0.000000e+00
      outer loop
         vertex 3.092013e+00 2.250000e+00 5.412500e+00
         vertex 3.092013e+00 2.758955e+00 6.212733e+00
         vertex 3.092013e+00 2.812500e+00 6.175241e+00
      endloop
   endfacet
   facet normal -1.000000e+00 0.000000e+00 0.000000e+00
      outer loop
         vertex 3.092013e+00 2.250000e+00 5.412500e+00
         vertex 3.092013e+00 2.812500e+00 6.175241e+00
         vertex 3.092013e+00 2.871742e+00 6.147615e+00
      endloop
   endfacet
   facet normal -1.000000e+00 0.000000e+00 -0.000000e+00
      outer loop
         vertex 3.092013e+00 2.871742e+00 6.147615e+00
         vertex 3.092013e+00 2.934882e+00 6.130697e+00
         vertex 3.092013e+00 2.250000e+00 5.412500e+00
      endloop
   endfacet
   facet normal -1.000000e+00 0.000000e+00 0.000000e+00
      outer loop
         vertex 3.092013e+00 2.250000e+00 5.412500e+00
         vertex 3.092013e+00 2.934882e+00 6.130697e+00
         vertex 3.092013e+00 3.000000e+00 6.125000e+00
      endloop
   endfacet
   facet normal -1.000000e+00 0.000000e+00 0.000000e+00
      outer loop
         vertex 3.092013e+00 2.250000e+00 5.412500e+00
         vertex 3.092013e+00 3.000000e+00 6.125000e+00
         vertex 3.092013e+00 3.750000e+00 5.412500e+00
      endloop
   endfacet
   facet normal -1.000000e+00 0.000000e+00 0.000000e+00
      outer loop
         vertex 3.092013e+00 3.750000e+00 5.412500e+00
         vertex 3.092013e+00 3.000000e+00 6.125000e+00
         vertex 3.092013e+00 3.065118e+00 6.130697e+00
      endloop
   endfacet
   facet normal -1.000000e+00 0.000000e+00 0.000000e+00
      outer loop
         vertex 3.092013e+00 3.750000e+00 5.412500e+00
         vertex 3.092013e+00 3.065118e+00 6.130697e+00
         vertex 3.092013e+00 3.128258e+00 6.147615e+00
      endloop
   endfacet
   facet normal -1.000000e+00 0.000000e+00 0.000000e+00
      outer loop
         vertex 3.092013e+00 3.128258e+00 6.147615e+00
         vertex 3.092013e+00 3.187500e+00 6.175241e+00
         vertex 3.092013e+00 3.750000e+00 5.412500e+00
      endloop
   endfacet
   facet normal -1.000000e+00 0.000000e+00 0.000000e+00
      outer loop
         vertex 3.092013e+00 3.750000e+00 5.412500e+00
         vertex 3.092013e+00 3.187500e+00 6.175241e+00
         vertex 3.092013e+00 3.241045e+00 6.212733e+00
      endloop
   endfacet
   facet normal -1.000000e+00 0.000000e+00 0.000000e+00
      outer loop
         vertex 3.092013e+00 3.750000e+00 5.412500e+00
         vertex 3.092013e+00 3.241045e+00 6.212733e+00
         vertex 3.092013e+00 3.287267e+00 6.258955e+00
      endloop
   endfacet
   facet normal -1.000000e+00 0.000000e+00 0.000000e+00
      outer loop
         vertex 3.092013e+00 2.029954e+00 1.121897e+01
         vertex 3.092013e+00 2.566368e+00 1.167460e+01
         vertex 3.092013e+00 2.250000e+00 1.135000e+01
      endloop
   endfacet
   facet normal -1.000000e+00 0.000000e+00 0.000000e+00
      outer loop
         vertex 3.092013e+00 2.250000e+00 1.135000e+01
         vertex 3.092013e+00 2.566368e+00 1.167460e+01
         vertex 3.092013e+00 3.750000e+00 1.135000e+01
      endloop
   endfacet
   facet normal -1.000000e+00 0.000000e+00 0.000000e+00
      outer loop
         vertex 3.092013e+00 2.250000e+00 1.135000e+01
         vertex 3.092013e+00 3.750000e+00 1.135000e+01
         vertex 3.092013e+00 2.250000e+00 7.587500e+00
      endloop
   endfacet
   facet normal -1.000000e+00 0.000000e+00 0.000000e+00
      outer loop
         vertex 3.092013e+00 2.250000e+00 7.587500e+00
         vertex 3.092013e+00 3.750000e+00 1.135000e+01
         vertex 3.092013e+00 3.750000e+00 7.587500e+00
      endloop
   endfacet
   facet normal -1.000000e+00 0.000000e+00 0.000000e+00
      outer loop
         vertex 3.092013e+00 2.250000e+00 7.587500e+00
         vertex 3.092013e+00 3.750000e+00 7.587500e+00
         vertex 3.092013e+00 3.000000e+00 6.875000e+00
      endloop
   endfacet
   facet normal -1.000000e+00 0.000000e+00 0.000000e+00
      outer loop
         vertex 3.092013e+00 3.000000e+00 6.875000e+00
         vertex 3.092013e+00 3.750000e+00 7.587500e+00
         vertex 3.092013e+00 3.065118e+00 6.869303e+00
      endloop
   endfacet
   facet normal -1.000000e+00 0.000000e+00 -0.000000e+00
      outer loop
         vertex 3.092013e+00 3.770721e+00 1.239924e+01
         vertex 3.092013e+00 4.424540e+00 1.265975e+01
         vertex 3.092013e+00 3.750000e+00 1.135000e+01
      endloop
   endfacet
   facet normal -1.000000e+00 0.000000e+00 0.000000e+00
      outer loop
         vertex 3.092013e+00 3.750000e+00 1.135000e+01
         vertex 3.092013e+00 4.424540e+00 1.265975e+01
         vertex 3.092013e+00 4.312500e+00 1.135000e+01
      endloop
   endfacet
   facet normal -1.000000e+00 0.000000e+00 0.000000e+00
      outer loop
         vertex 3.092013e+00 3.750000e+00 1.135000e+01
         vertex 3.092013e+00 4.312500e+00 1.135000e+01
         vertex 3.092013e+00 3.750000e+00 7.587500e+00
      endloop
   endfacet
   facet normal -1.000000e+00 0.000000e+00 0.000000e+00
      outer loop
         vertex 3.092013e+00 3.750000e+00 7.587500e+00
         vertex 3.092013e+00 4.312500e+00 1.135000e+01
         vertex 3.092013e+00 4.312500e+00 7.587500e+00
      endloop
   endfacet
   facet normal -1.000000e+00 0.000000e+00 0.000000e+00
      outer loop
         vertex 3.092013e+00 3.750000e+00 7.587500e+00
         vertex 3.092013e+00 4.312500e+00 7.587500e+00
         vertex 3.092013e+00 4.312500e+00 6.824760e+00
      endloop
   endfacet
   facet normal -1.000000e+00 0.000000e+00 0.000000e+00
      outer loop
         vertex 3.092013e+00 4.312500e+00 6.824760e+00
         vertex 3.092013e+00 4.312500e+00 7.587500e+00
         vertex 3.092013e+00 4.371742e+00 6.852385e+00
      endloop
   endfacet
   facet normal -1.000000e+00 -0.000000e+00 -0.000000e+00
      outer loop
         vertex 3.092013e+00 5.500000e+00 8.300000e+00
         vertex 3.092013e+00 6.500000e+00 7.587500e+00
         vertex 3.092013e+00 4.500000e+00 8.300000e+00
      endloop
   endfacet
   facet normal -1.000000e+00 0.000000e+00 -0.000000e+00
      outer loop
         vertex 3.092013e+00 4.500000e+00 8.300000e+00
         vertex 3.092013e+00 6.500000e+00 7.587500e+00
         vertex 3.092013e+00 4.312500e+00 7.587500e+00
      endloop
   endfacet
   facet normal -1.000000e+00 -0.000000e+00 0.000000e+00
      outer loop
         vertex 3.092013e+00 4.500000e+00 8.300000e+00
         vertex 3.092013e+00 4.312500e+00 7.587500e+00
         vertex 3.092013e+00 4.500000e+00 9.700000e+00
      endloop
   endfacet
   facet normal -1.000000e+00 -0.000000e+00 0.000000e+00
      outer loop
         vertex 3.092013e+00 4.500000e+00 9.700000e+00
         vertex 3.092013e+00 4.312500e+00 7.587500e+00
         vertex 3.092013e+00 4.312500e+00 1.135000e+01
      endloop
   endfacet
   facet normal -1.000000e+00 0.000000e+00 0.000000e+00
      outer loop
         vertex 3.092013e+00 4.500000e+00 9.700000e+00
         vertex 3.092013e+00 4.312500e+00 1.135000e+01
         vertex 3.092013e+00 5.500000e+00 9.700000e+00
      endloop
   endfacet
   facet normal -1.000000e+00 0.000000e+00 0.000000e+00
      outer loop
         vertex 3.092013e+00 5.500000e+00 9.700000e+00
         vertex 3.092013e+00 4.312500e+00 1.135000e+01
         vertex 3.092013e+00 6.500000e+00 1.135000e+01
      endloop
   endfacet
   facet normal -1.000000e+00 0.000000e+00 0.000000e+00
      outer loop
         vertex 3.092013e+00 5.500000e+00 9.700000e+00
         vertex 3.092013e+00 6.500000e+00 1.135000e+01
         vertex 3.092013e+00 5.500000e+00 8.300000e+00
      endloop
   endfacet
   facet normal -1.000000e+00 0.000000e+00 0.000000e+00
      outer loop
         vertex 3.092013e+00 5.500000e+00 8.300000e+00
         vertex 3.092013e+00 6.500000e+00 1.135000e+01
         vertex 3.092013e+00 6.500000e+00 7.587500e+00
      endloop
   endfacet
   facet normal -1.000000e+00 -0.000000e+00 0.000000e+00
      outer loop
         vertex 3.092013e+00 8.125000e+00 6.500000e+00
         vertex 3.092013e+00 7.812500e+00 5.412500e+00
         vertex 3.092013e+00 7.812500e+00 7.587500e+00
      endloop
   endfacet
   facet normal -1.000000e+00 0.000000e+00 -0.000000e+00
      outer loop
         vertex 3.092013e+00 7.812500e+00 7.587500e+00
         vertex 3.092013e+00 7.812500e+00 5.412500e+00
         vertex 3.092013e+00 6.500000e+00 5.412500e+00
      endloop
   endfacet
   facet normal -1.000000e+00 -0.000000e+00 0.000000e+00
      outer loop
         vertex 3.092013e+00 7.812500e+00 7.587500e+00
         vertex 3.092013e+00 6.500000e+00 5.412500e+00
         vertex 3.092013e+00 6.500000e+00 7.587500e+00
      endloop
   endfacet
   facet normal -1.000000e+00 0.000000e+00 -0.000000e+00
      outer loop
         vertex 3.092013e+00 6.500000e+00 7.587500e+00
         vertex 3.092013e+00 6.500000e+00 5.412500e+00
         vertex 3.092013e+00 4.875000e+00 6.500000e+00
      endloop
   endfacet
   facet normal -1.000000e+00 0.000000e+00 0.000000e+00
      outer loop
         vertex 3.092013e+00 6.500000e+00 7.587500e+00
         vertex 3.092013e+00 4.875000e+00 6.500000e+00
         vertex 3.092013e+00 4.869303e+00 6.565118e+00
      endloop
   endfacet
   facet normal -1.000000e+00 -0.000000e+00 0.000000e+00
      outer loop
         vertex 3.092013e+00 9.675241e+00 6.687500e+00
         vertex 3.092013e+00 9.647615e+00 6.628258e+00
         vertex 3.092013e+00 9.250000e+00 7.587500e+00
      endloop
   endfacet
   facet normal -1.000000e+00 0.000000e+00 0.000000e+00
      outer loop
         vertex 3.092013e+00 9.250000e+00 7.587500e+00
         vertex 3.092013e+00 1.075000e+01 7.587500e+00
         vertex 3.092013e+00 1.000000e+01 6.875000e+00
      endloop
   endfacet
   facet normal -1.000000e+00 0.000000e+00 0.000000e+00
      outer loop
         vertex 3.092013e+00 1.036930e+01 6.565118e+00
         vertex 3.092013e+00 1.035238e+01 6.628258e+00
         vertex 3.092013e+00 1.075000e+01 7.587500e+00
      endloop
   endfacet
   facet normal -1.000000e+00 0.000000e+00 0.000000e+00
      outer loop
         vertex 3.092013e+00 1.075000e+01 7.587500e+00
         vertex 3.092013e+00 1.035238e+01 6.628258e+00
         vertex 3.092013e+00 1.032476e+01 6.687500e+00
      endloop
   endfacet
   facet normal -1.000000e+00 -0.000000e+00 0.000000e+00
      outer loop
         vertex 3.092013e+00 1.000000e+01 6.875000e+00
         vertex 3.092013e+00 9.934882e+00 6.869303e+00
         vertex 3.092013e+00 9.250000e+00 7.587500e+00
      endloop
   endfacet
   facet normal -1.000000e+00 0.000000e+00 0.000000e+00
      outer loop
         vertex 3.092013e+00 9.250000e+00 7.587500e+00
         vertex 3.092013e+00 9.934882e+00 6.869303e+00
         vertex 3.092013e+00 9.871743e+00 6.852385e+00
      endloop
   endfacet
   facet normal -1.000000e+00 0.000000e+00 0.000000e+00
      outer loop
         vertex 3.092013e+00 9.250000e+00 7.587500e+00
         vertex 3.092013e+00 9.871743e+00 6.852385e+00
         vertex 3.092013e+00 9.812500e+00 6.824760e+00
      endloop
   endfacet
   facet normal -1.000000e+00 -0.000000e+00 0.000000e+00
      outer loop
         vertex 3.092013e+00 9.812500e+00 6.824760e+00
         vertex 3.092013e+00 9.758955e+00 6.787267e+00
         vertex 3.092013e+00 9.250000e+00 7.587500e+00
      endloop
   endfacet
   facet normal -1.000000e+00 0.000000e+00 0.000000e+00
      outer loop
         vertex 3.092013e+00 9.250000e+00 7.587500e+00
         vertex 3.092013e+00 9.758955e+00 6.787267e+00
         vertex 3.092013e+00 9.712734e+00 6.741045e+00
      endloop
   endfacet
   facet normal -1.000000e+00 0.000000e+00 0.000000e+00
      outer loop
         vertex 3.092013e+00 9.250000e+00 7.587500e+00
         vertex 3.092013e+00 9.712734e+00 6.741045e+00
         vertex 3.092013e+00 9.675241e+00 6.687500e+00
      endloop
   endfacet
   facet normal -1.000000e+00 -0.000000e+00 0.000000e+00
      outer loop
         vertex 3.092013e+00 9.630697e+00 6.434882e+00
         vertex 3.092013e+00 9.250000e+00 5.412500e+00
         vertex 3.092013e+00 9.625000e+00 6.500000e+00
      endloop
   endfacet
   facet normal -1.000000e+00 -0.000000e+00 0.000000e+00
      outer loop
         vertex 3.092013e+00 9.625000e+00 6.500000e+00
         vertex 3.092013e+00 9.250000e+00 5.412500e+00
         vertex 3.092013e+00 9.250000e+00 7.587500e+00
      endloop
   endfacet
   facet normal -1.000000e+00 0.000000e+00 0.000000e+00
      outer loop
         vertex 3.092013e+00 9.625000e+00 6.500000e+00
         vertex 3.092013e+00 9.250000e+00 7.587500e+00
         vertex 3.092013e+00 9.630697e+00 6.565118e+00
      endloop
   endfacet
   facet normal -1.000000e+00 0.000000e+00 0.000000e+00
      outer loop
         vertex 3.092013e+00 9.630697e+00 6.565118e+00
         vertex 3.092013e+00 9.250000e+00 7.587500e+00
         vertex 3.092013e+00 9.647615e+00 6.628258e+00
      endloop
   endfacet
   facet normal -1.000000e+00 0.000000e+00 -0.000000e+00
      outer loop
         vertex 3.092013e+00 9.630697e+00 6.434882e+00
         vertex 3.092013e+00 9.647615e+00 6.371743e+00
         vertex 3.092013e+00 9.250000e+00 5.412500e+00
      endloop
   endfacet
   facet normal -1.000000e+00 0.000000e+00 0.000000e+00
      outer loop
         vertex 3.092013e+00 9.250000e+00 5.412500e+00
         vertex 3.092013e+00 9.647615e+00 6.371743e+00
         vertex 3.092013e+00 9.675241e+00 6.312500e+00
      endloop
   endfacet
   facet normal -1.000000e+00 0.000000e+00 0.000000e+00
      outer loop
         vertex 3.092013e+00 9.250000e+00 5.412500e+00
         vertex 3.092013e+00 9.675241e+00 6.312500e+00
         vertex 3.092013e+00 9.712734e+00 6.258955e+00
      endloop
   endfacet
   facet normal -1.000000e+00 0.000000e+00 0.000000e+00
      outer loop
         vertex 3.092013e+00 1.036930e+01 6.565118e+00
         vertex 3.092013e+00 1.075000e+01 7.587500e+00
         vertex 3.092013e+00 1.037500e+01 6.500000e+00
      endloop
   endfacet
   facet normal -1.000000e+00 0.000000e+00 0.000000e+00
      outer loop
         vertex 3.092013e+00 1.037500e+01 6.500000e+00
         vertex 3.092013e+00 1.075000e+01 7.587500e+00
         vertex 3.092013e+00 1.075000e+01 5.412500e+00
      endloop
   endfacet
   facet normal -1.000000e+00 0.000000e+00 -0.000000e+00
      outer loop
         vertex 3.092013e+00 1.037500e+01 6.500000e+00
         vertex 3.092013e+00 1.075000e+01 5.412500e+00
         vertex 3.092013e+00 1.036930e+01 6.434882e+00
      endloop
   endfacet
   facet normal -1.000000e+00 0.000000e+00 0.000000e+00
      outer loop
         vertex 3.092013e+00 1.032476e+01 6.687500e+00
         vertex 3.092013e+00 1.028727e+01 6.741045e+00
         vertex 3.092013e+00 1.075000e+01 7.587500e+00
      endloop
   endfacet
   facet normal -1.000000e+00 0.000000e+00 0.000000e+00
      outer loop
         vertex 3.092013e+00 1.075000e+01 7.587500e+00
         vertex 3.092013e+00 1.028727e+01 6.741045e+00
         vertex 3.092013e+00 1.024105e+01 6.787267e+00
      endloop
   endfacet
   facet normal -1.000000e+00 0.000000e+00 0.000000e+00
      outer loop
         vertex 3.092013e+00 1.075000e+01 7.587500e+00
         vertex 3.092013e+00 1.024105e+01 6.787267e+00
         vertex 3.092013e+00 1.018750e+01 6.824760e+00
      endloop
   endfacet
   facet normal -1.000000e+00 0.000000e+00 0.000000e+00
      outer loop
         vertex 3.092013e+00 1.028727e+01 6.258955e+00
         vertex 3.092013e+00 1.032476e+01 6.312500e+00
         vertex 3.092013e+00 1.075000e+01 5.412500e+00
      endloop
   endfacet
   facet normal -1.000000e+00 0.000000e+00 0.000000e+00
      outer loop
         vertex 3.092013e+00 1.075000e+01 5.412500e+00
         vertex 3.092013e+00 1.032476e+01 6.312500e+00
         vertex 3.092013e+00 1.035238e+01 6.371743e+00
      endloop
   endfacet
   facet normal -1.000000e+00 0.000000e+00 0.000000e+00
      outer loop
         vertex 3.092013e+00 1.075000e+01 5.412500e+00
         vertex 3.092013e+00 1.035238e+01 6.371743e+00
         vertex 3.092013e+00 1.036930e+01 6.434882e+00
      endloop
   endfacet
   facet normal -1.000000e+00 0.000000e+00 0.000000e+00
      outer loop
         vertex 3.092013e+00 1.018750e+01 6.824760e+00
         vertex 3.092013e+00 1.012826e+01 6.852385e+00
         vertex 3.092013e+00 1.075000e+01 7.587500e+00
      endloop
   endfacet
   facet normal -1.000000e+00 0.000000e+00 0.000000e+00
      outer loop
         vertex 3.092013e+00 1.075000e+01 7.587500e+00
         vertex 3.092013e+00 1.012826e+01 6.852385e+00
         vertex 3.092013e+00 1.006512e+01 6.869303e+00
      endloop
   endfacet
   facet normal -1.000000e+00 0.000000e+00 0.000000e+00
      outer loop
         vertex 3.092013e+00 1.075000e+01 7.587500e+00
         vertex 3.092013e+00 1.006512e+01 6.869303e+00
         vertex 3.092013e+00 1.000000e+01 6.875000e+00
      endloop
   endfacet
   facet normal -1.000000e+00 0.000000e+00 -0.000000e+00
      outer loop
         vertex 3.092013e+00 9.712734e+00 6.258955e+00
         vertex 3.092013e+00 9.758955e+00 6.212733e+00
         vertex 3.092013e+00 9.250000e+00 5.412500e+00
      endloop
   endfacet
   facet normal -1.000000e+00 0.000000e+00 0.000000e+00
      outer loop
         vertex 3.092013e+00 9.250000e+00 5.412500e+00
         vertex 3.092013e+00 9.758955e+00 6.212733e+00
         vertex 3.092013e+00 9.812500e+00 6.175241e+00
      endloop
   endfacet
   facet normal -1.000000e+00 0.000000e+00 0.000000e+00
      outer loop
         vertex 3.092013e+00 9.250000e+00 5.412500e+00
         vertex 3.092013e+00 9.812500e+00 6.175241e+00
         vertex 3.092013e+00 9.871743e+00 6.147615e+00
      endloop
   endfacet
   facet normal -1.000000e+00 0.000000e+00 -0.000000e+00
      outer loop
         vertex 3.092013e+00 9.871743e+00 6.147615e+00
         vertex 3.092013e+00 9.934882e+00 6.130697e+00
         vertex 3.092013e+00 9.250000e+00 5.412500e+00
      endloop
   endfacet
   facet normal -1.000000e+00 0.000000e+00 0.000000e+00
      outer loop
         vertex 3.092013e+00 9.250000e+00 5.412500e+00
         vertex 3.092013e+00 9.934882e+00 6.130697e+00
         vertex 3.092013e+00 1.000000e+01 6.125000e+00
      endloop
   endfacet
   facet normal -1.000000e+00 0.000000e+00 0.000000e+00
      outer loop
         vertex 3.092013e+00 9.250000e+00 5.412500e+00
         vertex 3.092013e+00 1.000000e+01 6.125000e+00
         vertex 3.092013e+00 1.075000e+01 5.412500e+00
      endloop
   endfacet
   facet normal -1.000000e+00 0.000000e+00 0.000000e+00
      outer loop
         vertex 3.092013e+00 1.075000e+01 5.412500e+00
         vertex 3.092013e+00 1.000000e+01 6.125000e+00
         vertex 3.092013e+00 1.006512e+01 6.130697e+00
      endloop
   endfacet
   facet normal -1.000000e+00 0.000000e+00 0.000000e+00
      outer loop
         vertex 3.092013e+00 1.075000e+01 5.412500e+00
         vertex 3.092013e+00 1.006512e+01 6.130697e+00
         vertex 3.092013e+00 1.012826e+01 6.147615e+00
      endloop
   endfacet
   facet normal -1.000000e+00 0.000000e+00 0.000000e+00
      outer loop
         vertex 3.092013e+00 1.012826e+01 6.147615e+00
         vertex 3.092013e+00 1.018750e+01 6.175241e+00
         vertex 3.092013e+00 1.075000e+01 5.412500e+00
      endloop
   endfacet
   facet normal -1.000000e+00 0.000000e+00 0.000000e+00
      outer loop
         vertex 3.092013e+00 1.075000e+01 5.412500e+00
         vertex 3.092013e+00 1.018750e+01 6.175241e+00
         vertex 3.092013e+00 1.024105e+01 6.212733e+00
      endloop
   endfacet
   facet normal -1.000000e+00 0.000000e+00 0.000000e+00
      outer loop
         vertex 3.092013e+00 1.075000e+01 5.412500e+00
         vertex 3.092013e+00 1.024105e+01 6.212733e+00
         vertex 3.092013e+00 1.028727e+01 6.258955e+00
      endloop
   endfacet
   facet normal -1.000000e+00 -0.000000e+00 0.000000e+00
      outer loop
         vertex 3.092013e+00 1.097005e+01 1.121897e+01
         vertex 3.092013e+00 1.075000e+01 7.587500e+00
         vertex 3.092013e+00 1.075000e+01 1.135000e+01
      endloop
   endfacet
   facet normal -1.000000e+00 0.000000e+00 -0.000000e+00
      outer loop
         vertex 3.092013e+00 1.075000e+01 1.135000e+01
         vertex 3.092013e+00 1.075000e+01 7.587500e+00
         vertex 3.092013e+00 9.250000e+00 7.587500e+00
      endloop
   endfacet
   facet normal -1.000000e+00 -0.000000e+00 0.000000e+00
      outer loop
         vertex 3.092013e+00 1.075000e+01 1.135000e+01
         vertex 3.092013e+00 9.250000e+00 7.587500e+00
         vertex 3.092013e+00 9.250000e+00 1.135000e+01
      endloop
   endfacet
   facet normal -1.000000e+00 0.000000e+00 -0.000000e+00
      outer loop
         vertex 3.092013e+00 9.250000e+00 1.135000e+01
         vertex 3.092013e+00 9.250000e+00 7.587500e+00
         vertex 3.092013e+00 8.687500e+00 7.587500e+00
      endloop
   endfacet
   facet normal -1.000000e+00 -0.000000e+00 0.000000e+00
      outer loop
         vertex 3.092013e+00 9.250000e+00 1.135000e+01
         vertex 3.092013e+00 8.687500e+00 7.587500e+00
         vertex 3.092013e+00 8.687500e+00 1.135000e+01
      endloop
   endfacet
   facet normal -1.000000e+00 0.000000e+00 -0.000000e+00
      outer loop
         vertex 3.092013e+00 8.687500e+00 1.135000e+01
         vertex 3.092013e+00 8.687500e+00 7.587500e+00
         vertex 3.092013e+00 8.500000e+00 9.700000e+00
      endloop
   endfacet
   facet normal -1.000000e+00 -0.000000e+00 0.000000e+00
      outer loop
         vertex 3.092013e+00 8.687500e+00 1.135000e+01
         vertex 3.092013e+00 8.500000e+00 9.700000e+00
         vertex 3.092013e+00 7.812500e+00 1.135000e+01
      endloop
   endfacet
   facet normal -1.000000e+00 0.000000e+00 0.000000e+00
      outer loop
         vertex 3.092013e+00 7.812500e+00 1.135000e+01
         vertex 3.092013e+00 8.500000e+00 9.700000e+00
         vertex 3.092013e+00 7.812500e+00 9.700000e+00
      endloop
   endfacet
   facet normal -1.000000e+00 -0.000000e+00 -0.000000e+00
      outer loop
         vertex 3.092013e+00 7.812500e+00 1.135000e+01
         vertex 3.092013e+00 7.812500e+00 9.700000e+00
         vertex 3.092013e+00 6.500000e+00 1.135000e+01
      endloop
   endfacet
   facet normal -1.000000e+00 0.000000e+00 0.000000e+00
      outer loop
         vertex 3.092013e+00 6.500000e+00 1.135000e+01
         vertex 3.092013e+00 7.812500e+00 9.700000e+00
         vertex 3.092013e+00 7.500000e+00 9.700000e+00
      endloop
   endfacet
   facet normal -1.000000e+00 0.000000e+00 0.000000e+00
      outer loop
         vertex 3.092013e+00 6.500000e+00 1.135000e+01
         vertex 3.092013e+00 7.500000e+00 9.700000e+00
         vertex 3.092013e+00 6.500000e+00 7.587500e+00
      endloop
   endfacet
   facet normal -1.000000e+00 0.000000e+00 0.000000e+00
      outer loop
         vertex 3.092013e+00 6.500000e+00 7.587500e+00
         vertex 3.092013e+00 7.500000e+00 9.700000e+00
         vertex 3.092013e+00 7.500000e+00 8.300000e+00
      endloop
   endfacet
   facet normal -1.000000e+00 0.000000e+00 0.000000e+00
      outer loop
         vertex 3.092013e+00 6.500000e+00 7.587500e+00
         vertex 3.092013e+00 7.500000e+00 8.300000e+00
         vertex 3.092013e+00 7.812500e+00 7.587500e+00
      endloop
   endfacet
   facet normal -1.000000e+00 0.000000e+00 0.000000e+00
      outer loop
         vertex 3.092013e+00 7.812500e+00 7.587500e+00
         vertex 3.092013e+00 7.500000e+00 8.300000e+00
         vertex 3.092013e+00 7.812500e+00 8.300000e+00
      endloop
   endfacet
   facet normal -1.000000e+00 0.000000e+00 0.000000e+00
      outer loop
         vertex 3.092013e+00 7.812500e+00 7.587500e+00
         vertex 3.092013e+00 7.812500e+00 8.300000e+00
         vertex 3.092013e+00 8.687500e+00 7.587500e+00
      endloop
   endfacet
   facet normal -1.000000e+00 0.000000e+00 0.000000e+00
      outer loop
         vertex 3.092013e+00 8.687500e+00 7.587500e+00
         vertex 3.092013e+00 7.812500e+00 8.300000e+00
         vertex 3.092013e+00 8.500000e+00 8.300000e+00
      endloop
   endfacet
   facet normal -1.000000e+00 0.000000e+00 0.000000e+00
      outer loop
         vertex 3.092013e+00 8.687500e+00 7.587500e+00
         vertex 3.092013e+00 8.500000e+00 8.300000e+00
         vertex 3.092013e+00 8.500000e+00 9.700000e+00
      endloop
   endfacet
   facet normal 0.000000e+00 5.413880e-02 9.985334e-01
      outer loop
         vertex 3.092013e+00 6.500000e+00 1.300000e+01
         vertex 4.592013e+00 7.202774e+00 1.296190e+01
         vertex 3.092013e+00 7.202774e+00 1.296190e+01
      endloop
   endfacet
   facet normal -0.000000e+00 1.617825e-01 9.868264e-01
      outer loop
         vertex 3.092013e+00 7.202774e+00 1.296190e+01
         vertex 4.592013e+00 7.202774e+00 1.296190e+01
         vertex 4.592013e+00 7.897308e+00 1.284803e+01
      endloop
   endfacet
   facet normal 0.000000e+00 1.617825e-01 9.868264e-01
      outer loop
         vertex 3.092013e+00 7.202774e+00 1.296190e+01
         vertex 4.592013e+00 7.897308e+00 1.284803e+01
         vertex 3.092013e+00 7.897308e+00 1.284803e+01
      endloop
   endfacet
   facet normal -0.000000e+00 2.675281e-01 9.635501e-01
      outer loop
         vertex 3.092013e+00 7.897308e+00 1.284803e+01
         vertex 4.592013e+00 7.897308e+00 1.284803e+01
         vertex 4.592013e+00 8.575460e+00 1.265975e+01
      endloop
   endfacet
   facet normal 0.000000e+00 2.675281e-01 9.635501e-01
      outer loop
         vertex 3.092013e+00 7.897308e+00 1.284803e+01
         vertex 4.592013e+00 8.575460e+00 1.265975e+01
         vertex 3.092013e+00 8.575460e+00 1.265975e+01
      endloop
   endfacet
   facet normal -0.000000e+00 3.701381e-01 9.289767e-01
      outer loop
         vertex 3.092013e+00 8.575460e+00 1.265975e+01
         vertex 4.592013e+00 8.575460e+00 1.265975e+01
         vertex 4.592013e+00 9.229279e+00 1.239924e+01
      endloop
   endfacet
   facet normal 0.000000e+00 3.701381e-01 9.289767e-01
      outer loop
         vertex 3.092013e+00 8.575460e+00 1.265975e+01
         vertex 4.592013e+00 9.229279e+00 1.239924e+01
         vertex 3.092013e+00 9.229279e+00 1.239924e+01
      endloop
   endfacet
   facet normal -0.000000e+00 4.684086e-01 8.835120e-01
      outer loop
         vertex 3.092013e+00 9.229279e+00 1.239924e+01
         vertex 4.592013e+00 9.229279e+00 1.239924e+01
         vertex 4.592013e+00 9.851100e+00 1.206957e+01
      endloop
   endfacet
   facet normal 0.000000e+00 4.684086e-01 8.835120e-01
      outer loop
         vertex 3.092013e+00 9.229279e+00 1.239924e+01
         vertex 4.592013e+00 9.851100e+00 1.206957e+01
         vertex 3.092013e+00 9.851100e+00 1.206957e+01
      endloop
   endfacet
   facet normal -0.000000e+00 5.611873e-01 8.276888e-01
      outer loop
         vertex 3.092013e+00 9.851100e+00 1.206957e+01
         vertex 4.592013e+00 9.851100e+00 1.206957e+01
         vertex 4.592013e+00 1.043363e+01 1.167460e+01
      endloop
   endfacet
   facet normal 0.000000e+00 5.611873e-01 8.276888e-01
      outer loop
         vertex 3.092013e+00 9.851100e+00 1.206957e+01
         vertex 4.592013e+00 1.043363e+01 1.167460e+01
         vertex 3.092013e+00 1.043363e+01 1.167460e+01
      endloop
   endfacet
   facet normal -0.000000e+00 6.473861e-01 7.621622e-01
      outer loop
         vertex 3.092013e+00 1.043363e+01 1.167460e+01
         vertex 4.592013e+00 1.043363e+01 1.167460e+01
         vertex 4.592013e+00 1.097005e+01 1.121897e+01
      endloop
   endfacet
   facet normal 0.000000e+00 6.473861e-01 7.621622e-01
      outer loop
         vertex 3.092013e+00 1.043363e+01 1.167460e+01
         vertex 4.592013e+00 1.097005e+01 1.121897e+01
         vertex 3.092013e+00 1.097005e+01 1.121897e+01
      endloop
   endfacet
   facet normal -0.000000e+00 7.259955e-01 6.876995e-01
      outer loop
         vertex 3.092013e+00 1.097005e+01 1.121897e+01
         vertex 4.592013e+00 1.097005e+01 1.121897e+01
         vertex 4.592013e+00 1.145405e+01 1.070801e+01
      endloop
   endfacet
   facet normal 0.000000e+00 7.259955e-01 6.876995e-01
      outer loop
         vertex 3.092013e+00 1.097005e+01 1.121897e+01
         vertex 4.592013e+00 1.145405e+01 1.070801e+01
         vertex 3.092013e+00 1.145405e+01 1.070801e+01
      endloop
   endfacet
   facet normal -0.000000e+00 7.960930e-01 6.051743e-01
      outer loop
         vertex 3.092013e+00 1.145405e+01 1.070801e+01
         vertex 4.592013e+00 1.145405e+01 1.070801e+01
         vertex 4.592013e+00 1.187998e+01 1.014772e+01
      endloop
   endfacet
   facet normal 0.000000e+00 7.960930e-01 6.051743e-01
      outer loop
         vertex 3.092013e+00 1.145405e+01 1.070801e+01
         vertex 4.592013e+00 1.187998e+01 1.014772e+01
         vertex 3.092013e+00 1.187998e+01 1.014772e+01
      endloop
   endfacet
   facet normal -0.000000e+00 8.568572e-01 5.155538e-01
      outer loop
         vertex 3.092013e+00 1.187998e+01 1.014772e+01
         vertex 4.592013e+00 1.187998e+01 1.014772e+01
         vertex 4.592013e+00 1.224283e+01 9.544655e+00
      endloop
   endfacet
   facet normal 0.000000e+00 8.568572e-01 5.155538e-01
      outer loop
         vertex 3.092013e+00 1.187998e+01 1.014772e+01
         vertex 4.592013e+00 1.224283e+01 9.544655e+00
         vertex 3.092013e+00 1.224283e+01 9.544655e+00
      endloop
   endfacet
   facet normal -0.000000e+00 9.075755e-01 4.198890e-01
      outer loop
         vertex 3.092013e+00 1.224283e+01 9.544655e+00
         vertex 4.592013e+00 1.224283e+01 9.544655e+00
         vertex 4.592013e+00 1.253835e+01 8.905898e+00
      endloop
   endfacet
   facet normal 0.000000e+00 9.075755e-01 4.198890e-01
      outer loop
         vertex 3.092013e+00 1.224283e+01 9.544655e+00
         vertex 4.592013e+00 1.253835e+01 8.905898e+00
         vertex 3.092013e+00 1.253835e+01 8.905898e+00
      endloop
   endfacet
   facet normal -0.000000e+00 9.476532e-01 3.193016e-01
      outer loop
         vertex 3.092013e+00 1.253835e+01 8.905898e+00
         vertex 4.592013e+00 1.253835e+01 8.905898e+00
         vertex 4.592013e+00 1.276308e+01 8.238934e+00
      endloop
   endfacet
   facet normal 0.000000e+00 9.476532e-01 3.193016e-01
      outer loop
         vertex 3.092013e+00 1.253835e+01 8.905898e+00
         vertex 4.592013e+00 1.276308e+01 8.238934e+00
         vertex 3.092013e+00 1.276308e+01 8.238934e+00
      endloop
   endfacet
   facet normal -0.000000e+00 9.766205e-01 2.149706e-01
      outer loop
         vertex 3.092013e+00 1.276308e+01 8.238934e+00
         vertex 4.592013e+00 1.276308e+01 8.238934e+00
         vertex 4.592013e+00 1.291437e+01 7.551583e+00
      endloop
   endfacet
   facet normal 0.000000e+00 9.766205e-01 2.149706e-01
      outer loop
         vertex 3.092013e+00 1.276308e+01 8.238934e+00
         vertex 4.592013e+00 1.291437e+01 7.551583e+00
         vertex 3.092013e+00 1.291437e+01 7.551583e+00
      endloop
   endfacet
   facet normal -0.000000e+00 9.941380e-01 1.081188e-01
      outer loop
         vertex 3.092013e+00 1.291437e+01 7.551583e+00
         vertex 4.592013e+00 1.291437e+01 7.551583e+00
         vertex 4.592013e+00 1.299047e+01 6.851903e+00
      endloop
   endfacet
   facet normal 0.000000e+00 9.941380e-01 1.081188e-01
      outer loop
         vertex 3.092013e+00 1.291437e+01 7.551583e+00
         vertex 4.592013e+00 1.299047e+01 6.851903e+00
         vertex 3.092013e+00 1.299047e+01 6.851903e+00
      endloop
   endfacet
   facet normal -0.000000e+00 1.000000e+00 0.000000e+00
      outer loop
         vertex 3.092013e+00 1.299047e+01 6.851903e+00
         vertex 4.592013e+00 1.299047e+01 6.851903e+00
         vertex 4.592013e+00 1.299047e+01 6.148097e+00
      endloop
   endfacet
   facet normal 0.000000e+00 1.000000e+00 0.000000e+00
      outer loop
         vertex 3.092013e+00 1.299047e+01 6.851903e+00
         vertex 4.592013e+00 1.299047e+01 6.148097e+00
         vertex 3.092013e+00 1.299047e+01 6.148097e+00
      endloop
   endfacet
   facet normal 0.000000e+00 9.941380e-01 -1.081188e-01
      outer loop
         vertex 3.092013e+00 1.299047e+01 6.148097e+00
         vertex 4.592013e+00 1.299047e+01 6.148097e+00
         vertex 4.592013e+00 1.291437e+01 5.448417e+00
      endloop
   endfacet
   facet normal 0.000000e+00 9.941380e-01 -1.081188e-01
      outer loop
         vertex 3.092013e+00 1.299047e+01 6.148097e+00
         vertex 4.592013e+00 1.291437e+01 5.448417e+00
         vertex 3.092013e+00 1.291437e+01 5.448417e+00
      endloop
   endfacet
   facet normal 0.000000e+00 9.766205e-01 -2.149706e-01
      outer loop
         vertex 3.092013e+00 1.291437e+01 5.448417e+00
         vertex 4.592013e+00 1.291437e+01 5.448417e+00
         vertex 4.592013e+00 1.276308e+01 4.761066e+00
      endloop
   endfacet
   facet normal 0.000000e+00 9.766205e-01 -2.149706e-01
      outer loop
         vertex 3.092013e+00 1.291437e+01 5.448417e+00
         vertex 4.592013e+00 1.276308e+01 4.761066e+00
         vertex 3.092013e+00 1.276308e+01 4.761066e+00
      endloop
   endfacet
   facet normal 0.000000e+00 9.476532e-01 -3.193016e-01
      outer loop
         vertex 3.092013e+00 1.276308e+01 4.761066e+00
         vertex 4.592013e+00 1.276308e+01 4.761066e+00
         vertex 4.592013e+00 1.253835e+01 4.094102e+00
      endloop
   endfacet
   facet normal 0.000000e+00 9.476532e-01 -3.193016e-01
      outer loop
         vertex 3.092013e+00 1.276308e+01 4.761066e+00
         vertex 4.592013e+00 1.253835e+01 4.094102e+00
         vertex 3.092013e+00 1.253835e+01 4.094102e+00
      endloop
   endfacet
   facet normal 0.000000e+00 9.075755e-01 -4.198890e-01
      outer loop
         vertex 3.092013e+00 1.253835e+01 4.094102e+00
         vertex 4.592013e+00 1.253835e+01 4.094102e+00
         vertex 4.592013e+00 1.224283e+01 3.455345e+00
      endloop
   endfacet
   facet normal 0.000000e+00 9.075755e-01 -4.198890e-01
      outer loop
         vertex 3.092013e+00 1.253835e+01 4.094102e+00
         vertex 4.592013e+00 1.224283e+01 3.455345e+00
         vertex 3.092013e+00 1.224283e+01 3.455345e+00
      endloop
   endfacet
   facet normal 0.000000e+00 8.568572e-01 -5.155538e-01
      outer loop
         vertex 3.092013e+00 1.224283e+01 3.455345e+00
         vertex 4.592013e+00 1.224283e+01 3.455345e+00
         vertex 4.592013e+00 1.187998e+01 2.852284e+00
      endloop
   endfacet
   facet normal 0.000000e+00 8.568572e-01 -5.155538e-01
      outer loop
         vertex 3.092013e+00 1.224283e+01 3.455345e+00
         vertex 4.592013e+00 1.187998e+01 2.852284e+00
         vertex 3.092013e+00 1.187998e+01 2.852284e+00
      endloop
   endfacet
   facet normal 0.000000e+00 7.960930e-01 -6.051743e-01
      outer loop
         vertex 3.092013e+00 1.187998e+01 2.852284e+00
         vertex 4.592013e+00 1.187998e+01 2.852284e+00
         vertex 4.592013e+00 1.145405e+01 2.291990e+00
      endloop
   endfacet
   facet normal 0.000000e+00 7.960930e-01 -6.051743e-01
      outer loop
         vertex 3.092013e+00 1.187998e+01 2.852284e+00
         vertex 4.592013e+00 1.145405e+01 2.291990e+00
         vertex 3.092013e+00 1.145405e+01 2.291990e+00
      endloop
   endfacet
   facet normal 0.000000e+00 7.259955e-01 -6.876995e-01
      outer loop
         vertex 3.092013e+00 1.145405e+01 2.291990e+00
         vertex 4.592013e+00 1.145405e+01 2.291990e+00
         vertex 4.592013e+00 1.097005e+01 1.781030e+00
      endloop
   endfacet
   facet normal 0.000000e+00 7.259955e-01 -6.876995e-01
      outer loop
         vertex 3.092013e+00 1.145405e+01 2.291990e+00
         vertex 4.592013e+00 1.097005e+01 1.781030e+00
         vertex 3.092013e+00 1.097005e+01 1.781030e+00
      endloop
   endfacet
   facet normal 0.000000e+00 6.473861e-01 -7.621622e-01
      outer loop
         vertex 3.092013e+00 1.097005e+01 1.781030e+00
         vertex 4.592013e+00 1.097005e+01 1.781030e+00
         vertex 4.592013e+00 1.043363e+01 1.325395e+00
      endloop
   endfacet
   facet normal 0.000000e+00 6.473861e-01 -7.621622e-01
      outer loop
         vertex 3.092013e+00 1.097005e+01 1.781030e+00
         vertex 4.592013e+00 1.043363e+01 1.325395e+00
         vertex 3.092013e+00 1.043363e+01 1.325395e+00
      endloop
   endfacet
   facet normal 0.000000e+00 5.611873e-01 -8.276888e-01
      outer loop
         vertex 3.092013e+00 1.043363e+01 1.325395e+00
         vertex 4.592013e+00 1.043363e+01 1.325395e+00
         vertex 4.592013e+00 9.851100e+00 9.304285e-01
      endloop
   endfacet
   facet normal 0.000000e+00 5.611873e-01 -8.276888e-01
      outer loop
         vertex 3.092013e+00 1.043363e+01 1.325395e+00
         vertex 4.592013e+00 9.851100e+00 9.304285e-01
         vertex 3.092013e+00 9.851100e+00 9.304285e-01
      endloop
   endfacet
   facet normal 0.000000e+00 4.684086e-01 -8.835120e-01
      outer loop
         vertex 3.092013e+00 9.851100e+00 9.304285e-01
         vertex 4.592013e+00 9.851100e+00 9.304285e-01
         vertex 4.592013e+00 9.229279e+00 6.007599e-01
      endloop
   endfacet
   facet normal 0.000000e+00 4.684086e-01 -8.835120e-01
      outer loop
         vertex 3.092013e+00 9.851100e+00 9.304285e-01
         vertex 4.592013e+00 9.229279e+00 6.007599e-01
         vertex 3.092013e+00 9.229279e+00 6.007599e-01
      endloop
   endfacet
   facet normal 0.000000e+00 3.701381e-01 -9.289767e-01
      outer loop
         vertex 3.092013e+00 9.229279e+00 6.007599e-01
         vertex 4.592013e+00 9.229279e+00 6.007599e-01
         vertex 4.592013e+00 8.575460e+00 3.402545e-01
      endloop
   endfacet
   facet normal 0.000000e+00 3.701381e-01 -9.289767e-01
      outer loop
         vertex 3.092013e+00 9.229279e+00 6.007599e-01
         vertex 4.592013e+00 8.575460e+00 3.402545e-01
         vertex 3.092013e+00 8.575460e+00 3.402545e-01
      endloop
   endfacet
   facet normal 0.000000e+00 2.675281e-01 -9.635501e-01
      outer loop
         vertex 3.092013e+00 8.575460e+00 3.402545e-01
         vertex 4.592013e+00 8.575460e+00 3.402545e-01
         vertex 4.592013e+00 7.897308e+00 1.519667e-01
      endloop
   endfacet
   facet normal 0.000000e+00 2.675281e-01 -9.635501e-01
      outer loop
         vertex 3.092013e+00 8.575460e+00 3.402545e-01
         vertex 4.592013e+00 7.897308e+00 1.519667e-01
         vertex 3.092013e+00 7.897308e+00 1.519667e-01
      endloop
   endfacet
   facet normal 0.000000e+00 1.617825e-01 -9.868264e-01
      outer loop
         vertex 3.092013e+00 7.897308e+00 1.519667e-01
         vertex 4.592013e+00 7.897308e+00 1.519667e-01
         vertex 4.592013e+00 7.202774e+00 3.810320e-02
      endloop
   endfacet
   facet normal 0.000000e+00 1.617825e-01 -9.868264e-01
      outer loop
         vertex 3.092013e+00 7.897308e+00 1.519667e-01
         vertex 4.592013e+00 7.202774e+00 3.810320e-02
         vertex 3.092013e+00 7.202774e+00 3.810320e-02
      endloop
   endfacet
   facet normal 0.000000e+00 5.413880e-02 -9.985334e-01
      outer loop
         vertex 3.092013e+00 7.202774e+00 3.810320e-02
         vertex 4.592013e+00 7.202774e+00 3.810320e-02
         vertex 4.592013e+00 6.500000e+00 0.000000e+00
      endloop
   endfacet
   facet normal 0.000000e+00 5.413880e-02 -9.985334e-01
      outer loop
         vertex 3.092013e+00 7.202774e+00 3.810320e-02
         vertex 4.592013e+00 6.500000e+00 0.000000e+00
         vertex 3.092013e+00 6.500000e+00 0.000000e+00
      endloop
   endfacet
   facet normal 0.000000e+00 -5.413880e-02 -9.985334e-01
      outer loop
         vertex 3.092013e+00 6.500000e+00 0.000000e+00
         vertex 4.592013e+00 6.500000e+00 0.000000e+00
         vertex 4.592013e+00 5.797227e+00 3.810320e-02
      endloop
   endfacet
   facet normal 0.000000e+00 -5.413880e-02 -9.985334e-01
      outer loop
         vertex 3.092013e+00 6.500000e+00 0.000000e+00
         vertex 4.592013e+00 5.797227e+00 3.810320e-02
         vertex 3.092013e+00 5.797227e+00 3.810320e-02
      endloop
   endfacet
   facet normal 0.000000e+00 -1.617825e-01 -9.868264e-01
      outer loop
         vertex 3.092013e+00 5.797227e+00 3.810320e-02
         vertex 4.592013e+00 5.797227e+00 3.810320e-02
         vertex 4.592013e+00 5.102692e+00 1.519667e-01
      endloop
   endfacet
   facet normal 0.000000e+00 -1.617825e-01 -9.868264e-01
      outer loop
         vertex 3.092013e+00 5.797227e+00 3.810320e-02
         vertex 4.592013e+00 5.102692e+00 1.519667e-01
         vertex 3.092013e+00 5.102692e+00 1.519667e-01
      endloop
   endfacet
   facet normal 0.000000e+00 -2.675281e-01 -9.635501e-01
      outer loop
         vertex 3.092013e+00 5.102692e+00 1.519667e-01
         vertex 4.592013e+00 5.102692e+00 1.519667e-01
         vertex 4.592013e+00 4.424540e+00 3.402545e-01
      endloop
   endfacet
   facet normal 0.000000e+00 -2.675281e-01 -9.635501e-01
      outer loop
         vertex 3.092013e+00 5.102692e+00 1.519667e-01
         vertex 4.592013e+00 4.424540e+00 3.402545e-01
         vertex 3.092013e+00 4.424540e+00 3.402545e-01
      endloop
   endfacet
   facet normal 0.000000e+00 -3.701381e-01 -9.289767e-01
      outer loop
         vertex 3.092013e+00 4.424540e+00 3.402545e-01
         vertex 4.592013e+00 4.424540e+00 3.402545e-01
         vertex 4.592013e+00 3.770721e+00 6.007599e-01
      endloop
   endfacet
   facet normal 0.000000e+00 -3.701381e-01 -9.289767e-01
      outer loop
         vertex 3.092013e+00 4.424540e+00 3.402545e-01
         vertex 4.592013e+00 3.770721e+00 6.007599e-01
         vertex 3.092013e+00 3.770721e+00 6.007599e-01
      endloop
   endfacet
   facet normal 0.000000e+00 -4.684086e-01 -8.835120e-01
      outer loop
         vertex 3.092013e+00 3.770721e+00 6.007599e-01
         vertex 4.592013e+00 3.770721e+00 6.007599e-01
         vertex 4.592013e+00 3.148900e+00 9.304285e-01
      endloop
   endfacet
   facet normal 0.000000e+00 -4.684086e-01 -8.835120e-01
      outer loop
         vertex 3.092013e+00 3.770721e+00 6.007599e-01
         vertex 4.592013e+00 3.148900e+00 9.304285e-01
         vertex 3.092013e+00 3.148900e+00 9.304285e-01
      endloop
   endfacet
   facet normal 0.000000e+00 -5.611873e-01 -8.276888e-01
      outer loop
         vertex 3.092013e+00 3.148900e+00 9.304285e-01
         vertex 4.592013e+00 3.148900e+00 9.304285e-01
         vertex 4.592013e+00 2.566368e+00 1.325395e+00
      endloop
   endfacet
   facet normal 0.000000e+00 -5.611873e-01 -8.276888e-01
      outer loop
         vertex 3.092013e+00 3.148900e+00 9.304285e-01
         vertex 4.592013e+00 2.566368e+00 1.325395e+00
         vertex 3.092013e+00 2.566368e+00 1.325395e+00
      endloop
   endfacet
   facet normal 0.000000e+00 -6.473861e-01 -7.621622e-01
      outer loop
         vertex 3.092013e+00 2.566368e+00 1.325395e+00
         vertex 4.592013e+00 2.566368e+00 1.325395e+00
         vertex 4.592013e+00 2.029954e+00 1.781030e+00
      endloop
   endfacet
   facet normal 0.000000e+00 -6.473861e-01 -7.621622e-01
      outer loop
         vertex 3.092013e+00 2.566368e+00 1.325395e+00
         vertex 4.592013e+00 2.029954e+00 1.781030e+00
         vertex 3.092013e+00 2.029954e+00 1.781030e+00
      endloop
   endfacet
   facet normal 0.000000e+00 -7.259955e-01 -6.876995e-01
      outer loop
         vertex 3.092013e+00 2.029954e+00 1.781030e+00
         vertex 4.592013e+00 2.029954e+00 1.781030e+00
         vertex 4.592013e+00 1.545947e+00 2.291990e+00
      endloop
   endfacet
   facet normal 0.000000e+00 -7.259955e-01 -6.876995e-01
      outer loop
         vertex 3.092013e+00 2.029954e+00 1.781030e+00
         vertex 4.592013e+00 1.545947e+00 2.291990e+00
         vertex 3.092013e+00 1.545947e+00 2.291990e+00
      endloop
   endfacet
   facet normal 0.000000e+00 -7.960930e-01 -6.051743e-01
      outer loop
         vertex 3.092013e+00 1.545947e+00 2.291990e+00
         vertex 4.592013e+00 1.545947e+00 2.291990e+00
         vertex 4.592013e+00 1.120022e+00 2.852284e+00
      endloop
   endfacet
   facet normal 0.000000e+00 -7.960930e-01 -6.051743e-01
      outer loop
         vertex 3.092013e+00 1.545947e+00 2.291990e+00
         vertex 4.592013e+00 1.120022e+00 2.852284e+00
         vertex 3.092013e+00 1.120022e+00 2.852284e+00
      endloop
   endfacet
   facet normal 0.000000e+00 -8.568572e-01 -5.155538e-01
      outer loop
         vertex 3.092013e+00 1.120022e+00 2.852284e+00
         vertex 4.592013e+00 1.120022e+00 2.852284e+00
         vertex 4.592013e+00 7.571718e-01 3.455345e+00
      endloop
   endfacet
   facet normal 0.000000e+00 -8.568572e-01 -5.155538e-01
      outer loop
         vertex 3.092013e+00 1.120022e+00 2.852284e+00
         vertex 4.592013e+00 7.571718e-01 3.455345e+00
         vertex 3.092013e+00 7.571718e-01 3.455345e+00
      endloop
   endfacet
   facet normal 0.000000e+00 -9.075755e-01 -4.198890e-01
      outer loop
         vertex 3.092013e+00 7.571718e-01 3.455345e+00
         vertex 4.592013e+00 7.571718e-01 3.455345e+00
         vertex 4.592013e+00 4.616515e-01 4.094102e+00
      endloop
   endfacet
   facet normal 0.000000e+00 -9.075755e-01 -4.198890e-01
      outer loop
         vertex 3.092013e+00 7.571718e-01 3.455345e+00
         vertex 4.592013e+00 4.616515e-01 4.094102e+00
         vertex 3.092013e+00 4.616515e-01 4.094102e+00
      endloop
   endfacet
   facet normal 0.000000e+00 -9.476532e-01 -3.193016e-01
      outer loop
         vertex 3.092013e+00 4.616515e-01 4.094102e+00
         vertex 4.592013e+00 4.616515e-01 4.094102e+00
         vertex 4.592013e+00 2.369252e-01 4.761066e+00
      endloop
   endfacet
   facet normal 0.000000e+00 -9.476532e-01 -3.193016e-01
      outer loop
         vertex 3.092013e+00 4.616515e-01 4.094102e+00
         vertex 4.592013e+00 2.369252e-01 4.761066e+00
         vertex 3.092013e+00 2.369252e-01 4.761066e+00
      endloop
   endfacet
   facet normal 0.000000e+00 -9.766205e-01 -2.149706e-01
      outer loop
         vertex 3.092013e+00 2.369252e-01 4.761066e+00
         vertex 4.592013e+00 2.369252e-01 4.761066e+00
         vertex 4.592013e+00 8.562766e-02 5.448417e+00
      endloop
   endfacet
   facet normal 0.000000e+00 -9.766205e-01 -2.149706e-01
      outer loop
         vertex 3.092013e+00 2.369252e-01 4.761066e+00
         vertex 4.592013e+00 8.562766e-02 5.448417e+00
         vertex 3.092013e+00 8.562766e-02 5.448417e+00
      endloop
   endfacet
   facet normal 0.000000e+00 -9.941380e-01 -1.081188e-01
      outer loop
         vertex 3.092013e+00 8.562766e-02 5.448417e+00
         vertex 4.592013e+00 8.562766e-02 5.448417e+00
         vertex 4.592013e+00 9.533018e-03 6.148097e+00
      endloop
   endfacet
   facet normal 0.000000e+00 -9.941380e-01 -1.081188e-01
      outer loop
         vertex 3.092013e+00 8.562766e-02 5.448417e+00
         vertex 4.592013e+00 9.533018e-03 6.148097e+00
         vertex 3.092013e+00 9.533018e-03 6.148097e+00
      endloop
   endfacet
   facet normal 0.000000e+00 -1.000000e+00 0.000000e+00
      outer loop
         vertex 3.092013e+00 9.533018e-03 6.148097e+00
         vertex 4.592013e+00 9.533018e-03 6.148097e+00
         vertex 4.592013e+00 9.533018e-03 6.851903e+00
      endloop
   endfacet
   facet normal 0.000000e+00 -1.000000e+00 0.000000e+00
      outer loop
         vertex 3.092013e+00 9.533018e-03 6.148097e+00
         vertex 4.592013e+00 9.533018e-03 6.851903e+00
         vertex 3.092013e+00 9.533018e-03 6.851903e+00
      endloop
   endfacet
   facet normal 0.000000e+00 -9.941380e-01 1.081188e-01
      outer loop
         vertex 3.092013e+00 9.533018e-03 6.851903e+00
         vertex 4.592013e+00 9.533018e-03 6.851903e+00
         vertex 4.592013e+00 8.562766e-02 7.551583e+00
      endloop
   endfacet
   facet normal 0.000000e+00 -9.941380e-01 1.081188e-01
      outer loop
         vertex 3.092013e+00 9.533018e-03 6.851903e+00
         vertex 4.592013e+00 8.562766e-02 7.551583e+00
         vertex 3.092013e+00 8.562766e-02 7.551583e+00
      endloop
   endfacet
   facet normal 0.000000e+00 -9.766205e-01 2.149706e-01
      outer loop
         vertex 3.092013e+00 8.562766e-02 7.551583e+00
         vertex 4.592013e+00 8.562766e-02 7.551583e+00
         vertex 4.592013e+00 2.369252e-01 8.238934e+00
      endloop
   endfacet
   facet normal 0.000000e+00 -9.766205e-01 2.149706e-01
      outer loop
         vertex 3.092013e+00 8.562766e-02 7.551583e+00
         vertex 4.592013e+00 2.369252e-01 8.238934e+00
         vertex 3.092013e+00 2.369252e-01 8.238934e+00
      endloop
   endfacet
   facet normal 0.000000e+00 -9.476532e-01 3.193016e-01
      outer loop
         vertex 3.092013e+00 2.369252e-01 8.238934e+00
         vertex 4.592013e+00 2.369252e-01 8.238934e+00
         vertex 4.592013e+00 4.616515e-01 8.905898e+00
      endloop
   endfacet
   facet normal 0.000000e+00 -9.476532e-01 3.193016e-01
      outer loop
         vertex 3.092013e+00 2.369252e-01 8.238934e+00
         vertex 4.592013e+00 4.616515e-01 8.905898e+00
         vertex 3.092013e+00 4.616515e-01 8.905898e+00
      endloop
   endfacet
   facet normal 0.000000e+00 -9.075755e-01 4.198890e-01
      outer loop
         vertex 3.092013e+00 4.616515e-01 8.905898e+00
         vertex 4.592013e+00 4.616515e-01 8.905898e+00
         vertex 4.592013e+00 7.571718e-01 9.544655e+00
      endloop
   endfacet
   facet normal 0.000000e+00 -9.075755e-01 4.198890e-01
      outer loop
         vertex 3.092013e+00 4.616515e-01 8.905898e+00
         vertex 4.592013e+00 7.571718e-01 9.544655e+00
         vertex 3.092013e+00 7.571718e-01 9.544655e+00
      endloop
   endfacet
   facet normal 0.000000e+00 -8.568572e-01 5.155538e-01
      outer loop
         vertex 3.092013e+00 7.571718e-01 9.544655e+00
         vertex 4.592013e+00 7.571718e-01 9.544655e+00
         vertex 4.592013e+00 1.120022e+00 1.014772e+01
      endloop
   endfacet
   facet normal 0.000000e+00 -8.568572e-01 5.155538e-01
      outer loop
         vertex 3.092013e+00 7.571718e-01 9.544655e+00
         vertex 4.592013e+00 1.120022e+00 1.014772e+01
         vertex 3.092013e+00 1.120022e+00 1.014772e+01
      endloop
   endfacet
   facet normal 0.000000e+00 -7.960930e-01 6.051743e-01
      outer loop
         vertex 3.092013e+00 1.120022e+00 1.014772e+01
         vertex 4.592013e+00 1.120022e+00 1.014772e+01
         vertex 4.592013e+00 1.545947e+00 1.070801e+01
      endloop
   endfacet
   facet normal 0.000000e+00 -7.960930e-01 6.051743e-01
      outer loop
         vertex 3.092013e+00 1.120022e+00 1.014772e+01
         vertex 4.592013e+00 1.545947e+00 1.070801e+01
         vertex 3.092013e+00 1.545947e+00 1.070801e+01
      endloop
   endfacet
   facet normal 0.000000e+00 -7.259955e-01 6.876995e-01
      outer loop
         vertex 3.092013e+00 1.545947e+00 1.070801e+01
         vertex 4.592013e+00 1.545947e+00 1.070801e+01
         vertex 4.592013e+00 2.029954e+00 1.121897e+01
      endloop
   endfacet
   facet normal 0.000000e+00 -7.259955e-01 6.876995e-01
      outer loop
         vertex 3.092013e+00 1.545947e+00 1.070801e+01
         vertex 4.592013e+00 2.029954e+00 1.121897e+01
         vertex 3.092013e+00 2.029954e+00 1.121897e+01
      endloop
   endfacet
   facet normal 0.000000e+00 -6.473861e-01 7.621622e-01
      outer loop
         vertex 3.092013e+00 2.029954e+00 1.121897e+01
         vertex 4.592013e+00 2.029954e+00 1.121897e+01
         vertex 4.592013e+00 2.566368e+00 1.167460e+01
      endloop
   endfacet
   facet normal 0.000000e+00 -6.473861e-01 7.621622e-01
      outer loop
         vertex 3.092013e+00 2.029954e+00 1.121897e+01
         vertex 4.592013e+00 2.566368e+00 1.167460e+01
         vertex 3.092013e+00 2.566368e+00 1.167460e+01
      endloop
   endfacet
   facet normal 0.000000e+00 -5.611873e-01 8.276888e-01
      outer loop
         vertex 3.092013e+00 2.566368e+00 1.167460e+01
         vertex 4.592013e+00 2.566368e+00 1.167460e+01
         vertex 4.592013e+00 3.148900e+00 1.206957e+01
      endloop
   endfacet
   facet normal 0.000000e+00 -5.611873e-01 8.276888e-01
      outer loop
         vertex 3.092013e+00 2.566368e+00 1.167460e+01
         vertex 4.592013e+00 3.148900e+00 1.206957e+01
         vertex 3.092013e+00 3.148900e+00 1.206957e+01
      endloop
   endfacet
   facet normal 0.000000e+00 -4.684086e-01 8.835120e-01
      outer loop
         vertex 3.092013e+00 3.148900e+00 1.206957e+01
         vertex 4.592013e+00 3.148900e+00 1.206957e+01
         vertex 4.592013e+00 3.770721e+00 1.239924e+01
      endloop
   endfacet
   facet normal 0.000000e+00 -4.684086e-01 8.835120e-01
      outer loop
         vertex 3.092013e+00 3.148900e+00 1.206957e+01
         vertex 4.592013e+00 3.770721e+00 1.239924e+01
         vertex 3.092013e+00 3.770721e+00 1.239924e+01
      endloop
   endfacet
   facet normal 0.000000e+00 -3.701381e-01 9.289767e-01
      outer loop
         vertex 3.092013e+00 3.770721e+00 1.239924e+01
         vertex 4.592013e+00 3.770721e+00 1.239924e+01
         vertex 4.592013e+00 4.424540e+00 1.265975e+01
      endloop
   endfacet
   facet normal 0.000000e+00 -3.701381e-01 9.289767e-01
      outer loop
         vertex 3.092013e+00 3.770721e+00 1.239924e+01
         vertex 4.592013e+00 4.424540e+00 1.265975e+01
         vertex 3.092013e+00 4.424540e+00 1.265975e+01
      endloop
   endfacet
   facet normal 0.000000e+00 -2.675281e-01 9.635501e-01
      outer loop
         vertex 3.092013e+00 4.424540e+00 1.265975e+01
         vertex 4.592013e+00 4.424540e+00 1.265975e+01
         vertex 4.592013e+00 5.102692e+00 1.284803e+01
      endloop
   endfacet
   facet normal 0.000000e+00 -2.675281e-01 9.635501e-01
      outer loop
         vertex 3.092013e+00 4.424540e+00 1.265975e+01
         vertex 4.592013e+00 5.102692e+00 1.284803e+01
         vertex 3.092013e+00 5.102692e+00 1.284803e+01
      endloop
   endfacet
   facet normal 0.000000e+00 -1.617825e-01 9.868264e-01
      outer loop
         vertex 3.092013e+00 5.102692e+00 1.284803e+01
         vertex 4.592013e+00 5.102692e+00 1.284803e+01
         vertex 4.592013e+00 5.797227e+00 1.296190e+01
      endloop
   endfacet
   facet normal 0.000000e+00 -1.617825e-01 9.868264e-01
      outer loop
         vertex 3.092013e+00 5.102692e+00 1.284803e+01
         vertex 4.592013e+00 5.797227e+00 1.296190e+01
         vertex 3.092013e+00 5.797227e+00 1.296190e+01
      endloop
   endfacet
   facet normal 0.000000e+00 -5.413880e-02 9.985334e-01
      outer loop
         vertex 3.092013e+00 5.797227e+00 1.296190e+01
         vertex 4.592013e+00 5.797227e+00 1.296190e+01
         vertex 4.592013e+00 6.500000e+00 1.300000e+01
      endloop
   endfacet
   facet normal 0.000000e+00 -5.413880e-02 9.985334e-01
      outer loop
         vertex 3.092013e+00 5.797227e+00 1.296190e+01
         vertex 4.592013e+00 6.500000e+00 1.300000e+01
         vertex 3.092013e+00 6.500000e+00 1.300000e+01
      endloop
   endfacet
   facet normal -0.000000e+00 5.413880e-02 9.985334e-01
      outer loop
         vertex 3.092013e+00 6.500000e+00 1.300000e+01
         vertex 4.592013e+00 6.500000e+00 1.300000e+01
         vertex 4.592013e+00 7.202774e+00 1.296190e+01
      endloop
   endfacet
   facet normal 1.000000e+00 0.000000e+00 0.000000e+00
      outer loop
         vertex 4.592013e+00 8.687500e+00 8.287500e+00
         vertex 4.592013e+00 9.250000e+00 8.287500e+00
         vertex 4.592013e+00 9.250000e+00 1.205000e+01
      endloop
   endfacet
   facet normal 1.000000e+00 0.000000e+00 0.000000e+00
      outer loop
         vertex 4.592013e+00 1.006512e+01 6.130697e+00
         vertex 4.592013e+00 1.000000e+01 6.125000e+00
         vertex 4.592013e+00 1.075000e+01 4.712500e+00
      endloop
   endfacet
   facet normal 1.000000e+00 0.000000e+00 0.000000e+00
      outer loop
         vertex 4.592013e+00 8.562766e-02 5.448417e+00
         vertex 4.592013e+00 2.369252e-01 4.761066e+00
         vertex 4.592013e+00 5.625002e-01 4.712500e+00
      endloop
   endfacet
   facet normal 1.000000e+00 0.000000e+00 0.000000e+00
      outer loop
         vertex 4.592013e+00 5.625002e-01 4.712500e+00
         vertex 4.592013e+00 2.369252e-01 4.761066e+00
         vertex 4.592013e+00 4.616515e-01 4.094102e+00
      endloop
   endfacet
   facet normal 1.000000e+00 -0.000000e+00 0.000000e+00
      outer loop
         vertex 4.592013e+00 1.545947e+00 2.291990e+00
         vertex 4.592013e+00 2.029954e+00 1.781030e+00
         vertex 4.592013e+00 2.250000e+00 4.712500e+00
      endloop
   endfacet
   facet normal 1.000000e+00 0.000000e+00 -0.000000e+00
      outer loop
         vertex 4.592013e+00 7.419608e+00 1.900000e+00
         vertex 4.592013e+00 7.419608e+00 3.300000e+00
         vertex 4.592013e+00 6.419608e+00 4.712500e+00
      endloop
   endfacet
   facet normal 1.000000e+00 0.000000e+00 0.000000e+00
      outer loop
         vertex 4.592013e+00 6.419608e+00 4.712500e+00
         vertex 4.592013e+00 4.312500e+00 4.712500e+00
         vertex 4.592013e+00 4.500000e+00 3.300000e+00
      endloop
   endfacet
   facet normal 1.000000e+00 0.000000e+00 0.000000e+00
      outer loop
         vertex 4.592013e+00 5.419608e+00 3.300000e+00
         vertex 4.592013e+00 5.419608e+00 1.900000e+00
         vertex 4.592013e+00 6.500000e+00 0.000000e+00
      endloop
   endfacet
   facet normal 1.000000e+00 -0.000000e+00 0.000000e+00
      outer loop
         vertex 4.592013e+00 4.500000e+00 1.900000e+00
         vertex 4.592013e+00 3.770721e+00 6.007599e-01
         vertex 4.592013e+00 5.419608e+00 1.900000e+00
      endloop
   endfacet
   facet normal 1.000000e+00 0.000000e+00 0.000000e+00
      outer loop
         vertex 4.592013e+00 5.419608e+00 1.900000e+00
         vertex 4.592013e+00 3.770721e+00 6.007599e-01
         vertex 4.592013e+00 4.424540e+00 3.402545e-01
      endloop
   endfacet
   facet normal 1.000000e+00 -0.000000e+00 0.000000e+00
      outer loop
         vertex 4.592013e+00 4.424540e+00 3.402545e-01
         vertex 4.592013e+00 5.102692e+00 1.519667e-01
         vertex 4.592013e+00 5.419608e+00 1.900000e+00
      endloop
   endfacet
   facet normal 1.000000e+00 0.000000e+00 0.000000e+00
      outer loop
         vertex 4.592013e+00 5.419608e+00 1.900000e+00
         vertex 4.592013e+00 5.102692e+00 1.519667e-01
         vertex 4.592013e+00 5.797227e+00 3.810320e-02
      endloop
   endfacet
   facet normal 1.000000e+00 0.000000e+00 0.000000e+00
      outer loop
         vertex 4.592013e+00 5.419608e+00 1.900000e+00
         vertex 4.592013e+00 5.797227e+00 3.810320e-02
         vertex 4.592013e+00 6.500000e+00 0.000000e+00
      endloop
   endfacet
   facet normal 1.000000e+00 -0.000000e+00 0.000000e+00
      outer loop
         vertex 4.592013e+00 2.029954e+00 1.781030e+00
         vertex 4.592013e+00 2.566368e+00 1.325395e+00
         vertex 4.592013e+00 3.750000e+00 4.712500e+00
      endloop
   endfacet
   facet normal 1.000000e+00 0.000000e+00 0.000000e+00
      outer loop
         vertex 4.592013e+00 3.750000e+00 4.712500e+00
         vertex 4.592013e+00 2.566368e+00 1.325395e+00
         vertex 4.592013e+00 3.148900e+00 9.304285e-01
      endloop
   endfacet
   facet normal 1.000000e+00 0.000000e+00 0.000000e+00
      outer loop
         vertex 4.592013e+00 3.750000e+00 4.712500e+00
         vertex 4.592013e+00 3.148900e+00 9.304285e-01
         vertex 4.592013e+00 3.770721e+00 6.007599e-01
      endloop
   endfacet
   facet normal 1.000000e+00 -0.000000e+00 0.000000e+00
      outer loop
         vertex 4.592013e+00 4.616515e-01 4.094102e+00
         vertex 4.592013e+00 7.571718e-01 3.455345e+00
         vertex 4.592013e+00 2.250000e+00 4.712500e+00
      endloop
   endfacet
   facet normal 1.000000e+00 0.000000e+00 0.000000e+00
      outer loop
         vertex 4.592013e+00 2.250000e+00 4.712500e+00
         vertex 4.592013e+00 7.571718e-01 3.455345e+00
         vertex 4.592013e+00 1.120022e+00 2.852284e+00
      endloop
   endfacet
   facet normal 1.000000e+00 0.000000e+00 0.000000e+00
      outer loop
         vertex 4.592013e+00 2.250000e+00 4.712500e+00
         vertex 4.592013e+00 1.120022e+00 2.852284e+00
         vertex 4.592013e+00 1.545947e+00 2.291990e+00
      endloop
   endfacet
   facet normal 1.000000e+00 -0.000000e+00 0.000000e+00
      outer loop
         vertex 4.592013e+00 2.369252e-01 8.238934e+00
         vertex 4.592013e+00 8.562766e-02 7.551583e+00
         vertex 4.592013e+00 5.625002e-01 8.287500e+00
      endloop
   endfacet
   facet normal 1.000000e+00 0.000000e+00 0.000000e+00
      outer loop
         vertex 4.592013e+00 5.625002e-01 8.287500e+00
         vertex 4.592013e+00 8.562766e-02 7.551583e+00
         vertex 4.592013e+00 9.533018e-03 6.851903e+00
      endloop
   endfacet
   facet normal 1.000000e+00 0.000000e+00 0.000000e+00
      outer loop
         vertex 4.592013e+00 5.625002e-01 8.287500e+00
         vertex 4.592013e+00 9.533018e-03 6.851903e+00
         vertex 4.592013e+00 5.625002e-01 4.712500e+00
      endloop
   endfacet
   facet normal 1.000000e+00 0.000000e+00 0.000000e+00
      outer loop
         vertex 4.592013e+00 5.625002e-01 4.712500e+00
         vertex 4.592013e+00 9.533018e-03 6.851903e+00
         vertex 4.592013e+00 9.533018e-03 6.148097e+00
      endloop
   endfacet
   facet normal 1.000000e+00 0.000000e+00 0.000000e+00
      outer loop
         vertex 4.592013e+00 5.625002e-01 4.712500e+00
         vertex 4.592013e+00 9.533018e-03 6.148097e+00
         vertex 4.592013e+00 8.562766e-02 5.448417e+00
      endloop
   endfacet
   facet normal 1.000000e+00 0.000000e+00 0.000000e+00
      outer loop
         vertex 4.592013e+00 2.250000e+00 8.287500e+00
         vertex 4.592013e+00 7.571718e-01 9.544655e+00
         vertex 4.592013e+00 5.625002e-01 8.287500e+00
      endloop
   endfacet
   facet normal 1.000000e+00 0.000000e+00 -0.000000e+00
      outer loop
         vertex 4.592013e+00 5.625002e-01 8.287500e+00
         vertex 4.592013e+00 7.571718e-01 9.544655e+00
         vertex 4.592013e+00 4.616515e-01 8.905898e+00
      endloop
   endfacet
   facet normal 1.000000e+00 0.000000e+00 0.000000e+00
      outer loop
         vertex 4.592013e+00 5.625002e-01 8.287500e+00
         vertex 4.592013e+00 4.616515e-01 8.905898e+00
         vertex 4.592013e+00 2.369252e-01 8.238934e+00
      endloop
   endfacet
   facet normal 1.000000e+00 0.000000e+00 0.000000e+00
      outer loop
         vertex 4.592013e+00 2.029954e+00 1.121897e+01
         vertex 4.592013e+00 1.545947e+00 1.070801e+01
         vertex 4.592013e+00 2.250000e+00 8.287500e+00
      endloop
   endfacet
   facet normal 1.000000e+00 0.000000e+00 0.000000e+00
      outer loop
         vertex 4.592013e+00 2.250000e+00 8.287500e+00
         vertex 4.592013e+00 1.545947e+00 1.070801e+01
         vertex 4.592013e+00 1.120022e+00 1.014772e+01
      endloop
   endfacet
   facet normal 1.000000e+00 0.000000e+00 0.000000e+00
      outer loop
         vertex 4.592013e+00 2.250000e+00 8.287500e+00
         vertex 4.592013e+00 1.120022e+00 1.014772e+01
         vertex 4.592013e+00 7.571718e-01 9.544655e+00
      endloop
   endfacet
   facet normal 1.000000e+00 -0.000000e+00 0.000000e+00
      outer loop
         vertex 4.592013e+00 2.029954e+00 1.121897e+01
         vertex 4.592013e+00 2.250000e+00 8.287500e+00
         vertex 4.592013e+00 2.566368e+00 1.167460e+01
      endloop
   endfacet
   facet normal 1.000000e+00 0.000000e+00 0.000000e+00
      outer loop
         vertex 4.592013e+00 2.566368e+00 1.167460e+01
         vertex 4.592013e+00 2.250000e+00 8.287500e+00
         vertex 4.592013e+00 3.750000e+00 8.287500e+00
      endloop
   endfacet
   facet normal 1.000000e+00 -0.000000e+00 0.000000e+00
      outer loop
         vertex 4.592013e+00 2.566368e+00 1.167460e+01
         vertex 4.592013e+00 3.750000e+00 8.287500e+00
         vertex 4.592013e+00 3.148900e+00 1.206957e+01
      endloop
   endfacet
   facet normal 1.000000e+00 0.000000e+00 0.000000e+00
      outer loop
         vertex 4.592013e+00 3.750000e+00 1.205000e+01
         vertex 4.592013e+00 4.312500e+00 1.205000e+01
         vertex 4.592013e+00 3.770721e+00 1.239924e+01
      endloop
   endfacet
   facet normal 1.000000e+00 -0.000000e+00 0.000000e+00
      outer loop
         vertex 4.592013e+00 3.770721e+00 1.239924e+01
         vertex 4.592013e+00 4.312500e+00 1.205000e+01
         vertex 4.592013e+00 4.424540e+00 1.265975e+01
      endloop
   endfacet
   facet normal 1.000000e+00 -0.000000e+00 0.000000e+00
      outer loop
         vertex 4.592013e+00 4.424540e+00 1.265975e+01
         vertex 4.592013e+00 4.312500e+00 1.205000e+01
         vertex 4.592013e+00 5.102692e+00 1.284803e+01
      endloop
   endfacet
   facet normal 1.000000e+00 0.000000e+00 0.000000e+00
      outer loop
         vertex 4.592013e+00 5.102692e+00 1.284803e+01
         vertex 4.592013e+00 4.312500e+00 1.205000e+01
         vertex 4.592013e+00 6.419608e+00 1.205000e+01
      endloop
   endfacet
   facet normal 1.000000e+00 -0.000000e+00 0.000000e+00
      outer loop
         vertex 4.592013e+00 5.102692e+00 1.284803e+01
         vertex 4.592013e+00 6.419608e+00 1.205000e+01
         vertex 4.592013e+00 5.797227e+00 1.296190e+01
      endloop
   endfacet
   facet normal 1.000000e+00 0.000000e+00 0.000000e+00
      outer loop
         vertex 4.592013e+00 7.897308e+00 1.284803e+01
         vertex 4.592013e+00 7.202774e+00 1.296190e+01
         vertex 4.592013e+00 6.419608e+00 1.205000e+01
      endloop
   endfacet
   facet normal 1.000000e+00 0.000000e+00 0.000000e+00
      outer loop
         vertex 4.592013e+00 6.419608e+00 1.205000e+01
         vertex 4.592013e+00 7.202774e+00 1.296190e+01
         vertex 4.592013e+00 6.500000e+00 1.300000e+01
      endloop
   endfacet
   facet normal 1.000000e+00 0.000000e+00 -0.000000e+00
      outer loop
         vertex 4.592013e+00 6.419608e+00 1.205000e+01
         vertex 4.592013e+00 6.500000e+00 1.300000e+01
         vertex 4.592013e+00 5.797227e+00 1.296190e+01
      endloop
   endfacet
   facet normal 1.000000e+00 0.000000e+00 0.000000e+00
      outer loop
         vertex 4.592013e+00 6.419608e+00 1.205000e+01
         vertex 4.592013e+00 7.772304e+00 1.205000e+01
         vertex 4.592013e+00 7.897308e+00 1.284803e+01
      endloop
   endfacet
   facet normal 1.000000e+00 0.000000e+00 0.000000e+00
      outer loop
         vertex 4.592013e+00 7.897308e+00 1.284803e+01
         vertex 4.592013e+00 7.772304e+00 1.205000e+01
         vertex 4.592013e+00 8.687500e+00 1.205000e+01
      endloop
   endfacet
   facet normal 1.000000e+00 0.000000e+00 0.000000e+00
      outer loop
         vertex 4.592013e+00 7.897308e+00 1.284803e+01
         vertex 4.592013e+00 8.687500e+00 1.205000e+01
         vertex 4.592013e+00 8.575460e+00 1.265975e+01
      endloop
   endfacet
   facet normal 1.000000e+00 0.000000e+00 -0.000000e+00
      outer loop
         vertex 4.592013e+00 1.075000e+01 8.287500e+00
         vertex 4.592013e+00 1.097005e+01 1.121897e+01
         vertex 4.592013e+00 9.250000e+00 8.287500e+00
      endloop
   endfacet
   facet normal 1.000000e+00 0.000000e+00 0.000000e+00
      outer loop
         vertex 4.592013e+00 9.250000e+00 8.287500e+00
         vertex 4.592013e+00 1.097005e+01 1.121897e+01
         vertex 4.592013e+00 1.043363e+01 1.167460e+01
      endloop
   endfacet
   facet normal 1.000000e+00 0.000000e+00 0.000000e+00
      outer loop
         vertex 4.592013e+00 9.250000e+00 8.287500e+00
         vertex 4.592013e+00 1.043363e+01 1.167460e+01
         vertex 4.592013e+00 9.250000e+00 1.205000e+01
      endloop
   endfacet
   facet normal 1.000000e+00 -0.000000e+00 0.000000e+00
      outer loop
         vertex 4.592013e+00 9.250000e+00 1.205000e+01
         vertex 4.592013e+00 1.043363e+01 1.167460e+01
         vertex 4.592013e+00 9.851100e+00 1.206957e+01
      endloop
   endfacet
   facet normal 1.000000e+00 0.000000e+00 -0.000000e+00
      outer loop
         vertex 4.592013e+00 9.250000e+00 1.205000e+01
         vertex 4.592013e+00 9.851100e+00 1.206957e+01
         vertex 4.592013e+00 9.229279e+00 1.239924e+01
      endloop
   endfacet
   facet normal 1.000000e+00 0.000000e+00 0.000000e+00
      outer loop
         vertex 4.592013e+00 1.075000e+01 8.287500e+00
         vertex 4.592013e+00 1.253835e+01 8.905898e+00
         vertex 4.592013e+00 1.224283e+01 9.544655e+00
      endloop
   endfacet
   facet normal 1.000000e+00 0.000000e+00 0.000000e+00
      outer loop
         vertex 4.592013e+00 1.224283e+01 9.544655e+00
         vertex 4.592013e+00 1.187998e+01 1.014772e+01
         vertex 4.592013e+00 1.075000e+01 8.287500e+00
      endloop
   endfacet
   facet normal 1.000000e+00 0.000000e+00 0.000000e+00
      outer loop
         vertex 4.592013e+00 1.075000e+01 8.287500e+00
         vertex 4.592013e+00 1.187998e+01 1.014772e+01
         vertex 4.592013e+00 1.145405e+01 1.070801e+01
      endloop
   endfacet
   facet normal 1.000000e+00 0.000000e+00 0.000000e+00
      outer loop
         vertex 4.592013e+00 1.075000e+01 8.287500e+00
         vertex 4.592013e+00 1.145405e+01 1.070801e+01
         vertex 4.592013e+00 1.097005e+01 1.121897e+01
      endloop
   endfacet
   facet normal 1.000000e+00 0.000000e+00 0.000000e+00
      outer loop
         vertex 4.592013e+00 1.150000e+01 6.125000e+00
         vertex 4.592013e+00 1.143488e+01 6.130697e+00
         vertex 4.592013e+00 1.075000e+01 4.712500e+00
      endloop
   endfacet
   facet normal 1.000000e+00 0.000000e+00 0.000000e+00
      outer loop
         vertex 4.592013e+00 1.143488e+01 6.130697e+00
         vertex 4.592013e+00 1.137174e+01 6.147615e+00
         vertex 4.592013e+00 1.075000e+01 4.712500e+00
      endloop
   endfacet
   facet normal 1.000000e+00 0.000000e+00 0.000000e+00
      outer loop
         vertex 4.592013e+00 1.075000e+01 4.712500e+00
         vertex 4.592013e+00 1.137174e+01 6.147615e+00
         vertex 4.592013e+00 1.131250e+01 6.175241e+00
      endloop
   endfacet
   facet normal 1.000000e+00 0.000000e+00 0.000000e+00
      outer loop
         vertex 4.592013e+00 1.075000e+01 4.712500e+00
         vertex 4.592013e+00 1.131250e+01 6.175241e+00
         vertex 4.592013e+00 1.125895e+01 6.212733e+00
      endloop
   endfacet
   facet normal 1.000000e+00 0.000000e+00 0.000000e+00
      outer loop
         vertex 4.592013e+00 1.125895e+01 6.212733e+00
         vertex 4.592013e+00 1.121273e+01 6.258955e+00
         vertex 4.592013e+00 1.075000e+01 4.712500e+00
      endloop
   endfacet
   facet normal 1.000000e+00 0.000000e+00 0.000000e+00
      outer loop
         vertex 4.592013e+00 1.075000e+01 4.712500e+00
         vertex 4.592013e+00 1.121273e+01 6.258955e+00
         vertex 4.592013e+00 1.117524e+01 6.312500e+00
      endloop
   endfacet
   facet normal 1.000000e+00 0.000000e+00 0.000000e+00
      outer loop
         vertex 4.592013e+00 1.075000e+01 4.712500e+00
         vertex 4.592013e+00 1.117524e+01 6.312500e+00
         vertex 4.592013e+00 1.114762e+01 6.371743e+00
      endloop
   endfacet
   facet normal 1.000000e+00 0.000000e+00 -0.000000e+00
      outer loop
         vertex 4.592013e+00 1.114762e+01 6.628258e+00
         vertex 4.592013e+00 1.117524e+01 6.687500e+00
         vertex 4.592013e+00 1.075000e+01 8.287500e+00
      endloop
   endfacet
   facet normal 1.000000e+00 0.000000e+00 -0.000000e+00
      outer loop
         vertex 4.592013e+00 1.291437e+01 5.448417e+00
         vertex 4.592013e+00 1.299047e+01 6.148097e+00
         vertex 4.592013e+00 1.185239e+01 6.371743e+00
      endloop
   endfacet
   facet normal 1.000000e+00 0.000000e+00 0.000000e+00
      outer loop
         vertex 4.592013e+00 1.114762e+01 6.371743e+00
         vertex 4.592013e+00 1.113070e+01 6.434882e+00
         vertex 4.592013e+00 1.075000e+01 4.712500e+00
      endloop
   endfacet
   facet normal 1.000000e+00 0.000000e+00 0.000000e+00
      outer loop
         vertex 4.592013e+00 1.075000e+01 4.712500e+00
         vertex 4.592013e+00 1.113070e+01 6.434882e+00
         vertex 4.592013e+00 1.112500e+01 6.500000e+00
      endloop
   endfacet
   facet normal 1.000000e+00 0.000000e+00 0.000000e+00
      outer loop
         vertex 4.592013e+00 1.075000e+01 4.712500e+00
         vertex 4.592013e+00 1.112500e+01 6.500000e+00
         vertex 4.592013e+00 1.075000e+01 8.287500e+00
      endloop
   endfacet
   facet normal 1.000000e+00 0.000000e+00 0.000000e+00
      outer loop
         vertex 4.592013e+00 1.075000e+01 8.287500e+00
         vertex 4.592013e+00 1.112500e+01 6.500000e+00
         vertex 4.592013e+00 1.113070e+01 6.565118e+00
      endloop
   endfacet
   facet normal 1.000000e+00 0.000000e+00 0.000000e+00
      outer loop
         vertex 4.592013e+00 1.075000e+01 8.287500e+00
         vertex 4.592013e+00 1.113070e+01 6.565118e+00
         vertex 4.592013e+00 1.114762e+01 6.628258e+00
      endloop
   endfacet
   facet normal 1.000000e+00 0.000000e+00 0.000000e+00
      outer loop
         vertex 4.592013e+00 1.291437e+01 7.551583e+00
         vertex 4.592013e+00 1.182476e+01 6.687500e+00
         vertex 4.592013e+00 1.299047e+01 6.851903e+00
      endloop
   endfacet
   facet normal 1.000000e+00 0.000000e+00 0.000000e+00
      outer loop
         vertex 4.592013e+00 1.299047e+01 6.851903e+00
         vertex 4.592013e+00 1.182476e+01 6.687500e+00
         vertex 4.592013e+00 1.185239e+01 6.628258e+00
      endloop
   endfacet
   facet normal 1.000000e+00 -0.000000e+00 0.000000e+00
      outer loop
         vertex 4.592013e+00 1.185239e+01 6.628258e+00
         vertex 4.592013e+00 1.186930e+01 6.565118e+00
         vertex 4.592013e+00 1.299047e+01 6.851903e+00
      endloop
   endfacet
   facet normal 1.000000e+00 0.000000e+00 0.000000e+00
      outer loop
         vertex 4.592013e+00 1.299047e+01 6.851903e+00
         vertex 4.592013e+00 1.186930e+01 6.565118e+00
         vertex 4.592013e+00 1.187500e+01 6.500000e+00
      endloop
   endfacet
   facet normal 1.000000e+00 0.000000e+00 0.000000e+00
      outer loop
         vertex 4.592013e+00 1.299047e+01 6.851903e+00
         vertex 4.592013e+00 1.187500e+01 6.500000e+00
         vertex 4.592013e+00 1.299047e+01 6.148097e+00
      endloop
   endfacet
   facet normal 1.000000e+00 0.000000e+00 0.000000e+00
      outer loop
         vertex 4.592013e+00 1.299047e+01 6.148097e+00
         vertex 4.592013e+00 1.187500e+01 6.500000e+00
         vertex 4.592013e+00 1.186930e+01 6.434882e+00
      endloop
   endfacet
   facet normal 1.000000e+00 0.000000e+00 0.000000e+00
      outer loop
         vertex 4.592013e+00 1.299047e+01 6.148097e+00
         vertex 4.592013e+00 1.186930e+01 6.434882e+00
         vertex 4.592013e+00 1.185239e+01 6.371743e+00
      endloop
   endfacet
   facet normal 1.000000e+00 0.000000e+00 0.000000e+00
      outer loop
         vertex 4.592013e+00 1.276308e+01 8.238934e+00
         vertex 4.592013e+00 1.174105e+01 6.787267e+00
         vertex 4.592013e+00 1.291437e+01 7.551583e+00
      endloop
   endfacet
   facet normal 1.000000e+00 0.000000e+00 0.000000e+00
      outer loop
         vertex 4.592013e+00 1.291437e+01 7.551583e+00
         vertex 4.592013e+00 1.174105e+01 6.787267e+00
         vertex 4.592013e+00 1.178727e+01 6.741045e+00
      endloop
   endfacet
   facet normal 1.000000e+00 0.000000e+00 0.000000e+00
      outer loop
         vertex 4.592013e+00 1.291437e+01 7.551583e+00
         vertex 4.592013e+00 1.178727e+01 6.741045e+00
         vertex 4.592013e+00 1.182476e+01 6.687500e+00
      endloop
   endfacet
   facet normal 1.000000e+00 0.000000e+00 0.000000e+00
      outer loop
         vertex 4.592013e+00 1.185239e+01 6.371743e+00
         vertex 4.592013e+00 1.182476e+01 6.312500e+00
         vertex 4.592013e+00 1.291437e+01 5.448417e+00
      endloop
   endfacet
   facet normal 1.000000e+00 0.000000e+00 0.000000e+00
      outer loop
         vertex 4.592013e+00 1.291437e+01 5.448417e+00
         vertex 4.592013e+00 1.182476e+01 6.312500e+00
         vertex 4.592013e+00 1.178727e+01 6.258955e+00
      endloop
   endfacet
   facet normal 1.000000e+00 0.000000e+00 0.000000e+00
      outer loop
         vertex 4.592013e+00 1.291437e+01 5.448417e+00
         vertex 4.592013e+00 1.178727e+01 6.258955e+00
         vertex 4.592013e+00 1.276308e+01 4.761066e+00
      endloop
   endfacet
   facet normal 1.000000e+00 0.000000e+00 0.000000e+00
      outer loop
         vertex 4.592013e+00 1.178727e+01 6.258955e+00
         vertex 4.592013e+00 1.174105e+01 6.212733e+00
         vertex 4.592013e+00 1.276308e+01 4.761066e+00
      endloop
   endfacet
   facet normal 1.000000e+00 0.000000e+00 0.000000e+00
      outer loop
         vertex 4.592013e+00 1.276308e+01 4.761066e+00
         vertex 4.592013e+00 1.174105e+01 6.212733e+00
         vertex 4.592013e+00 1.168750e+01 6.175241e+00
      endloop
   endfacet
   facet normal 1.000000e+00 0.000000e+00 0.000000e+00
      outer loop
         vertex 4.592013e+00 1.276308e+01 4.761066e+00
         vertex 4.592013e+00 1.168750e+01 6.175241e+00
         vertex 4.592013e+00 1.253835e+01 4.094102e+00
      endloop
   endfacet
   facet normal 1.000000e+00 0.000000e+00 0.000000e+00
      outer loop
         vertex 4.592013e+00 1.253835e+01 4.094102e+00
         vertex 4.592013e+00 1.168750e+01 6.175241e+00
         vertex 4.592013e+00 1.162826e+01 6.147615e+00
      endloop
   endfacet
   facet normal 1.000000e+00 0.000000e+00 0.000000e+00
      outer loop
         vertex 4.592013e+00 1.253835e+01 4.094102e+00
         vertex 4.592013e+00 1.162826e+01 6.147615e+00
         vertex 4.592013e+00 1.156512e+01 6.130697e+00
      endloop
   endfacet
   facet normal 1.000000e+00 0.000000e+00 -0.000000e+00
      outer loop
         vertex 4.592013e+00 1.117524e+01 6.687500e+00
         vertex 4.592013e+00 1.121273e+01 6.741045e+00
         vertex 4.592013e+00 1.075000e+01 8.287500e+00
      endloop
   endfacet
   facet normal 1.000000e+00 0.000000e+00 0.000000e+00
      outer loop
         vertex 4.592013e+00 1.075000e+01 8.287500e+00
         vertex 4.592013e+00 1.121273e+01 6.741045e+00
         vertex 4.592013e+00 1.125895e+01 6.787267e+00
      endloop
   endfacet
   facet normal 1.000000e+00 0.000000e+00 0.000000e+00
      outer loop
         vertex 4.592013e+00 1.075000e+01 8.287500e+00
         vertex 4.592013e+00 1.125895e+01 6.787267e+00
         vertex 4.592013e+00 1.131250e+01 6.824760e+00
      endloop
   endfacet
   facet normal 1.000000e+00 0.000000e+00 -0.000000e+00
      outer loop
         vertex 4.592013e+00 1.150000e+01 6.875000e+00
         vertex 4.592013e+00 1.253835e+01 8.905898e+00
         vertex 4.592013e+00 1.143488e+01 6.869303e+00
      endloop
   endfacet
   facet normal 1.000000e+00 0.000000e+00 -0.000000e+00
      outer loop
         vertex 4.592013e+00 1.143488e+01 6.869303e+00
         vertex 4.592013e+00 1.253835e+01 8.905898e+00
         vertex 4.592013e+00 1.075000e+01 8.287500e+00
      endloop
   endfacet
   facet normal 1.000000e+00 0.000000e+00 0.000000e+00
      outer loop
         vertex 4.592013e+00 1.143488e+01 6.869303e+00
         vertex 4.592013e+00 1.075000e+01 8.287500e+00
         vertex 4.592013e+00 1.137174e+01 6.852385e+00
      endloop
   endfacet
   facet normal 1.000000e+00 0.000000e+00 0.000000e+00
      outer loop
         vertex 4.592013e+00 1.137174e+01 6.852385e+00
         vertex 4.592013e+00 1.075000e+01 8.287500e+00
         vertex 4.592013e+00 1.131250e+01 6.824760e+00
      endloop
   endfacet
   facet normal 1.000000e+00 -0.000000e+00 0.000000e+00
      outer loop
         vertex 4.592013e+00 1.150000e+01 6.875000e+00
         vertex 4.592013e+00 1.156512e+01 6.869303e+00
         vertex 4.592013e+00 1.253835e+01 8.905898e+00
      endloop
   endfacet
   facet normal 1.000000e+00 0.000000e+00 0.000000e+00
      outer loop
         vertex 4.592013e+00 1.253835e+01 8.905898e+00
         vertex 4.592013e+00 1.156512e+01 6.869303e+00
         vertex 4.592013e+00 1.162826e+01 6.852385e+00
      endloop
   endfacet
   facet normal 1.000000e+00 0.000000e+00 0.000000e+00
      outer loop
         vertex 4.592013e+00 1.253835e+01 8.905898e+00
         vertex 4.592013e+00 1.162826e+01 6.852385e+00
         vertex 4.592013e+00 1.276308e+01 8.238934e+00
      endloop
   endfacet
   facet normal 1.000000e+00 0.000000e+00 0.000000e+00
      outer loop
         vertex 4.592013e+00 1.276308e+01 8.238934e+00
         vertex 4.592013e+00 1.162826e+01 6.852385e+00
         vertex 4.592013e+00 1.168750e+01 6.824760e+00
      endloop
   endfacet
   facet normal 1.000000e+00 0.000000e+00 0.000000e+00
      outer loop
         vertex 4.592013e+00 1.276308e+01 8.238934e+00
         vertex 4.592013e+00 1.168750e+01 6.824760e+00
         vertex 4.592013e+00 1.174105e+01 6.787267e+00
      endloop
   endfacet
   facet normal 1.000000e+00 0.000000e+00 -0.000000e+00
      outer loop
         vertex 4.592013e+00 1.145405e+01 2.291990e+00
         vertex 4.592013e+00 1.187998e+01 2.852284e+00
         vertex 4.592013e+00 1.075000e+01 4.712500e+00
      endloop
   endfacet
   facet normal 1.000000e+00 0.000000e+00 0.000000e+00
      outer loop
         vertex 4.592013e+00 1.156512e+01 6.130697e+00
         vertex 4.592013e+00 1.150000e+01 6.125000e+00
         vertex 4.592013e+00 1.253835e+01 4.094102e+00
      endloop
   endfacet
   facet normal 1.000000e+00 0.000000e+00 0.000000e+00
      outer loop
         vertex 4.592013e+00 1.253835e+01 4.094102e+00
         vertex 4.592013e+00 1.150000e+01 6.125000e+00
         vertex 4.592013e+00 1.075000e+01 4.712500e+00
      endloop
   endfacet
   facet normal 1.000000e+00 0.000000e+00 0.000000e+00
      outer loop
         vertex 4.592013e+00 1.253835e+01 4.094102e+00
         vertex 4.592013e+00 1.075000e+01 4.712500e+00
         vertex 4.592013e+00 1.224283e+01 3.455345e+00
      endloop
   endfacet
   facet normal 1.000000e+00 0.000000e+00 0.000000e+00
      outer loop
         vertex 4.592013e+00 1.224283e+01 3.455345e+00
         vertex 4.592013e+00 1.075000e+01 4.712500e+00
         vertex 4.592013e+00 1.187998e+01 2.852284e+00
      endloop
   endfacet
   facet normal 1.000000e+00 -0.000000e+00 0.000000e+00
      outer loop
         vertex 4.592013e+00 9.250000e+00 4.712500e+00
         vertex 4.592013e+00 1.043363e+01 1.325395e+00
         vertex 4.592013e+00 1.075000e+01 4.712500e+00
      endloop
   endfacet
   facet normal 1.000000e+00 0.000000e+00 0.000000e+00
      outer loop
         vertex 4.592013e+00 1.075000e+01 4.712500e+00
         vertex 4.592013e+00 1.043363e+01 1.325395e+00
         vertex 4.592013e+00 1.097005e+01 1.781030e+00
      endloop
   endfacet
   facet normal 1.000000e+00 0.000000e+00 0.000000e+00
      outer loop
         vertex 4.592013e+00 1.075000e+01 4.712500e+00
         vertex 4.592013e+00 1.097005e+01 1.781030e+00
         vertex 4.592013e+00 1.145405e+01 2.291990e+00
      endloop
   endfacet
   facet normal 1.000000e+00 -0.000000e+00 0.000000e+00
      outer loop
         vertex 4.592013e+00 6.419608e+00 4.712500e+00
         vertex 4.592013e+00 7.419608e+00 3.300000e+00
         vertex 4.592013e+00 7.772304e+00 4.712500e+00
      endloop
   endfacet
   facet normal 1.000000e+00 0.000000e+00 0.000000e+00
      outer loop
         vertex 4.592013e+00 7.772304e+00 4.712500e+00
         vertex 4.592013e+00 7.419608e+00 3.300000e+00
         vertex 4.592013e+00 7.772304e+00 3.300000e+00
      endloop
   endfacet
   facet normal 1.000000e+00 -0.000000e+00 0.000000e+00
      outer loop
         vertex 4.592013e+00 7.772304e+00 4.712500e+00
         vertex 4.592013e+00 7.772304e+00 3.300000e+00
         vertex 4.592013e+00 8.687500e+00 4.712500e+00
      endloop
   endfacet
   facet normal 1.000000e+00 0.000000e+00 0.000000e+00
      outer loop
         vertex 4.592013e+00 8.687500e+00 4.712500e+00
         vertex 4.592013e+00 7.772304e+00 3.300000e+00
         vertex 4.592013e+00 8.500000e+00 3.300000e+00
      endloop
   endfacet
   facet normal 1.000000e+00 0.000000e+00 0.000000e+00
      outer loop
         vertex 4.592013e+00 8.687500e+00 4.712500e+00
         vertex 4.592013e+00 8.500000e+00 3.300000e+00
         vertex 4.592013e+00 8.500000e+00 1.900000e+00
      endloop
   endfacet
   facet normal 1.000000e+00 0.000000e+00 0.000000e+00
      outer loop
         vertex 4.592013e+00 4.500000e+00 3.300000e+00
         vertex 4.592013e+00 5.419608e+00 3.300000e+00
         vertex 4.592013e+00 6.419608e+00 4.712500e+00
      endloop
   endfacet
   facet normal 1.000000e+00 0.000000e+00 0.000000e+00
      outer loop
         vertex 4.592013e+00 6.419608e+00 4.712500e+00
         vertex 4.592013e+00 5.419608e+00 3.300000e+00
         vertex 4.592013e+00 6.500000e+00 0.000000e+00
      endloop
   endfacet
   facet normal 1.000000e+00 0.000000e+00 0.000000e+00
      outer loop
         vertex 4.592013e+00 6.419608e+00 4.712500e+00
         vertex 4.592013e+00 6.500000e+00 0.000000e+00
         vertex 4.592013e+00 7.419608e+00 1.900000e+00
      endloop
   endfacet
   facet normal 1.000000e+00 0.000000e+00 0.000000e+00
      outer loop
         vertex 4.592013e+00 7.419608e+00 1.900000e+00
         vertex 4.592013e+00 6.500000e+00 0.000000e+00
         vertex 4.592013e+00 7.202774e+00 3.810320e-02
      endloop
   endfacet
   facet normal 1.000000e+00 -0.000000e+00 0.000000e+00
      outer loop
         vertex 4.592013e+00 7.419608e+00 1.900000e+00
         vertex 4.592013e+00 7.202774e+00 3.810320e-02
         vertex 4.592013e+00 7.772304e+00 1.900000e+00
      endloop
   endfacet
   facet normal 1.000000e+00 0.000000e+00 0.000000e+00
      outer loop
         vertex 4.592013e+00 7.772304e+00 1.900000e+00
         vertex 4.592013e+00 7.202774e+00 3.810320e-02
         vertex 4.592013e+00 7.897308e+00 1.519667e-01
      endloop
   endfacet
   facet normal 1.000000e+00 -0.000000e+00 0.000000e+00
      outer loop
         vertex 4.592013e+00 7.772304e+00 1.900000e+00
         vertex 4.592013e+00 7.897308e+00 1.519667e-01
         vertex 4.592013e+00 8.500000e+00 1.900000e+00
      endloop
   endfacet
   facet normal 1.000000e+00 0.000000e+00 0.000000e+00
      outer loop
         vertex 4.592013e+00 8.500000e+00 1.900000e+00
         vertex 4.592013e+00 7.897308e+00 1.519667e-01
         vertex 4.592013e+00 8.575460e+00 3.402545e-01
      endloop
   endfacet
   facet normal 1.000000e+00 -0.000000e+00 0.000000e+00
      outer loop
         vertex 4.592013e+00 8.500000e+00 1.900000e+00
         vertex 4.592013e+00 8.575460e+00 3.402545e-01
         vertex 4.592013e+00 8.687500e+00 4.712500e+00
      endloop
   endfacet
   facet normal 1.000000e+00 0.000000e+00 0.000000e+00
      outer loop
         vertex 4.592013e+00 8.687500e+00 4.712500e+00
         vertex 4.592013e+00 8.575460e+00 3.402545e-01
         vertex 4.592013e+00 9.229279e+00 6.007599e-01
      endloop
   endfacet
   facet normal 1.000000e+00 -0.000000e+00 0.000000e+00
      outer loop
         vertex 4.592013e+00 8.687500e+00 4.712500e+00
         vertex 4.592013e+00 9.229279e+00 6.007599e-01
         vertex 4.592013e+00 9.250000e+00 4.712500e+00
      endloop
   endfacet
   facet normal 1.000000e+00 0.000000e+00 0.000000e+00
      outer loop
         vertex 4.592013e+00 9.250000e+00 4.712500e+00
         vertex 4.592013e+00 9.229279e+00 6.007599e-01
         vertex 4.592013e+00 9.851100e+00 9.304285e-01
      endloop
   endfacet
   facet normal 1.000000e+00 0.000000e+00 0.000000e+00
      outer loop
         vertex 4.592013e+00 9.250000e+00 4.712500e+00
         vertex 4.592013e+00 9.851100e+00 9.304285e-01
         vertex 4.592013e+00 1.043363e+01 1.325395e+00
      endloop
   endfacet
   facet normal 1.000000e+00 -0.000000e+00 0.000000e+00
      outer loop
         vertex 4.592013e+00 4.824760e+00 6.687500e+00
         vertex 4.592013e+00 4.852385e+00 6.628258e+00
         vertex 4.592013e+00 6.419608e+00 8.287500e+00
      endloop
   endfacet
   facet normal 1.000000e+00 0.000000e+00 0.000000e+00
      outer loop
         vertex 4.592013e+00 6.419608e+00 8.287500e+00
         vertex 4.592013e+00 4.852385e+00 6.628258e+00
         vertex 4.592013e+00 4.869303e+00 6.565118e+00
      endloop
   endfacet
   facet normal 1.000000e+00 0.000000e+00 0.000000e+00
      outer loop
         vertex 4.592013e+00 4.875000e+00 6.500000e+00
         vertex 4.592013e+00 4.869303e+00 6.434882e+00
         vertex 4.592013e+00 6.419608e+00 4.712500e+00
      endloop
   endfacet
   facet normal 1.000000e+00 0.000000e+00 0.000000e+00
      outer loop
         vertex 4.592013e+00 6.419608e+00 4.712500e+00
         vertex 4.592013e+00 4.869303e+00 6.434882e+00
         vertex 4.592013e+00 4.852385e+00 6.371743e+00
      endloop
   endfacet
   facet normal 1.000000e+00 0.000000e+00 -0.000000e+00
      outer loop
         vertex 4.592013e+00 4.371742e+00 6.852385e+00
         vertex 4.592013e+00 4.434882e+00 6.869303e+00
         vertex 4.592013e+00 4.312500e+00 8.287500e+00
      endloop
   endfacet
   facet normal 1.000000e+00 0.000000e+00 0.000000e+00
      outer loop
         vertex 4.592013e+00 4.312500e+00 8.287500e+00
         vertex 4.592013e+00 4.434882e+00 6.869303e+00
         vertex 4.592013e+00 4.500000e+00 6.875000e+00
      endloop
   endfacet
   facet normal 1.000000e+00 0.000000e+00 0.000000e+00
      outer loop
         vertex 4.592013e+00 4.312500e+00 8.287500e+00
         vertex 4.592013e+00 4.500000e+00 6.875000e+00
         vertex 4.592013e+00 4.565118e+00 6.869303e+00
      endloop
   endfacet
   facet normal 1.000000e+00 0.000000e+00 0.000000e+00
      outer loop
         vertex 4.592013e+00 6.419608e+00 8.287500e+00
         vertex 4.592013e+00 4.628258e+00 6.852385e+00
         vertex 4.592013e+00 4.687500e+00 6.824760e+00
      endloop
   endfacet
   facet normal 1.000000e+00 -0.000000e+00 0.000000e+00
      outer loop
         vertex 4.592013e+00 4.687500e+00 6.824760e+00
         vertex 4.592013e+00 4.741046e+00 6.787267e+00
         vertex 4.592013e+00 6.419608e+00 8.287500e+00
      endloop
   endfacet
   facet normal 1.000000e+00 0.000000e+00 0.000000e+00
      outer loop
         vertex 4.592013e+00 6.419608e+00 8.287500e+00
         vertex 4.592013e+00 4.741046e+00 6.787267e+00
         vertex 4.592013e+00 4.787267e+00 6.741045e+00
      endloop
   endfacet
   facet normal 1.000000e+00 0.000000e+00 0.000000e+00
      outer loop
         vertex 4.592013e+00 6.419608e+00 8.287500e+00
         vertex 4.592013e+00 4.787267e+00 6.741045e+00
         vertex 4.592013e+00 4.824760e+00 6.687500e+00
      endloop
   endfacet
   facet normal 1.000000e+00 0.000000e+00 0.000000e+00
      outer loop
         vertex 4.592013e+00 4.852385e+00 6.371743e+00
         vertex 4.592013e+00 4.824760e+00 6.312500e+00
         vertex 4.592013e+00 6.419608e+00 4.712500e+00
      endloop
   endfacet
   facet normal 1.000000e+00 0.000000e+00 0.000000e+00
      outer loop
         vertex 4.592013e+00 6.419608e+00 4.712500e+00
         vertex 4.592013e+00 4.824760e+00 6.312500e+00
         vertex 4.592013e+00 4.787267e+00 6.258955e+00
      endloop
   endfacet
   facet normal 1.000000e+00 0.000000e+00 0.000000e+00
      outer loop
         vertex 4.592013e+00 6.419608e+00 4.712500e+00
         vertex 4.592013e+00 4.787267e+00 6.258955e+00
         vertex 4.592013e+00 4.741046e+00 6.212733e+00
      endloop
   endfacet
   facet normal 1.000000e+00 0.000000e+00 0.000000e+00
      outer loop
         vertex 4.592013e+00 4.500000e+00 6.125000e+00
         vertex 4.592013e+00 4.434882e+00 6.130697e+00
         vertex 4.592013e+00 4.312500e+00 4.712500e+00
      endloop
   endfacet
   facet normal 1.000000e+00 0.000000e+00 0.000000e+00
      outer loop
         vertex 4.592013e+00 4.312500e+00 4.712500e+00
         vertex 4.592013e+00 4.434882e+00 6.130697e+00
         vertex 4.592013e+00 4.371742e+00 6.147615e+00
      endloop
   endfacet
   facet normal 1.000000e+00 0.000000e+00 0.000000e+00
      outer loop
         vertex 4.592013e+00 4.312500e+00 4.712500e+00
         vertex 4.592013e+00 4.371742e+00 6.147615e+00
         vertex 4.592013e+00 4.312500e+00 6.175241e+00
      endloop
   endfacet
   facet normal 1.000000e+00 0.000000e+00 0.000000e+00
      outer loop
         vertex 4.592013e+00 4.741046e+00 6.212733e+00
         vertex 4.592013e+00 4.687500e+00 6.175241e+00
         vertex 4.592013e+00 6.419608e+00 4.712500e+00
      endloop
   endfacet
   facet normal 1.000000e+00 0.000000e+00 0.000000e+00
      outer loop
         vertex 4.592013e+00 6.419608e+00 4.712500e+00
         vertex 4.592013e+00 4.687500e+00 6.175241e+00
         vertex 4.592013e+00 4.628258e+00 6.147615e+00
      endloop
   endfacet
   facet normal 1.000000e+00 0.000000e+00 0.000000e+00
      outer loop
         vertex 4.592013e+00 6.419608e+00 4.712500e+00
         vertex 4.592013e+00 4.628258e+00 6.147615e+00
         vertex 4.592013e+00 4.312500e+00 4.712500e+00
      endloop
   endfacet
   facet normal 1.000000e+00 0.000000e+00 0.000000e+00
      outer loop
         vertex 4.592013e+00 4.312500e+00 4.712500e+00
         vertex 4.592013e+00 4.628258e+00 6.147615e+00
         vertex 4.592013e+00 4.565118e+00 6.130697e+00
      endloop
   endfacet
   facet normal 1.000000e+00 0.000000e+00 0.000000e+00
      outer loop
         vertex 4.592013e+00 4.312500e+00 4.712500e+00
         vertex 4.592013e+00 4.565118e+00 6.130697e+00
         vertex 4.592013e+00 4.500000e+00 6.125000e+00
      endloop
   endfacet
   facet normal 1.000000e+00 0.000000e+00 -0.000000e+00
      outer loop
         vertex 4.592013e+00 4.500000e+00 1.900000e+00
         vertex 4.592013e+00 4.500000e+00 3.300000e+00
         vertex 4.592013e+00 3.770721e+00 6.007599e-01
      endloop
   endfacet
   facet normal 1.000000e+00 0.000000e+00 0.000000e+00
      outer loop
         vertex 4.592013e+00 3.770721e+00 6.007599e-01
         vertex 4.592013e+00 4.500000e+00 3.300000e+00
         vertex 4.592013e+00 4.312500e+00 4.712500e+00
      endloop
   endfacet
   facet normal 1.000000e+00 0.000000e+00 -0.000000e+00
      outer loop
         vertex 4.592013e+00 3.770721e+00 6.007599e-01
         vertex 4.592013e+00 4.312500e+00 4.712500e+00
         vertex 4.592013e+00 3.750000e+00 4.712500e+00
      endloop
   endfacet
   facet normal 1.000000e+00 0.000000e+00 0.000000e+00
      outer loop
         vertex 4.592013e+00 3.750000e+00 4.712500e+00
         vertex 4.592013e+00 4.312500e+00 4.712500e+00
         vertex 4.592013e+00 4.312500e+00 6.175241e+00
      endloop
   endfacet
   facet normal 1.000000e+00 0.000000e+00 0.000000e+00
      outer loop
         vertex 4.592013e+00 3.750000e+00 4.712500e+00
         vertex 4.592013e+00 4.312500e+00 6.175241e+00
         vertex 4.592013e+00 4.258955e+00 6.212733e+00
      endloop
   endfacet
   facet normal 1.000000e+00 0.000000e+00 0.000000e+00
      outer loop
         vertex 4.592013e+00 3.750000e+00 8.287500e+00
         vertex 4.592013e+00 4.147616e+00 6.628258e+00
         vertex 4.592013e+00 4.175241e+00 6.687500e+00
      endloop
   endfacet
   facet normal 1.000000e+00 0.000000e+00 -0.000000e+00
      outer loop
         vertex 4.592013e+00 4.175241e+00 6.687500e+00
         vertex 4.592013e+00 4.212733e+00 6.741045e+00
         vertex 4.592013e+00 3.750000e+00 8.287500e+00
      endloop
   endfacet
   facet normal 1.000000e+00 0.000000e+00 0.000000e+00
      outer loop
         vertex 4.592013e+00 3.750000e+00 8.287500e+00
         vertex 4.592013e+00 4.212733e+00 6.741045e+00
         vertex 4.592013e+00 4.258955e+00 6.787267e+00
      endloop
   endfacet
   facet normal 1.000000e+00 -0.000000e+00 0.000000e+00
      outer loop
         vertex 4.592013e+00 3.750000e+00 8.287500e+00
         vertex 4.592013e+00 4.258955e+00 6.787267e+00
         vertex 4.592013e+00 4.312500e+00 8.287500e+00
      endloop
   endfacet
   facet normal 1.000000e+00 0.000000e+00 0.000000e+00
      outer loop
         vertex 4.592013e+00 4.312500e+00 8.287500e+00
         vertex 4.592013e+00 4.258955e+00 6.787267e+00
         vertex 4.592013e+00 4.312500e+00 6.824760e+00
      endloop
   endfacet
   facet normal 1.000000e+00 0.000000e+00 0.000000e+00
      outer loop
         vertex 4.592013e+00 4.312500e+00 8.287500e+00
         vertex 4.592013e+00 4.312500e+00 6.824760e+00
         vertex 4.592013e+00 4.371742e+00 6.852385e+00
      endloop
   endfacet
   facet normal 1.000000e+00 0.000000e+00 0.000000e+00
      outer loop
         vertex 4.592013e+00 4.258955e+00 6.212733e+00
         vertex 4.592013e+00 4.212733e+00 6.258955e+00
         vertex 4.592013e+00 3.750000e+00 4.712500e+00
      endloop
   endfacet
   facet normal 1.000000e+00 0.000000e+00 0.000000e+00
      outer loop
         vertex 4.592013e+00 3.750000e+00 4.712500e+00
         vertex 4.592013e+00 4.212733e+00 6.258955e+00
         vertex 4.592013e+00 4.175241e+00 6.312500e+00
      endloop
   endfacet
   facet normal 1.000000e+00 0.000000e+00 0.000000e+00
      outer loop
         vertex 4.592013e+00 3.750000e+00 4.712500e+00
         vertex 4.592013e+00 4.175241e+00 6.312500e+00
         vertex 4.592013e+00 4.147616e+00 6.371743e+00
      endloop
   endfacet
   facet normal 1.000000e+00 0.000000e+00 0.000000e+00
      outer loop
         vertex 4.592013e+00 4.147616e+00 6.371743e+00
         vertex 4.592013e+00 4.130697e+00 6.434882e+00
         vertex 4.592013e+00 3.750000e+00 4.712500e+00
      endloop
   endfacet
   facet normal 1.000000e+00 0.000000e+00 0.000000e+00
      outer loop
         vertex 4.592013e+00 3.750000e+00 4.712500e+00
         vertex 4.592013e+00 4.130697e+00 6.434882e+00
         vertex 4.592013e+00 4.125000e+00 6.500000e+00
      endloop
   endfacet
   facet normal 1.000000e+00 0.000000e+00 0.000000e+00
      outer loop
         vertex 4.592013e+00 3.750000e+00 4.712500e+00
         vertex 4.592013e+00 4.125000e+00 6.500000e+00
         vertex 4.592013e+00 3.750000e+00 8.287500e+00
      endloop
   endfacet
   facet normal 1.000000e+00 0.000000e+00 0.000000e+00
      outer loop
         vertex 4.592013e+00 3.750000e+00 8.287500e+00
         vertex 4.592013e+00 4.125000e+00 6.500000e+00
         vertex 4.592013e+00 4.130697e+00 6.565118e+00
      endloop
   endfacet
   facet normal 1.000000e+00 0.000000e+00 0.000000e+00
      outer loop
         vertex 4.592013e+00 3.750000e+00 8.287500e+00
         vertex 4.592013e+00 4.130697e+00 6.565118e+00
         vertex 4.592013e+00 4.147616e+00 6.628258e+00
      endloop
   endfacet
   facet normal 1.000000e+00 0.000000e+00 -0.000000e+00
      outer loop
         vertex 4.592013e+00 8.125000e+00 6.500000e+00
         vertex 4.592013e+00 8.130697e+00 6.565118e+00
         vertex 4.592013e+00 7.772304e+00 8.287500e+00
      endloop
   endfacet
   facet normal 1.000000e+00 0.000000e+00 0.000000e+00
      outer loop
         vertex 4.592013e+00 7.772304e+00 8.287500e+00
         vertex 4.592013e+00 8.130697e+00 6.565118e+00
         vertex 4.592013e+00 8.147615e+00 6.628258e+00
      endloop
   endfacet
   facet normal 1.000000e+00 0.000000e+00 0.000000e+00
      outer loop
         vertex 4.592013e+00 7.772304e+00 8.287500e+00
         vertex 4.592013e+00 8.147615e+00 6.628258e+00
         vertex 4.592013e+00 8.175241e+00 6.687500e+00
      endloop
   endfacet
   facet normal 1.000000e+00 0.000000e+00 -0.000000e+00
      outer loop
         vertex 4.592013e+00 8.175241e+00 6.687500e+00
         vertex 4.592013e+00 8.212733e+00 6.741045e+00
         vertex 4.592013e+00 7.772304e+00 8.287500e+00
      endloop
   endfacet
   facet normal 1.000000e+00 0.000000e+00 0.000000e+00
      outer loop
         vertex 4.592013e+00 7.772304e+00 8.287500e+00
         vertex 4.592013e+00 8.212733e+00 6.741045e+00
         vertex 4.592013e+00 8.258955e+00 6.787267e+00
      endloop
   endfacet
   facet normal 1.000000e+00 0.000000e+00 0.000000e+00
      outer loop
         vertex 4.592013e+00 7.772304e+00 8.287500e+00
         vertex 4.592013e+00 8.258955e+00 6.787267e+00
         vertex 4.592013e+00 8.312500e+00 6.824760e+00
      endloop
   endfacet
   facet normal 1.000000e+00 0.000000e+00 0.000000e+00
      outer loop
         vertex 4.592013e+00 8.212733e+00 6.258955e+00
         vertex 4.592013e+00 8.175241e+00 6.312500e+00
         vertex 4.592013e+00 7.772304e+00 4.712500e+00
      endloop
   endfacet
   facet normal 1.000000e+00 0.000000e+00 0.000000e+00
      outer loop
         vertex 4.592013e+00 7.772304e+00 4.712500e+00
         vertex 4.592013e+00 8.175241e+00 6.312500e+00
         vertex 4.592013e+00 8.147615e+00 6.371743e+00
      endloop
   endfacet
   facet normal 1.000000e+00 0.000000e+00 0.000000e+00
      outer loop
         vertex 4.592013e+00 7.772304e+00 4.712500e+00
         vertex 4.592013e+00 8.147615e+00 6.371743e+00
         vertex 4.592013e+00 8.130697e+00 6.434882e+00
      endloop
   endfacet
   facet normal 1.000000e+00 0.000000e+00 0.000000e+00
      outer loop
         vertex 4.592013e+00 8.371743e+00 6.147615e+00
         vertex 4.592013e+00 8.312500e+00 6.175241e+00
         vertex 4.592013e+00 7.772304e+00 4.712500e+00
      endloop
   endfacet
   facet normal 1.000000e+00 0.000000e+00 0.000000e+00
      outer loop
         vertex 4.592013e+00 7.772304e+00 4.712500e+00
         vertex 4.592013e+00 8.312500e+00 6.175241e+00
         vertex 4.592013e+00 8.258955e+00 6.212733e+00
      endloop
   endfacet
   facet normal 1.000000e+00 0.000000e+00 0.000000e+00
      outer loop
         vertex 4.592013e+00 7.772304e+00 4.712500e+00
         vertex 4.592013e+00 8.258955e+00 6.212733e+00
         vertex 4.592013e+00 8.212733e+00 6.258955e+00
      endloop
   endfacet
   facet normal 1.000000e+00 0.000000e+00 -0.000000e+00
      outer loop
         vertex 4.592013e+00 8.312500e+00 6.824760e+00
         vertex 4.592013e+00 8.371743e+00 6.852385e+00
         vertex 4.592013e+00 7.772304e+00 8.287500e+00
      endloop
   endfacet
   facet normal 1.000000e+00 0.000000e+00 0.000000e+00
      outer loop
         vertex 4.592013e+00 7.772304e+00 8.287500e+00
         vertex 4.592013e+00 8.371743e+00 6.852385e+00
         vertex 4.592013e+00 8.434882e+00 6.869303e+00
      endloop
   endfacet
   facet normal 1.000000e+00 -0.000000e+00 0.000000e+00
      outer loop
         vertex 4.592013e+00 7.772304e+00 8.287500e+00
         vertex 4.592013e+00 8.434882e+00 6.869303e+00
         vertex 4.592013e+00 8.687500e+00 8.287500e+00
      endloop
   endfacet
   facet normal 1.000000e+00 0.000000e+00 0.000000e+00
      outer loop
         vertex 4.592013e+00 8.687500e+00 8.287500e+00
         vertex 4.592013e+00 8.434882e+00 6.869303e+00
         vertex 4.592013e+00 8.500000e+00 6.875000e+00
      endloop
   endfacet
   facet normal 1.000000e+00 0.000000e+00 0.000000e+00
      outer loop
         vertex 4.592013e+00 8.687500e+00 8.287500e+00
         vertex 4.592013e+00 8.500000e+00 6.875000e+00
         vertex 4.592013e+00 8.565118e+00 6.869303e+00
      endloop
   endfacet
   facet normal 1.000000e+00 0.000000e+00 0.000000e+00
      outer loop
         vertex 4.592013e+00 8.628258e+00 6.147615e+00
         vertex 4.592013e+00 8.565118e+00 6.130697e+00
         vertex 4.592013e+00 8.687500e+00 4.712500e+00
      endloop
   endfacet
   facet normal 1.000000e+00 0.000000e+00 0.000000e+00
      outer loop
         vertex 4.592013e+00 8.687500e+00 4.712500e+00
         vertex 4.592013e+00 8.565118e+00 6.130697e+00
         vertex 4.592013e+00 8.500000e+00 6.125000e+00
      endloop
   endfacet
   facet normal 1.000000e+00 0.000000e+00 0.000000e+00
      outer loop
         vertex 4.592013e+00 8.687500e+00 4.712500e+00
         vertex 4.592013e+00 8.500000e+00 6.125000e+00
         vertex 4.592013e+00 7.772304e+00 4.712500e+00
      endloop
   endfacet
   facet normal 1.000000e+00 0.000000e+00 0.000000e+00
      outer loop
         vertex 4.592013e+00 7.772304e+00 4.712500e+00
         vertex 4.592013e+00 8.500000e+00 6.125000e+00
         vertex 4.592013e+00 8.434882e+00 6.130697e+00
      endloop
   endfacet
   facet normal 1.000000e+00 0.000000e+00 0.000000e+00
      outer loop
         vertex 4.592013e+00 7.772304e+00 4.712500e+00
         vertex 4.592013e+00 8.434882e+00 6.130697e+00
         vertex 4.592013e+00 8.371743e+00 6.147615e+00
      endloop
   endfacet
   facet normal 1.000000e+00 -0.000000e+00 0.000000e+00
      outer loop
         vertex 4.592013e+00 8.565118e+00 6.869303e+00
         vertex 4.592013e+00 8.628258e+00 6.852385e+00
         vertex 4.592013e+00 8.687500e+00 8.287500e+00
      endloop
   endfacet
   facet normal 1.000000e+00 0.000000e+00 0.000000e+00
      outer loop
         vertex 4.592013e+00 8.687500e+00 8.287500e+00
         vertex 4.592013e+00 8.628258e+00 6.852385e+00
         vertex 4.592013e+00 8.687500e+00 6.824760e+00
      endloop
   endfacet
   facet normal 1.000000e+00 -0.000000e+00 0.000000e+00
      outer loop
         vertex 4.592013e+00 8.687500e+00 8.287500e+00
         vertex 4.592013e+00 8.687500e+00 6.824760e+00
         vertex 4.592013e+00 9.250000e+00 8.287500e+00
      endloop
   endfacet
   facet normal 1.000000e+00 0.000000e+00 0.000000e+00
      outer loop
         vertex 4.592013e+00 9.250000e+00 8.287500e+00
         vertex 4.592013e+00 8.687500e+00 6.824760e+00
         vertex 4.592013e+00 8.741046e+00 6.787267e+00
      endloop
   endfacet
   facet normal 1.000000e+00 -0.000000e+00 0.000000e+00
      outer loop
         vertex 4.592013e+00 8.741046e+00 6.787267e+00
         vertex 4.592013e+00 8.787267e+00 6.741045e+00
         vertex 4.592013e+00 9.250000e+00 8.287500e+00
      endloop
   endfacet
   facet normal 1.000000e+00 0.000000e+00 0.000000e+00
      outer loop
         vertex 4.592013e+00 9.250000e+00 8.287500e+00
         vertex 4.592013e+00 8.787267e+00 6.741045e+00
         vertex 4.592013e+00 8.824760e+00 6.687500e+00
      endloop
   endfacet
   facet normal 1.000000e+00 0.000000e+00 0.000000e+00
      outer loop
         vertex 4.592013e+00 9.250000e+00 8.287500e+00
         vertex 4.592013e+00 8.824760e+00 6.687500e+00
         vertex 4.592013e+00 8.852385e+00 6.628258e+00
      endloop
   endfacet
   facet normal 1.000000e+00 0.000000e+00 0.000000e+00
      outer loop
         vertex 4.592013e+00 8.852385e+00 6.371743e+00
         vertex 4.592013e+00 8.824760e+00 6.312500e+00
         vertex 4.592013e+00 9.250000e+00 4.712500e+00
      endloop
   endfacet
   facet normal 1.000000e+00 -0.000000e+00 0.000000e+00
      outer loop
         vertex 4.592013e+00 8.852385e+00 6.628258e+00
         vertex 4.592013e+00 8.869303e+00 6.565118e+00
         vertex 4.592013e+00 9.250000e+00 8.287500e+00
      endloop
   endfacet
   facet normal 1.000000e+00 0.000000e+00 0.000000e+00
      outer loop
         vertex 4.592013e+00 9.250000e+00 8.287500e+00
         vertex 4.592013e+00 8.869303e+00 6.565118e+00
         vertex 4.592013e+00 8.875000e+00 6.500000e+00
      endloop
   endfacet
   facet normal 1.000000e+00 0.000000e+00 0.000000e+00
      outer loop
         vertex 4.592013e+00 9.250000e+00 8.287500e+00
         vertex 4.592013e+00 8.875000e+00 6.500000e+00
         vertex 4.592013e+00 9.250000e+00 4.712500e+00
      endloop
   endfacet
   facet normal 1.000000e+00 0.000000e+00 0.000000e+00
      outer loop
         vertex 4.592013e+00 9.250000e+00 4.712500e+00
         vertex 4.592013e+00 8.875000e+00 6.500000e+00
         vertex 4.592013e+00 8.869303e+00 6.434882e+00
      endloop
   endfacet
   facet normal 1.000000e+00 0.000000e+00 0.000000e+00
      outer loop
         vertex 4.592013e+00 9.250000e+00 4.712500e+00
         vertex 4.592013e+00 8.869303e+00 6.434882e+00
         vertex 4.592013e+00 8.852385e+00 6.371743e+00
      endloop
   endfacet
   facet normal 1.000000e+00 0.000000e+00 0.000000e+00
      outer loop
         vertex 4.592013e+00 8.824760e+00 6.312500e+00
         vertex 4.592013e+00 8.787267e+00 6.258955e+00
         vertex 4.592013e+00 9.250000e+00 4.712500e+00
      endloop
   endfacet
   facet normal 1.000000e+00 0.000000e+00 0.000000e+00
      outer loop
         vertex 4.592013e+00 9.250000e+00 4.712500e+00
         vertex 4.592013e+00 8.787267e+00 6.258955e+00
         vertex 4.592013e+00 8.741046e+00 6.212733e+00
      endloop
   endfacet
   facet normal 1.000000e+00 0.000000e+00 0.000000e+00
      outer loop
         vertex 4.592013e+00 9.250000e+00 4.712500e+00
         vertex 4.592013e+00 8.741046e+00 6.212733e+00
         vertex 4.592013e+00 8.687500e+00 4.712500e+00
      endloop
   endfacet
   facet normal 1.000000e+00 0.000000e+00 0.000000e+00
      outer loop
         vertex 4.592013e+00 8.687500e+00 4.712500e+00
         vertex 4.592013e+00 8.741046e+00 6.212733e+00
         vertex 4.592013e+00 8.687500e+00 6.175241e+00
      endloop
   endfacet
   facet normal 1.000000e+00 0.000000e+00 -0.000000e+00
      outer loop
         vertex 4.592013e+00 8.687500e+00 4.712500e+00
         vertex 4.592013e+00 8.687500e+00 6.175241e+00
         vertex 4.592013e+00 8.628258e+00 6.147615e+00
      endloop
   endfacet
   facet normal 1.000000e+00 0.000000e+00 0.000000e+00
      outer loop
         vertex 4.592013e+00 9.812500e+00 6.175241e+00
         vertex 4.592013e+00 9.758955e+00 6.212733e+00
         vertex 4.592013e+00 9.250000e+00 4.712500e+00
      endloop
   endfacet
   facet normal 1.000000e+00 0.000000e+00 0.000000e+00
      outer loop
         vertex 4.592013e+00 9.250000e+00 8.287500e+00
         vertex 4.592013e+00 9.647615e+00 6.628258e+00
         vertex 4.592013e+00 9.675241e+00 6.687500e+00
      endloop
   endfacet
   facet normal 1.000000e+00 0.000000e+00 0.000000e+00
      outer loop
         vertex 4.592013e+00 9.812500e+00 6.175241e+00
         vertex 4.592013e+00 9.250000e+00 4.712500e+00
         vertex 4.592013e+00 9.871743e+00 6.147615e+00
      endloop
   endfacet
   facet normal 1.000000e+00 0.000000e+00 0.000000e+00
      outer loop
         vertex 4.592013e+00 9.758955e+00 6.212733e+00
         vertex 4.592013e+00 9.712734e+00 6.258955e+00
         vertex 4.592013e+00 9.250000e+00 4.712500e+00
      endloop
   endfacet
   facet normal 1.000000e+00 0.000000e+00 0.000000e+00
      outer loop
         vertex 4.592013e+00 9.250000e+00 4.712500e+00
         vertex 4.592013e+00 9.712734e+00 6.258955e+00
         vertex 4.592013e+00 9.675241e+00 6.312500e+00
      endloop
   endfacet
   facet normal 1.000000e+00 0.000000e+00 0.000000e+00
      outer loop
         vertex 4.592013e+00 9.250000e+00 4.712500e+00
         vertex 4.592013e+00 9.675241e+00 6.312500e+00
         vertex 4.592013e+00 9.647615e+00 6.371743e+00
      endloop
   endfacet
   facet normal 1.000000e+00 0.000000e+00 0.000000e+00
      outer loop
         vertex 4.592013e+00 9.647615e+00 6.371743e+00
         vertex 4.592013e+00 9.630697e+00 6.434882e+00
         vertex 4.592013e+00 9.250000e+00 4.712500e+00
      endloop
   endfacet
   facet normal 1.000000e+00 0.000000e+00 0.000000e+00
      outer loop
         vertex 4.592013e+00 9.250000e+00 4.712500e+00
         vertex 4.592013e+00 9.630697e+00 6.434882e+00
         vertex 4.592013e+00 9.625000e+00 6.500000e+00
      endloop
   endfacet
   facet normal 1.000000e+00 0.000000e+00 0.000000e+00
      outer loop
         vertex 4.592013e+00 9.250000e+00 4.712500e+00
         vertex 4.592013e+00 9.625000e+00 6.500000e+00
         vertex 4.592013e+00 9.250000e+00 8.287500e+00
      endloop
   endfacet
   facet normal 1.000000e+00 0.000000e+00 0.000000e+00
      outer loop
         vertex 4.592013e+00 9.250000e+00 8.287500e+00
         vertex 4.592013e+00 9.625000e+00 6.500000e+00
         vertex 4.592013e+00 9.630697e+00 6.565118e+00
      endloop
   endfacet
   facet normal 1.000000e+00 0.000000e+00 0.000000e+00
      outer loop
         vertex 4.592013e+00 9.250000e+00 8.287500e+00
         vertex 4.592013e+00 9.630697e+00 6.565118e+00
         vertex 4.592013e+00 9.647615e+00 6.628258e+00
      endloop
   endfacet
   facet normal 1.000000e+00 0.000000e+00 0.000000e+00
      outer loop
         vertex 4.592013e+00 1.035238e+01 6.371743e+00
         vertex 4.592013e+00 1.032476e+01 6.312500e+00
         vertex 4.592013e+00 1.075000e+01 4.712500e+00
      endloop
   endfacet
   facet normal 1.000000e+00 0.000000e+00 0.000000e+00
      outer loop
         vertex 4.592013e+00 1.075000e+01 4.712500e+00
         vertex 4.592013e+00 1.032476e+01 6.312500e+00
         vertex 4.592013e+00 1.028727e+01 6.258955e+00
      endloop
   endfacet
   facet normal 1.000000e+00 0.000000e+00 0.000000e+00
      outer loop
         vertex 4.592013e+00 1.075000e+01 4.712500e+00
         vertex 4.592013e+00 1.028727e+01 6.258955e+00
         vertex 4.592013e+00 1.024105e+01 6.212733e+00
      endloop
   endfacet
   facet normal 1.000000e+00 0.000000e+00 0.000000e+00
      outer loop
         vertex 4.592013e+00 1.075000e+01 4.712500e+00
         vertex 4.592013e+00 1.000000e+01 6.125000e+00
         vertex 4.592013e+00 9.250000e+00 4.712500e+00
      endloop
   endfacet
   facet normal 1.000000e+00 0.000000e+00 0.000000e+00
      outer loop
         vertex 4.592013e+00 9.250000e+00 4.712500e+00
         vertex 4.592013e+00 1.000000e+01 6.125000e+00
         vertex 4.592013e+00 9.934882e+00 6.130697e+00
      endloop
   endfacet
   facet normal 1.000000e+00 0.000000e+00 0.000000e+00
      outer loop
         vertex 4.592013e+00 9.250000e+00 4.712500e+00
         vertex 4.592013e+00 9.934882e+00 6.130697e+00
         vertex 4.592013e+00 9.871743e+00 6.147615e+00
      endloop
   endfacet
   facet normal 1.000000e+00 0.000000e+00 0.000000e+00
      outer loop
         vertex 4.592013e+00 1.024105e+01 6.212733e+00
         vertex 4.592013e+00 1.018750e+01 6.175241e+00
         vertex 4.592013e+00 1.075000e+01 4.712500e+00
      endloop
   endfacet
   facet normal 1.000000e+00 0.000000e+00 0.000000e+00
      outer loop
         vertex 4.592013e+00 1.075000e+01 4.712500e+00
         vertex 4.592013e+00 1.018750e+01 6.175241e+00
         vertex 4.592013e+00 1.012826e+01 6.147615e+00
      endloop
   endfacet
   facet normal 1.000000e+00 0.000000e+00 0.000000e+00
      outer loop
         vertex 4.592013e+00 1.075000e+01 4.712500e+00
         vertex 4.592013e+00 1.012826e+01 6.147615e+00
         vertex 4.592013e+00 1.006512e+01 6.130697e+00
      endloop
   endfacet
   facet normal 1.000000e+00 -0.000000e+00 0.000000e+00
      outer loop
         vertex 4.592013e+00 1.024105e+01 6.787267e+00
         vertex 4.592013e+00 1.028727e+01 6.741045e+00
         vertex 4.592013e+00 1.075000e+01 8.287500e+00
      endloop
   endfacet
   facet normal 1.000000e+00 0.000000e+00 0.000000e+00
      outer loop
         vertex 4.592013e+00 1.075000e+01 8.287500e+00
         vertex 4.592013e+00 1.028727e+01 6.741045e+00
         vertex 4.592013e+00 1.032476e+01 6.687500e+00
      endloop
   endfacet
   facet normal 1.000000e+00 0.000000e+00 0.000000e+00
      outer loop
         vertex 4.592013e+00 1.075000e+01 8.287500e+00
         vertex 4.592013e+00 1.032476e+01 6.687500e+00
         vertex 4.592013e+00 1.035238e+01 6.628258e+00
      endloop
   endfacet
   facet normal 1.000000e+00 -0.000000e+00 0.000000e+00
      outer loop
         vertex 4.592013e+00 1.035238e+01 6.628258e+00
         vertex 4.592013e+00 1.036930e+01 6.565118e+00
         vertex 4.592013e+00 1.075000e+01 8.287500e+00
      endloop
   endfacet
   facet normal 1.000000e+00 0.000000e+00 0.000000e+00
      outer loop
         vertex 4.592013e+00 1.075000e+01 8.287500e+00
         vertex 4.592013e+00 1.036930e+01 6.565118e+00
         vertex 4.592013e+00 1.037500e+01 6.500000e+00
      endloop
   endfacet
   facet normal 1.000000e+00 0.000000e+00 0.000000e+00
      outer loop
         vertex 4.592013e+00 1.075000e+01 8.287500e+00
         vertex 4.592013e+00 1.037500e+01 6.500000e+00
         vertex 4.592013e+00 1.075000e+01 4.712500e+00
      endloop
   endfacet
   facet normal 1.000000e+00 0.000000e+00 0.000000e+00
      outer loop
         vertex 4.592013e+00 1.075000e+01 4.712500e+00
         vertex 4.592013e+00 1.037500e+01 6.500000e+00
         vertex 4.592013e+00 1.036930e+01 6.434882e+00
      endloop
   endfacet
   facet normal 1.000000e+00 0.000000e+00 0.000000e+00
      outer loop
         vertex 4.592013e+00 1.075000e+01 4.712500e+00
         vertex 4.592013e+00 1.036930e+01 6.434882e+00
         vertex 4.592013e+00 1.035238e+01 6.371743e+00
      endloop
   endfacet
   facet normal 1.000000e+00 -0.000000e+00 0.000000e+00
      outer loop
         vertex 4.592013e+00 1.006512e+01 6.869303e+00
         vertex 4.592013e+00 1.012826e+01 6.852385e+00
         vertex 4.592013e+00 1.075000e+01 8.287500e+00
      endloop
   endfacet
   facet normal 1.000000e+00 0.000000e+00 0.000000e+00
      outer loop
         vertex 4.592013e+00 1.075000e+01 8.287500e+00
         vertex 4.592013e+00 1.012826e+01 6.852385e+00
         vertex 4.592013e+00 1.018750e+01 6.824760e+00
      endloop
   endfacet
   facet normal 1.000000e+00 0.000000e+00 0.000000e+00
      outer loop
         vertex 4.592013e+00 1.075000e+01 8.287500e+00
         vertex 4.592013e+00 1.018750e+01 6.824760e+00
         vertex 4.592013e+00 1.024105e+01 6.787267e+00
      endloop
   endfacet
   facet normal 1.000000e+00 0.000000e+00 -0.000000e+00
      outer loop
         vertex 4.592013e+00 9.675241e+00 6.687500e+00
         vertex 4.592013e+00 9.712734e+00 6.741045e+00
         vertex 4.592013e+00 9.250000e+00 8.287500e+00
      endloop
   endfacet
   facet normal 1.000000e+00 0.000000e+00 0.000000e+00
      outer loop
         vertex 4.592013e+00 9.250000e+00 8.287500e+00
         vertex 4.592013e+00 9.712734e+00 6.741045e+00
         vertex 4.592013e+00 9.758955e+00 6.787267e+00
      endloop
   endfacet
   facet normal 1.000000e+00 0.000000e+00 0.000000e+00
      outer loop
         vertex 4.592013e+00 9.250000e+00 8.287500e+00
         vertex 4.592013e+00 9.758955e+00 6.787267e+00
         vertex 4.592013e+00 9.812500e+00 6.824760e+00
      endloop
   endfacet
   facet normal 1.000000e+00 0.000000e+00 -0.000000e+00
      outer loop
         vertex 4.592013e+00 9.812500e+00 6.824760e+00
         vertex 4.592013e+00 9.871743e+00 6.852385e+00
         vertex 4.592013e+00 9.250000e+00 8.287500e+00
      endloop
   endfacet
   facet normal 1.000000e+00 0.000000e+00 0.000000e+00
      outer loop
         vertex 4.592013e+00 9.250000e+00 8.287500e+00
         vertex 4.592013e+00 9.871743e+00 6.852385e+00
         vertex 4.592013e+00 9.934882e+00 6.869303e+00
      endloop
   endfacet
   facet normal 1.000000e+00 -0.000000e+00 0.000000e+00
      outer loop
         vertex 4.592013e+00 9.250000e+00 8.287500e+00
         vertex 4.592013e+00 9.934882e+00 6.869303e+00
         vertex 4.592013e+00 1.075000e+01 8.287500e+00
      endloop
   endfacet
   facet normal 1.000000e+00 0.000000e+00 0.000000e+00
      outer loop
         vertex 4.592013e+00 1.075000e+01 8.287500e+00
         vertex 4.592013e+00 9.934882e+00 6.869303e+00
         vertex 4.592013e+00 1.000000e+01 6.875000e+00
      endloop
   endfacet
   facet normal 1.000000e+00 0.000000e+00 0.000000e+00
      outer loop
         vertex 4.592013e+00 1.075000e+01 8.287500e+00
         vertex 4.592013e+00 1.000000e+01 6.875000e+00
         vertex 4.592013e+00 1.006512e+01 6.869303e+00
      endloop
   endfacet
   facet normal 1.000000e+00 0.000000e+00 0.000000e+00
      outer loop
         vertex 4.592013e+00 9.229279e+00 1.239924e+01
         vertex 4.592013e+00 8.575460e+00 1.265975e+01
         vertex 4.592013e+00 9.250000e+00 1.205000e+01
      endloop
   endfacet
   facet normal 1.000000e+00 0.000000e+00 0.000000e+00
      outer loop
         vertex 4.592013e+00 9.250000e+00 1.205000e+01
         vertex 4.592013e+00 8.575460e+00 1.265975e+01
         vertex 4.592013e+00 8.687500e+00 1.205000e+01
      endloop
   endfacet
   facet normal 1.000000e+00 0.000000e+00 0.000000e+00
      outer loop
         vertex 4.592013e+00 9.250000e+00 1.205000e+01
         vertex 4.592013e+00 8.687500e+00 1.205000e+01
         vertex 4.592013e+00 8.687500e+00 8.287500e+00
      endloop
   endfacet
   facet normal 1.000000e+00 0.000000e+00 -0.000000e+00
      outer loop
         vertex 4.592013e+00 8.687500e+00 8.287500e+00
         vertex 4.592013e+00 8.687500e+00 1.205000e+01
         vertex 4.592013e+00 8.500000e+00 9.700000e+00
      endloop
   endfacet
   facet normal 1.000000e+00 0.000000e+00 0.000000e+00
      outer loop
         vertex 4.592013e+00 8.687500e+00 8.287500e+00
         vertex 4.592013e+00 8.500000e+00 9.700000e+00
         vertex 4.592013e+00 7.772304e+00 8.287500e+00
      endloop
   endfacet
   facet normal 1.000000e+00 0.000000e+00 0.000000e+00
      outer loop
         vertex 4.592013e+00 7.772304e+00 8.287500e+00
         vertex 4.592013e+00 8.500000e+00 9.700000e+00
         vertex 4.592013e+00 7.772304e+00 9.700000e+00
      endloop
   endfacet
   facet normal 1.000000e+00 0.000000e+00 -0.000000e+00
      outer loop
         vertex 4.592013e+00 7.772304e+00 8.287500e+00
         vertex 4.592013e+00 7.772304e+00 9.700000e+00
         vertex 4.592013e+00 6.419608e+00 8.287500e+00
      endloop
   endfacet
   facet normal 1.000000e+00 0.000000e+00 0.000000e+00
      outer loop
         vertex 4.592013e+00 6.419608e+00 8.287500e+00
         vertex 4.592013e+00 7.772304e+00 9.700000e+00
         vertex 4.592013e+00 7.419608e+00 9.700000e+00
      endloop
   endfacet
   facet normal 1.000000e+00 0.000000e+00 0.000000e+00
      outer loop
         vertex 4.592013e+00 6.419608e+00 8.287500e+00
         vertex 4.592013e+00 7.419608e+00 9.700000e+00
         vertex 4.592013e+00 6.419608e+00 1.205000e+01
      endloop
   endfacet
   facet normal 1.000000e+00 0.000000e+00 0.000000e+00
      outer loop
         vertex 4.592013e+00 6.419608e+00 1.205000e+01
         vertex 4.592013e+00 7.419608e+00 9.700000e+00
         vertex 4.592013e+00 7.419608e+00 1.110000e+01
      endloop
   endfacet
   facet normal 1.000000e+00 -0.000000e+00 0.000000e+00
      outer loop
         vertex 4.592013e+00 6.419608e+00 1.205000e+01
         vertex 4.592013e+00 7.419608e+00 1.110000e+01
         vertex 4.592013e+00 7.772304e+00 1.205000e+01
      endloop
   endfacet
   facet normal 1.000000e+00 0.000000e+00 0.000000e+00
      outer loop
         vertex 4.592013e+00 7.772304e+00 1.205000e+01
         vertex 4.592013e+00 7.419608e+00 1.110000e+01
         vertex 4.592013e+00 7.772304e+00 1.110000e+01
      endloop
   endfacet
   facet normal 1.000000e+00 -0.000000e+00 0.000000e+00
      outer loop
         vertex 4.592013e+00 7.772304e+00 1.205000e+01
         vertex 4.592013e+00 7.772304e+00 1.110000e+01
         vertex 4.592013e+00 8.687500e+00 1.205000e+01
      endloop
   endfacet
   facet normal 1.000000e+00 0.000000e+00 0.000000e+00
      outer loop
         vertex 4.592013e+00 8.687500e+00 1.205000e+01
         vertex 4.592013e+00 7.772304e+00 1.110000e+01
         vertex 4.592013e+00 8.500000e+00 1.110000e+01
      endloop
   endfacet
   facet normal 1.000000e+00 0.000000e+00 0.000000e+00
      outer loop
         vertex 4.592013e+00 8.687500e+00 1.205000e+01
         vertex 4.592013e+00 8.500000e+00 1.110000e+01
         vertex 4.592013e+00 8.500000e+00 9.700000e+00
      endloop
   endfacet
   facet normal 1.000000e+00 0.000000e+00 0.000000e+00
      outer loop
         vertex 4.592013e+00 8.130697e+00 6.434882e+00
         vertex 4.592013e+00 8.125000e+00 6.500000e+00
         vertex 4.592013e+00 7.772304e+00 4.712500e+00
      endloop
   endfacet
   facet normal 1.000000e+00 0.000000e+00 0.000000e+00
      outer loop
         vertex 4.592013e+00 7.772304e+00 4.712500e+00
         vertex 4.592013e+00 8.125000e+00 6.500000e+00
         vertex 4.592013e+00 7.772304e+00 8.287500e+00
      endloop
   endfacet
   facet normal 1.000000e+00 0.000000e+00 -0.000000e+00
      outer loop
         vertex 4.592013e+00 7.772304e+00 4.712500e+00
         vertex 4.592013e+00 7.772304e+00 8.287500e+00
         vertex 4.592013e+00 6.419608e+00 4.712500e+00
      endloop
   endfacet
   facet normal 1.000000e+00 0.000000e+00 0.000000e+00
      outer loop
         vertex 4.592013e+00 6.419608e+00 4.712500e+00
         vertex 4.592013e+00 7.772304e+00 8.287500e+00
         vertex 4.592013e+00 6.419608e+00 8.287500e+00
      endloop
   endfacet
   facet normal 1.000000e+00 0.000000e+00 -0.000000e+00
      outer loop
         vertex 4.592013e+00 6.419608e+00 4.712500e+00
         vertex 4.592013e+00 6.419608e+00 8.287500e+00
         vertex 4.592013e+00 4.875000e+00 6.500000e+00
      endloop
   endfacet
   facet normal 1.000000e+00 0.000000e+00 -0.000000e+00
      outer loop
         vertex 4.592013e+00 4.875000e+00 6.500000e+00
         vertex 4.592013e+00 6.419608e+00 8.287500e+00
         vertex 4.592013e+00 4.869303e+00 6.565118e+00
      endloop
   endfacet
   facet normal 1.000000e+00 0.000000e+00 0.000000e+00
      outer loop
         vertex 4.592013e+00 5.419608e+00 9.700000e+00
         vertex 4.592013e+00 4.312500e+00 8.287500e+00
         vertex 4.592013e+00 6.419608e+00 8.287500e+00
      endloop
   endfacet
   facet normal 1.000000e+00 0.000000e+00 0.000000e+00
      outer loop
         vertex 4.592013e+00 6.419608e+00 8.287500e+00
         vertex 4.592013e+00 4.312500e+00 8.287500e+00
         vertex 4.592013e+00 4.565118e+00 6.869303e+00
      endloop
   endfacet
   facet normal 1.000000e+00 0.000000e+00 0.000000e+00
      outer loop
         vertex 4.592013e+00 6.419608e+00 8.287500e+00
         vertex 4.592013e+00 4.565118e+00 6.869303e+00
         vertex 4.592013e+00 4.628258e+00 6.852385e+00
      endloop
   endfacet
   facet normal 1.000000e+00 -0.000000e+00 0.000000e+00
      outer loop
         vertex 4.592013e+00 5.419608e+00 9.700000e+00
         vertex 4.592013e+00 6.419608e+00 8.287500e+00
         vertex 4.592013e+00 5.419608e+00 1.110000e+01
      endloop
   endfacet
   facet normal 1.000000e+00 -0.000000e+00 0.000000e+00
      outer loop
         vertex 4.592013e+00 5.419608e+00 1.110000e+01
         vertex 4.592013e+00 6.419608e+00 8.287500e+00
         vertex 4.592013e+00 6.419608e+00 1.205000e+01
      endloop
   endfacet
   facet normal 1.000000e+00 0.000000e+00 -0.000000e+00
      outer loop
         vertex 4.592013e+00 5.419608e+00 1.110000e+01
         vertex 4.592013e+00 6.419608e+00 1.205000e+01
         vertex 4.592013e+00 4.500000e+00 1.110000e+01
      endloop
   endfacet
   facet normal 1.000000e+00 0.000000e+00 -0.000000e+00
      outer loop
         vertex 4.592013e+00 4.500000e+00 1.110000e+01
         vertex 4.592013e+00 6.419608e+00 1.205000e+01
         vertex 4.592013e+00 4.312500e+00 1.205000e+01
      endloop
   endfacet
   facet normal 1.000000e+00 0.000000e+00 0.000000e+00
      outer loop
         vertex 4.592013e+00 4.500000e+00 1.110000e+01
         vertex 4.592013e+00 4.312500e+00 1.205000e+01
         vertex 4.592013e+00 4.500000e+00 9.700000e+00
      endloop
   endfacet
   facet normal 1.000000e+00 0.000000e+00 0.000000e+00
      outer loop
         vertex 4.592013e+00 5.419608e+00 9.700000e+00
         vertex 4.592013e+00 4.500000e+00 9.700000e+00
         vertex 4.592013e+00 4.312500e+00 8.287500e+00
      endloop
   endfacet
   facet normal 1.000000e+00 0.000000e+00 0.000000e+00
      outer loop
         vertex 4.592013e+00 4.312500e+00 8.287500e+00
         vertex 4.592013e+00 4.500000e+00 9.700000e+00
         vertex 4.592013e+00 4.312500e+00 1.205000e+01
      endloop
   endfacet
   facet normal 1.000000e+00 0.000000e+00 -0.000000e+00
      outer loop
         vertex 4.592013e+00 4.312500e+00 8.287500e+00
         vertex 4.592013e+00 4.312500e+00 1.205000e+01
         vertex 4.592013e+00 3.750000e+00 8.287500e+00
      endloop
   endfacet
   facet normal 1.000000e+00 0.000000e+00 0.000000e+00
      outer loop
         vertex 4.592013e+00 3.750000e+00 8.287500e+00
         vertex 4.592013e+00 4.312500e+00 1.205000e+01
         vertex 4.592013e+00 3.750000e+00 1.205000e+01
      endloop
   endfacet
   facet normal 1.000000e+00 0.000000e+00 -0.000000e+00
      outer loop
         vertex 4.592013e+00 3.750000e+00 8.287500e+00
         vertex 4.592013e+00 3.750000e+00 1.205000e+01
         vertex 4.592013e+00 3.148900e+00 1.206957e+01
      endloop
   endfacet
   facet normal 1.000000e+00 -0.000000e+00 0.000000e+00
      outer loop
         vertex 4.592013e+00 3.148900e+00 1.206957e+01
         vertex 4.592013e+00 3.750000e+00 1.205000e+01
         vertex 4.592013e+00 3.770721e+00 1.239924e+01
      endloop
   endfacet
   facet normal 1.000000e+00 0.000000e+00 0.000000e+00
      outer loop
         vertex 4.592013e+00 2.250000e+00 4.712500e+00
         vertex 4.592013e+00 3.000000e+00 6.125000e+00
         vertex 4.592013e+00 2.934882e+00 6.130697e+00
      endloop
   endfacet
   facet normal 1.000000e+00 0.000000e+00 0.000000e+00
      outer loop
         vertex 4.592013e+00 2.250000e+00 8.287500e+00
         vertex 4.592013e+00 2.647616e+00 6.628258e+00
         vertex 4.592013e+00 2.675241e+00 6.687500e+00
      endloop
   endfacet
   facet normal 1.000000e+00 0.000000e+00 0.000000e+00
      outer loop
         vertex 4.592013e+00 2.758955e+00 6.212733e+00
         vertex 4.592013e+00 2.712734e+00 6.258955e+00
         vertex 4.592013e+00 2.250000e+00 4.712500e+00
      endloop
   endfacet
   facet normal 1.000000e+00 0.000000e+00 0.000000e+00
      outer loop
         vertex 4.592013e+00 2.250000e+00 4.712500e+00
         vertex 4.592013e+00 2.712734e+00 6.258955e+00
         vertex 4.592013e+00 2.675241e+00 6.312500e+00
      endloop
   endfacet
   facet normal 1.000000e+00 0.000000e+00 0.000000e+00
      outer loop
         vertex 4.592013e+00 2.250000e+00 4.712500e+00
         vertex 4.592013e+00 2.675241e+00 6.312500e+00
         vertex 4.592013e+00 2.647616e+00 6.371743e+00
      endloop
   endfacet
   facet normal 1.000000e+00 0.000000e+00 0.000000e+00
      outer loop
         vertex 4.592013e+00 2.647616e+00 6.371743e+00
         vertex 4.592013e+00 2.630697e+00 6.434882e+00
         vertex 4.592013e+00 2.250000e+00 4.712500e+00
      endloop
   endfacet
   facet normal 1.000000e+00 0.000000e+00 0.000000e+00
      outer loop
         vertex 4.592013e+00 2.250000e+00 4.712500e+00
         vertex 4.592013e+00 2.630697e+00 6.434882e+00
         vertex 4.592013e+00 2.625000e+00 6.500000e+00
      endloop
   endfacet
   facet normal 1.000000e+00 0.000000e+00 0.000000e+00
      outer loop
         vertex 4.592013e+00 2.250000e+00 4.712500e+00
         vertex 4.592013e+00 2.625000e+00 6.500000e+00
         vertex 4.592013e+00 2.250000e+00 8.287500e+00
      endloop
   endfacet
   facet normal 1.000000e+00 0.000000e+00 0.000000e+00
      outer loop
         vertex 4.592013e+00 2.250000e+00 8.287500e+00
         vertex 4.592013e+00 2.625000e+00 6.500000e+00
         vertex 4.592013e+00 2.630697e+00 6.565118e+00
      endloop
   endfacet
   facet normal 1.000000e+00 0.000000e+00 0.000000e+00
      outer loop
         vertex 4.592013e+00 2.250000e+00 8.287500e+00
         vertex 4.592013e+00 2.630697e+00 6.565118e+00
         vertex 4.592013e+00 2.647616e+00 6.628258e+00
      endloop
   endfacet
   facet normal 1.000000e+00 0.000000e+00 0.000000e+00
      outer loop
         vertex 4.592013e+00 3.352385e+00 6.371743e+00
         vertex 4.592013e+00 3.324760e+00 6.312500e+00
         vertex 4.592013e+00 3.750000e+00 4.712500e+00
      endloop
   endfacet
   facet normal 1.000000e+00 0.000000e+00 0.000000e+00
      outer loop
         vertex 4.592013e+00 3.750000e+00 4.712500e+00
         vertex 4.592013e+00 3.324760e+00 6.312500e+00
         vertex 4.592013e+00 3.287267e+00 6.258955e+00
      endloop
   endfacet
   facet normal 1.000000e+00 0.000000e+00 0.000000e+00
      outer loop
         vertex 4.592013e+00 3.750000e+00 4.712500e+00
         vertex 4.592013e+00 3.287267e+00 6.258955e+00
         vertex 4.592013e+00 3.241045e+00 6.212733e+00
      endloop
   endfacet
   facet normal 1.000000e+00 0.000000e+00 0.000000e+00
      outer loop
         vertex 4.592013e+00 2.029954e+00 1.781030e+00
         vertex 4.592013e+00 3.750000e+00 4.712500e+00
         vertex 4.592013e+00 2.250000e+00 4.712500e+00
      endloop
   endfacet
   facet normal 1.000000e+00 0.000000e+00 0.000000e+00
      outer loop
         vertex 4.592013e+00 2.250000e+00 4.712500e+00
         vertex 4.592013e+00 3.750000e+00 4.712500e+00
         vertex 4.592013e+00 3.065118e+00 6.130697e+00
      endloop
   endfacet
   facet normal 1.000000e+00 0.000000e+00 0.000000e+00
      outer loop
         vertex 4.592013e+00 2.250000e+00 4.712500e+00
         vertex 4.592013e+00 3.065118e+00 6.130697e+00
         vertex 4.592013e+00 3.000000e+00 6.125000e+00
      endloop
   endfacet
   facet normal 1.000000e+00 0.000000e+00 0.000000e+00
      outer loop
         vertex 4.592013e+00 2.934882e+00 6.130697e+00
         vertex 4.592013e+00 2.871742e+00 6.147615e+00
         vertex 4.592013e+00 2.250000e+00 4.712500e+00
      endloop
   endfacet
   facet normal 1.000000e+00 0.000000e+00 0.000000e+00
      outer loop
         vertex 4.592013e+00 2.250000e+00 4.712500e+00
         vertex 4.592013e+00 2.871742e+00 6.147615e+00
         vertex 4.592013e+00 2.812500e+00 6.175241e+00
      endloop
   endfacet
   facet normal 1.000000e+00 0.000000e+00 0.000000e+00
      outer loop
         vertex 4.592013e+00 2.250000e+00 4.712500e+00
         vertex 4.592013e+00 2.812500e+00 6.175241e+00
         vertex 4.592013e+00 2.758955e+00 6.212733e+00
      endloop
   endfacet
   facet normal 1.000000e+00 0.000000e+00 0.000000e+00
      outer loop
         vertex 4.592013e+00 3.241045e+00 6.212733e+00
         vertex 4.592013e+00 3.187500e+00 6.175241e+00
         vertex 4.592013e+00 3.750000e+00 4.712500e+00
      endloop
   endfacet
   facet normal 1.000000e+00 0.000000e+00 0.000000e+00
      outer loop
         vertex 4.592013e+00 3.750000e+00 4.712500e+00
         vertex 4.592013e+00 3.187500e+00 6.175241e+00
         vertex 4.592013e+00 3.128258e+00 6.147615e+00
      endloop
   endfacet
   facet normal 1.000000e+00 0.000000e+00 0.000000e+00
      outer loop
         vertex 4.592013e+00 3.750000e+00 4.712500e+00
         vertex 4.592013e+00 3.128258e+00 6.147615e+00
         vertex 4.592013e+00 3.065118e+00 6.130697e+00
      endloop
   endfacet
   facet normal 1.000000e+00 -0.000000e+00 0.000000e+00
      outer loop
         vertex 4.592013e+00 3.241045e+00 6.787267e+00
         vertex 4.592013e+00 3.287267e+00 6.741045e+00
         vertex 4.592013e+00 3.750000e+00 8.287500e+00
      endloop
   endfacet
   facet normal 1.000000e+00 0.000000e+00 0.000000e+00
      outer loop
         vertex 4.592013e+00 3.750000e+00 8.287500e+00
         vertex 4.592013e+00 3.287267e+00 6.741045e+00
         vertex 4.592013e+00 3.324760e+00 6.687500e+00
      endloop
   endfacet
   facet normal 1.000000e+00 0.000000e+00 0.000000e+00
      outer loop
         vertex 4.592013e+00 3.750000e+00 8.287500e+00
         vertex 4.592013e+00 3.324760e+00 6.687500e+00
         vertex 4.592013e+00 3.352385e+00 6.628258e+00
      endloop
   endfacet
   facet normal 1.000000e+00 -0.000000e+00 0.000000e+00
      outer loop
         vertex 4.592013e+00 3.352385e+00 6.628258e+00
         vertex 4.592013e+00 3.369303e+00 6.565118e+00
         vertex 4.592013e+00 3.750000e+00 8.287500e+00
      endloop
   endfacet
   facet normal 1.000000e+00 0.000000e+00 0.000000e+00
      outer loop
         vertex 4.592013e+00 3.750000e+00 8.287500e+00
         vertex 4.592013e+00 3.369303e+00 6.565118e+00
         vertex 4.592013e+00 3.375000e+00 6.500000e+00
      endloop
   endfacet
   facet normal 1.000000e+00 0.000000e+00 0.000000e+00
      outer loop
         vertex 4.592013e+00 3.750000e+00 8.287500e+00
         vertex 4.592013e+00 3.375000e+00 6.500000e+00
         vertex 4.592013e+00 3.750000e+00 4.712500e+00
      endloop
   endfacet
   facet normal 1.000000e+00 0.000000e+00 0.000000e+00
      outer loop
         vertex 4.592013e+00 3.750000e+00 4.712500e+00
         vertex 4.592013e+00 3.375000e+00 6.500000e+00
         vertex 4.592013e+00 3.369303e+00 6.434882e+00
      endloop
   endfacet
   facet normal 1.000000e+00 0.000000e+00 0.000000e+00
      outer loop
         vertex 4.592013e+00 3.750000e+00 4.712500e+00
         vertex 4.592013e+00 3.369303e+00 6.434882e+00
         vertex 4.592013e+00 3.352385e+00 6.371743e+00
      endloop
   endfacet
   facet normal 1.000000e+00 -0.000000e+00 0.000000e+00
      outer loop
         vertex 4.592013e+00 3.065118e+00 6.869303e+00
         vertex 4.592013e+00 3.128258e+00 6.852385e+00
         vertex 4.592013e+00 3.750000e+00 8.287500e+00
      endloop
   endfacet
   facet normal 1.000000e+00 0.000000e+00 0.000000e+00
      outer loop
         vertex 4.592013e+00 3.750000e+00 8.287500e+00
         vertex 4.592013e+00 3.128258e+00 6.852385e+00
         vertex 4.592013e+00 3.187500e+00 6.824760e+00
      endloop
   endfacet
   facet normal 1.000000e+00 0.000000e+00 0.000000e+00
      outer loop
         vertex 4.592013e+00 3.750000e+00 8.287500e+00
         vertex 4.592013e+00 3.187500e+00 6.824760e+00
         vertex 4.592013e+00 3.241045e+00 6.787267e+00
      endloop
   endfacet
   facet normal 1.000000e+00 0.000000e+00 -0.000000e+00
      outer loop
         vertex 4.592013e+00 2.675241e+00 6.687500e+00
         vertex 4.592013e+00 2.712734e+00 6.741045e+00
         vertex 4.592013e+00 2.250000e+00 8.287500e+00
      endloop
   endfacet
   facet normal 1.000000e+00 0.000000e+00 0.000000e+00
      outer loop
         vertex 4.592013e+00 2.250000e+00 8.287500e+00
         vertex 4.592013e+00 2.712734e+00 6.741045e+00
         vertex 4.592013e+00 2.758955e+00 6.787267e+00
      endloop
   endfacet
   facet normal 1.000000e+00 0.000000e+00 0.000000e+00
      outer loop
         vertex 4.592013e+00 2.250000e+00 8.287500e+00
         vertex 4.592013e+00 2.758955e+00 6.787267e+00
         vertex 4.592013e+00 2.812500e+00 6.824760e+00
      endloop
   endfacet
   facet normal 1.000000e+00 0.000000e+00 -0.000000e+00
      outer loop
         vertex 4.592013e+00 2.812500e+00 6.824760e+00
         vertex 4.592013e+00 2.871742e+00 6.852385e+00
         vertex 4.592013e+00 2.250000e+00 8.287500e+00
      endloop
   endfacet
   facet normal 1.000000e+00 0.000000e+00 0.000000e+00
      outer loop
         vertex 4.592013e+00 2.250000e+00 8.287500e+00
         vertex 4.592013e+00 2.871742e+00 6.852385e+00
         vertex 4.592013e+00 2.934882e+00 6.869303e+00
      endloop
   endfacet
   facet normal 1.000000e+00 -0.000000e+00 0.000000e+00
      outer loop
         vertex 4.592013e+00 2.250000e+00 8.287500e+00
         vertex 4.592013e+00 2.934882e+00 6.869303e+00
         vertex 4.592013e+00 3.750000e+00 8.287500e+00
      endloop
   endfacet
   facet normal 1.000000e+00 0.000000e+00 0.000000e+00
      outer loop
         vertex 4.592013e+00 3.750000e+00 8.287500e+00
         vertex 4.592013e+00 2.934882e+00 6.869303e+00
         vertex 4.592013e+00 3.000000e+00 6.875000e+00
      endloop
   endfacet
   facet normal 1.000000e+00 0.000000e+00 0.000000e+00
      outer loop
         vertex 4.592013e+00 3.750000e+00 8.287500e+00
         vertex 4.592013e+00 3.000000e+00 6.875000e+00
         vertex 4.592013e+00 3.065118e+00 6.869303e+00
      endloop
   endfacet
   facet normal 1.000000e+00 0.000000e+00 0.000000e+00
      outer loop
         vertex 4.592013e+00 4.616515e-01 4.094102e+00
         vertex 4.592013e+00 2.250000e+00 4.712500e+00
         vertex 4.592013e+00 5.625002e-01 4.712500e+00
      endloop
   endfacet
   facet normal 1.000000e+00 0.000000e+00 0.000000e+00
      outer loop
         vertex 4.592013e+00 5.625002e-01 4.712500e+00
         vertex 4.592013e+00 2.250000e+00 4.712500e+00
         vertex 4.592013e+00 1.500000e+00 6.125000e+00
      endloop
   endfacet
   facet normal 1.000000e+00 0.000000e+00 0.000000e+00
      outer loop
         vertex 4.592013e+00 5.625002e-01 4.712500e+00
         vertex 4.592013e+00 1.500000e+00 6.125000e+00
         vertex 4.592013e+00 1.434882e+00 6.130697e+00
      endloop
   endfacet
   facet normal 1.000000e+00 0.000000e+00 0.000000e+00
      outer loop
         vertex 4.592013e+00 1.434882e+00 6.130697e+00
         vertex 4.592013e+00 1.371743e+00 6.147615e+00
         vertex 4.592013e+00 5.625002e-01 4.712500e+00
      endloop
   endfacet
   facet normal 1.000000e+00 0.000000e+00 0.000000e+00
      outer loop
         vertex 4.592013e+00 5.625002e-01 4.712500e+00
         vertex 4.592013e+00 1.371743e+00 6.147615e+00
         vertex 4.592013e+00 1.312500e+00 6.175241e+00
      endloop
   endfacet
   facet normal 1.000000e+00 0.000000e+00 0.000000e+00
      outer loop
         vertex 4.592013e+00 5.625002e-01 4.712500e+00
         vertex 4.592013e+00 1.312500e+00 6.175241e+00
         vertex 4.592013e+00 1.258955e+00 6.212733e+00
      endloop
   endfacet
   facet normal 1.000000e+00 0.000000e+00 0.000000e+00
      outer loop
         vertex 4.592013e+00 1.258955e+00 6.212733e+00
         vertex 4.592013e+00 1.212733e+00 6.258955e+00
         vertex 4.592013e+00 5.625002e-01 4.712500e+00
      endloop
   endfacet
   facet normal 1.000000e+00 0.000000e+00 0.000000e+00
      outer loop
         vertex 4.592013e+00 5.625002e-01 4.712500e+00
         vertex 4.592013e+00 1.212733e+00 6.258955e+00
         vertex 4.592013e+00 1.175241e+00 6.312500e+00
      endloop
   endfacet
   facet normal 1.000000e+00 0.000000e+00 0.000000e+00
      outer loop
         vertex 4.592013e+00 5.625002e-01 4.712500e+00
         vertex 4.592013e+00 1.175241e+00 6.312500e+00
         vertex 4.592013e+00 1.147615e+00 6.371743e+00
      endloop
   endfacet
   facet normal 1.000000e+00 0.000000e+00 0.000000e+00
      outer loop
         vertex 4.592013e+00 1.852385e+00 6.371743e+00
         vertex 4.592013e+00 1.824760e+00 6.312500e+00
         vertex 4.592013e+00 2.250000e+00 4.712500e+00
      endloop
   endfacet
   facet normal 1.000000e+00 0.000000e+00 -0.000000e+00
      outer loop
         vertex 4.592013e+00 1.147615e+00 6.628258e+00
         vertex 4.592013e+00 1.175241e+00 6.687500e+00
         vertex 4.592013e+00 5.625002e-01 8.287500e+00
      endloop
   endfacet
   facet normal 1.000000e+00 -0.000000e+00 0.000000e+00
      outer loop
         vertex 4.592013e+00 1.741046e+00 6.787267e+00
         vertex 4.592013e+00 1.787267e+00 6.741045e+00
         vertex 4.592013e+00 2.250000e+00 8.287500e+00
      endloop
   endfacet
   facet normal 1.000000e+00 0.000000e+00 0.000000e+00
      outer loop
         vertex 4.592013e+00 2.250000e+00 8.287500e+00
         vertex 4.592013e+00 1.787267e+00 6.741045e+00
         vertex 4.592013e+00 1.824760e+00 6.687500e+00
      endloop
   endfacet
   facet normal 1.000000e+00 0.000000e+00 0.000000e+00
      outer loop
         vertex 4.592013e+00 2.250000e+00 8.287500e+00
         vertex 4.592013e+00 1.824760e+00 6.687500e+00
         vertex 4.592013e+00 1.852385e+00 6.628258e+00
      endloop
   endfacet
   facet normal 1.000000e+00 -0.000000e+00 0.000000e+00
      outer loop
         vertex 4.592013e+00 1.852385e+00 6.628258e+00
         vertex 4.592013e+00 1.869303e+00 6.565118e+00
         vertex 4.592013e+00 2.250000e+00 8.287500e+00
      endloop
   endfacet
   facet normal 1.000000e+00 0.000000e+00 0.000000e+00
      outer loop
         vertex 4.592013e+00 2.250000e+00 8.287500e+00
         vertex 4.592013e+00 1.869303e+00 6.565118e+00
         vertex 4.592013e+00 1.875000e+00 6.500000e+00
      endloop
   endfacet
   facet normal 1.000000e+00 0.000000e+00 0.000000e+00
      outer loop
         vertex 4.592013e+00 2.250000e+00 8.287500e+00
         vertex 4.592013e+00 1.875000e+00 6.500000e+00
         vertex 4.592013e+00 2.250000e+00 4.712500e+00
      endloop
   endfacet
   facet normal 1.000000e+00 0.000000e+00 0.000000e+00
      outer loop
         vertex 4.592013e+00 2.250000e+00 4.712500e+00
         vertex 4.592013e+00 1.875000e+00 6.500000e+00
         vertex 4.592013e+00 1.869303e+00 6.434882e+00
      endloop
   endfacet
   facet normal 1.000000e+00 0.000000e+00 0.000000e+00
      outer loop
         vertex 4.592013e+00 2.250000e+00 4.712500e+00
         vertex 4.592013e+00 1.869303e+00 6.434882e+00
         vertex 4.592013e+00 1.852385e+00 6.371743e+00
      endloop
   endfacet
   facet normal 1.000000e+00 0.000000e+00 0.000000e+00
      outer loop
         vertex 4.592013e+00 1.824760e+00 6.312500e+00
         vertex 4.592013e+00 1.787267e+00 6.258955e+00
         vertex 4.592013e+00 2.250000e+00 4.712500e+00
      endloop
   endfacet
   facet normal 1.000000e+00 0.000000e+00 0.000000e+00
      outer loop
         vertex 4.592013e+00 2.250000e+00 4.712500e+00
         vertex 4.592013e+00 1.787267e+00 6.258955e+00
         vertex 4.592013e+00 1.741046e+00 6.212733e+00
      endloop
   endfacet
   facet normal 1.000000e+00 0.000000e+00 0.000000e+00
      outer loop
         vertex 4.592013e+00 2.250000e+00 4.712500e+00
         vertex 4.592013e+00 1.741046e+00 6.212733e+00
         vertex 4.592013e+00 1.687500e+00 6.175241e+00
      endloop
   endfacet
   facet normal 1.000000e+00 0.000000e+00 0.000000e+00
      outer loop
         vertex 4.592013e+00 1.687500e+00 6.175241e+00
         vertex 4.592013e+00 1.628258e+00 6.147615e+00
         vertex 4.592013e+00 2.250000e+00 4.712500e+00
      endloop
   endfacet
   facet normal 1.000000e+00 0.000000e+00 0.000000e+00
      outer loop
         vertex 4.592013e+00 2.250000e+00 4.712500e+00
         vertex 4.592013e+00 1.628258e+00 6.147615e+00
         vertex 4.592013e+00 1.565118e+00 6.130697e+00
      endloop
   endfacet
   facet normal 1.000000e+00 0.000000e+00 0.000000e+00
      outer loop
         vertex 4.592013e+00 2.250000e+00 4.712500e+00
         vertex 4.592013e+00 1.565118e+00 6.130697e+00
         vertex 4.592013e+00 1.500000e+00 6.125000e+00
      endloop
   endfacet
   facet normal 1.000000e+00 0.000000e+00 0.000000e+00
      outer loop
         vertex 4.592013e+00 1.147615e+00 6.371743e+00
         vertex 4.592013e+00 1.130697e+00 6.434882e+00
         vertex 4.592013e+00 5.625002e-01 4.712500e+00
      endloop
   endfacet
   facet normal 1.000000e+00 0.000000e+00 0.000000e+00
      outer loop
         vertex 4.592013e+00 5.625002e-01 4.712500e+00
         vertex 4.592013e+00 1.130697e+00 6.434882e+00
         vertex 4.592013e+00 1.125000e+00 6.500000e+00
      endloop
   endfacet
   facet normal 1.000000e+00 0.000000e+00 0.000000e+00
      outer loop
         vertex 4.592013e+00 5.625002e-01 4.712500e+00
         vertex 4.592013e+00 1.125000e+00 6.500000e+00
         vertex 4.592013e+00 5.625002e-01 8.287500e+00
      endloop
   endfacet
   facet normal 1.000000e+00 0.000000e+00 0.000000e+00
      outer loop
         vertex 4.592013e+00 5.625002e-01 8.287500e+00
         vertex 4.592013e+00 1.125000e+00 6.500000e+00
         vertex 4.592013e+00 1.130697e+00 6.565118e+00
      endloop
   endfacet
   facet normal 1.000000e+00 0.000000e+00 0.000000e+00
      outer loop
         vertex 4.592013e+00 5.625002e-01 8.287500e+00
         vertex 4.592013e+00 1.130697e+00 6.565118e+00
         vertex 4.592013e+00 1.147615e+00 6.628258e+00
      endloop
   endfacet
   facet normal 1.000000e+00 0.000000e+00 -0.000000e+00
      outer loop
         vertex 4.592013e+00 1.175241e+00 6.687500e+00
         vertex 4.592013e+00 1.212733e+00 6.741045e+00
         vertex 4.592013e+00 5.625002e-01 8.287500e+00
      endloop
   endfacet
   facet normal 1.000000e+00 0.000000e+00 0.000000e+00
      outer loop
         vertex 4.592013e+00 5.625002e-01 8.287500e+00
         vertex 4.592013e+00 1.212733e+00 6.741045e+00
         vertex 4.592013e+00 1.258955e+00 6.787267e+00
      endloop
   endfacet
   facet normal 1.000000e+00 0.000000e+00 0.000000e+00
      outer loop
         vertex 4.592013e+00 5.625002e-01 8.287500e+00
         vertex 4.592013e+00 1.258955e+00 6.787267e+00
         vertex 4.592013e+00 1.312500e+00 6.824760e+00
      endloop
   endfacet
   facet normal 1.000000e+00 0.000000e+00 -0.000000e+00
      outer loop
         vertex 4.592013e+00 1.312500e+00 6.824760e+00
         vertex 4.592013e+00 1.371743e+00 6.852385e+00
         vertex 4.592013e+00 5.625002e-01 8.287500e+00
      endloop
   endfacet
   facet normal 1.000000e+00 0.000000e+00 0.000000e+00
      outer loop
         vertex 4.592013e+00 5.625002e-01 8.287500e+00
         vertex 4.592013e+00 1.371743e+00 6.852385e+00
         vertex 4.592013e+00 1.434882e+00 6.869303e+00
      endloop
   endfacet
   facet normal 1.000000e+00 -0.000000e+00 0.000000e+00
      outer loop
         vertex 4.592013e+00 5.625002e-01 8.287500e+00
         vertex 4.592013e+00 1.434882e+00 6.869303e+00
         vertex 4.592013e+00 2.250000e+00 8.287500e+00
      endloop
   endfacet
   facet normal 1.000000e+00 0.000000e+00 0.000000e+00
      outer loop
         vertex 4.592013e+00 2.250000e+00 8.287500e+00
         vertex 4.592013e+00 1.434882e+00 6.869303e+00
         vertex 4.592013e+00 1.500000e+00 6.875000e+00
      endloop
   endfacet
   facet normal 1.000000e+00 0.000000e+00 0.000000e+00
      outer loop
         vertex 4.592013e+00 2.250000e+00 8.287500e+00
         vertex 4.592013e+00 1.500000e+00 6.875000e+00
         vertex 4.592013e+00 1.565118e+00 6.869303e+00
      endloop
   endfacet
   facet normal 1.000000e+00 -0.000000e+00 0.000000e+00
      outer loop
         vertex 4.592013e+00 1.565118e+00 6.869303e+00
         vertex 4.592013e+00 1.628258e+00 6.852385e+00
         vertex 4.592013e+00 2.250000e+00 8.287500e+00
      endloop
   endfacet
   facet normal 1.000000e+00 0.000000e+00 0.000000e+00
      outer loop
         vertex 4.592013e+00 2.250000e+00 8.287500e+00
         vertex 4.592013e+00 1.628258e+00 6.852385e+00
         vertex 4.592013e+00 1.687500e+00 6.824760e+00
      endloop
   endfacet
   facet normal 1.000000e+00 0.000000e+00 0.000000e+00
      outer loop
         vertex 4.592013e+00 2.250000e+00 8.287500e+00
         vertex 4.592013e+00 1.687500e+00 6.824760e+00
         vertex 4.592013e+00 1.741046e+00 6.787267e+00
      endloop
   endfacet
   facet normal 3.987262e-01 -9.170700e-01 0.000000e+00
      outer loop
         vertex 7.082751e+00 5.582930e+00 1.110000e+01
         vertex 4.592013e+00 4.500000e+00 1.110000e+01
         vertex 7.082751e+00 5.582930e+00 9.700000e+00
      endloop
   endfacet
   facet normal 3.987262e-01 -9.170700e-01 0.000000e+00
      outer loop
         vertex 7.082751e+00 5.582930e+00 9.700000e+00
         vertex 4.592013e+00 4.500000e+00 1.110000e+01
         vertex 4.592013e+00 4.500000e+00 9.700000e+00
      endloop
   endfacet
   facet normal 3.987262e-01 9.170700e-01 -0.000000e+00
      outer loop
         vertex 7.082751e+00 7.417070e+00 9.700000e+00
         vertex 4.592013e+00 8.500000e+00 9.700000e+00
         vertex 7.082751e+00 7.417070e+00 1.110000e+01
      endloop
   endfacet
   facet normal 3.987262e-01 9.170700e-01 0.000000e+00
      outer loop
         vertex 7.082751e+00 7.417070e+00 1.110000e+01
         vertex 4.592013e+00 8.500000e+00 9.700000e+00
         vertex 4.592013e+00 8.500000e+00 1.110000e+01
      endloop
   endfacet
   facet normal 0.000000e+00 0.000000e+00 -1.000000e+00
      outer loop
         vertex 4.592013e+00 4.500000e+00 9.700000e+00
         vertex 6.338480e+00 6.078676e+00 9.700000e+00
         vertex 6.417013e+00 6.023686e+00 9.700000e+00
      endloop
   endfacet
   facet normal -0.000000e+00 0.000000e+00 -1.000000e+00
      outer loop
         vertex 6.150369e+00 6.404494e+00 9.700000e+00
         vertex 4.592013e+00 5.419608e+00 9.700000e+00
         vertex 6.142013e+00 6.500000e+00 9.700000e+00
      endloop
   endfacet
   facet normal 0.000000e+00 0.000000e+00 -1.000000e+00
      outer loop
         vertex 6.142013e+00 6.500000e+00 9.700000e+00
         vertex 4.592013e+00 5.419608e+00 9.700000e+00
         vertex 5.842013e+00 6.500000e+00 9.700000e+00
      endloop
   endfacet
   facet normal -0.000000e+00 0.000000e+00 -1.000000e+00
      outer loop
         vertex 6.142013e+00 6.500000e+00 9.700000e+00
         vertex 5.842013e+00 6.500000e+00 9.700000e+00
         vertex 6.150369e+00 6.595507e+00 9.700000e+00
      endloop
   endfacet
   facet normal -0.000000e+00 0.000000e+00 -1.000000e+00
      outer loop
         vertex 6.150369e+00 6.595507e+00 9.700000e+00
         vertex 5.842013e+00 6.500000e+00 9.700000e+00
         vertex 4.592013e+00 7.419608e+00 9.700000e+00
      endloop
   endfacet
   facet normal 0.000000e+00 -0.000000e+00 -1.000000e+00
      outer loop
         vertex 6.150369e+00 6.404494e+00 9.700000e+00
         vertex 6.175182e+00 6.311889e+00 9.700000e+00
         vertex 4.592013e+00 5.419608e+00 9.700000e+00
      endloop
   endfacet
   facet normal 0.000000e+00 0.000000e+00 -1.000000e+00
      outer loop
         vertex 4.592013e+00 5.419608e+00 9.700000e+00
         vertex 6.175182e+00 6.311889e+00 9.700000e+00
         vertex 6.215699e+00 6.225000e+00 9.700000e+00
      endloop
   endfacet
   facet normal 0.000000e+00 0.000000e+00 -1.000000e+00
      outer loop
         vertex 4.592013e+00 5.419608e+00 9.700000e+00
         vertex 6.215699e+00 6.225000e+00 9.700000e+00
         vertex 4.592013e+00 4.500000e+00 9.700000e+00
      endloop
   endfacet
   facet normal 0.000000e+00 0.000000e+00 -1.000000e+00
      outer loop
         vertex 4.592013e+00 4.500000e+00 9.700000e+00
         vertex 6.215699e+00 6.225000e+00 9.700000e+00
         vertex 6.270688e+00 6.146467e+00 9.700000e+00
      endloop
   endfacet
   facet normal 0.000000e+00 0.000000e+00 -1.000000e+00
      outer loop
         vertex 4.592013e+00 4.500000e+00 9.700000e+00
         vertex 6.270688e+00 6.146467e+00 9.700000e+00
         vertex 6.338480e+00 6.078676e+00 9.700000e+00
      endloop
   endfacet
   facet normal 0.000000e+00 -0.000000e+00 -1.000000e+00
      outer loop
         vertex 6.417013e+00 6.023686e+00 9.700000e+00
         vertex 6.503902e+00 5.983169e+00 9.700000e+00
         vertex 4.592013e+00 4.500000e+00 9.700000e+00
      endloop
   endfacet
   facet normal 0.000000e+00 0.000000e+00 -1.000000e+00
      outer loop
         vertex 4.592013e+00 4.500000e+00 9.700000e+00
         vertex 6.503902e+00 5.983169e+00 9.700000e+00
         vertex 6.596506e+00 5.958356e+00 9.700000e+00
      endloop
   endfacet
   facet normal 0.000000e+00 0.000000e+00 -1.000000e+00
      outer loop
         vertex 4.592013e+00 4.500000e+00 9.700000e+00
         vertex 6.596506e+00 5.958356e+00 9.700000e+00
         vertex 7.082751e+00 5.582930e+00 9.700000e+00
      endloop
   endfacet
   facet normal 0.000000e+00 0.000000e+00 -1.000000e+00
      outer loop
         vertex 7.082751e+00 5.582930e+00 9.700000e+00
         vertex 6.596506e+00 5.958356e+00 9.700000e+00
         vertex 6.692013e+00 5.950000e+00 9.700000e+00
      endloop
   endfacet
   facet normal -0.000000e+00 0.000000e+00 -1.000000e+00
      outer loop
         vertex 6.503902e+00 7.016831e+00 9.700000e+00
         vertex 6.417013e+00 6.976314e+00 9.700000e+00
         vertex 4.592013e+00 8.500000e+00 9.700000e+00
      endloop
   endfacet
   facet normal -0.000000e+00 0.000000e+00 -1.000000e+00
      outer loop
         vertex 6.417013e+00 6.976314e+00 9.700000e+00
         vertex 6.338480e+00 6.921325e+00 9.700000e+00
         vertex 4.592013e+00 8.500000e+00 9.700000e+00
      endloop
   endfacet
   facet normal 0.000000e+00 0.000000e+00 -1.000000e+00
      outer loop
         vertex 4.592013e+00 8.500000e+00 9.700000e+00
         vertex 6.338480e+00 6.921325e+00 9.700000e+00
         vertex 6.270688e+00 6.853533e+00 9.700000e+00
      endloop
   endfacet
   facet normal 0.000000e+00 0.000000e+00 -1.000000e+00
      outer loop
         vertex 4.592013e+00 8.500000e+00 9.700000e+00
         vertex 6.270688e+00 6.853533e+00 9.700000e+00
         vertex 4.592013e+00 7.772304e+00 9.700000e+00
      endloop
   endfacet
   facet normal 0.000000e+00 0.000000e+00 -1.000000e+00
      outer loop
         vertex 4.592013e+00 7.772304e+00 9.700000e+00
         vertex 6.270688e+00 6.853533e+00 9.700000e+00
         vertex 6.215699e+00 6.775000e+00 9.700000e+00
      endloop
   endfacet
   facet normal 0.000000e+00 0.000000e+00 -1.000000e+00
      outer loop
         vertex 4.592013e+00 7.772304e+00 9.700000e+00
         vertex 6.215699e+00 6.775000e+00 9.700000e+00
         vertex 4.592013e+00 7.419608e+00 9.700000e+00
      endloop
   endfacet
   facet normal 0.000000e+00 0.000000e+00 -1.000000e+00
      outer loop
         vertex 4.592013e+00 7.419608e+00 9.700000e+00
         vertex 6.215699e+00 6.775000e+00 9.700000e+00
         vertex 6.175182e+00 6.688111e+00 9.700000e+00
      endloop
   endfacet
   facet normal 0.000000e+00 0.000000e+00 -1.000000e+00
      outer loop
         vertex 4.592013e+00 7.419608e+00 9.700000e+00
         vertex 6.175182e+00 6.688111e+00 9.700000e+00
         vertex 6.150369e+00 6.595507e+00 9.700000e+00
      endloop
   endfacet
   facet normal 0.000000e+00 0.000000e+00 -1.000000e+00
      outer loop
         vertex 6.692013e+00 5.950000e+00 9.700000e+00
         vertex 6.787519e+00 5.958356e+00 9.700000e+00
         vertex 7.082751e+00 5.582930e+00 9.700000e+00
      endloop
   endfacet
   facet normal 0.000000e+00 0.000000e+00 -1.000000e+00
      outer loop
         vertex 7.082751e+00 5.582930e+00 9.700000e+00
         vertex 6.787519e+00 5.958356e+00 9.700000e+00
         vertex 6.880124e+00 5.983169e+00 9.700000e+00
      endloop
   endfacet
   facet normal 0.000000e+00 0.000000e+00 -1.000000e+00
      outer loop
         vertex 7.082751e+00 5.582930e+00 9.700000e+00
         vertex 6.880124e+00 5.983169e+00 9.700000e+00
         vertex 7.228646e+00 5.661318e+00 9.700000e+00
      endloop
   endfacet
   facet normal 0.000000e+00 0.000000e+00 -1.000000e+00
      outer loop
         vertex 7.228646e+00 5.661318e+00 9.700000e+00
         vertex 6.880124e+00 5.983169e+00 9.700000e+00
         vertex 6.967013e+00 6.023686e+00 9.700000e+00
      endloop
   endfacet
   facet normal 0.000000e+00 0.000000e+00 -1.000000e+00
      outer loop
         vertex 7.228646e+00 5.661318e+00 9.700000e+00
         vertex 6.967013e+00 6.023686e+00 9.700000e+00
         vertex 7.359602e+00 5.762711e+00 9.700000e+00
      endloop
   endfacet
   facet normal 0.000000e+00 0.000000e+00 -1.000000e+00
      outer loop
         vertex 7.359602e+00 5.762711e+00 9.700000e+00
         vertex 6.967013e+00 6.023686e+00 9.700000e+00
         vertex 7.045546e+00 6.078676e+00 9.700000e+00
      endloop
   endfacet
   facet normal 0.000000e+00 0.000000e+00 -1.000000e+00
      outer loop
         vertex 7.359602e+00 5.762711e+00 9.700000e+00
         vertex 7.045546e+00 6.078676e+00 9.700000e+00
         vertex 7.472028e+00 5.884327e+00 9.700000e+00
      endloop
   endfacet
   facet normal 0.000000e+00 0.000000e+00 -1.000000e+00
      outer loop
         vertex 7.472028e+00 5.884327e+00 9.700000e+00
         vertex 7.045546e+00 6.078676e+00 9.700000e+00
         vertex 7.113337e+00 6.146467e+00 9.700000e+00
      endloop
   endfacet
   facet normal 0.000000e+00 0.000000e+00 -1.000000e+00
      outer loop
         vertex 7.472028e+00 5.884327e+00 9.700000e+00
         vertex 7.113337e+00 6.146467e+00 9.700000e+00
         vertex 7.562838e+00 6.022832e+00 9.700000e+00
      endloop
   endfacet
   facet normal 0.000000e+00 0.000000e+00 -1.000000e+00
      outer loop
         vertex 7.562838e+00 6.022832e+00 9.700000e+00
         vertex 7.113337e+00 6.146467e+00 9.700000e+00
         vertex 7.168327e+00 6.225000e+00 9.700000e+00
      endloop
   endfacet
   facet normal 0.000000e+00 0.000000e+00 -1.000000e+00
      outer loop
         vertex 7.562838e+00 6.022832e+00 9.700000e+00
         vertex 7.168327e+00 6.225000e+00 9.700000e+00
         vertex 7.629542e+00 6.174425e+00 9.700000e+00
      endloop
   endfacet
   facet normal 0.000000e+00 0.000000e+00 -1.000000e+00
      outer loop
         vertex 7.629542e+00 6.174425e+00 9.700000e+00
         vertex 7.168327e+00 6.225000e+00 9.700000e+00
         vertex 7.208844e+00 6.311889e+00 9.700000e+00
      endloop
   endfacet
   facet normal 0.000000e+00 0.000000e+00 -1.000000e+00
      outer loop
         vertex 7.629542e+00 6.174425e+00 9.700000e+00
         vertex 7.208844e+00 6.311889e+00 9.700000e+00
         vertex 7.670311e+00 6.334949e+00 9.700000e+00
      endloop
   endfacet
   facet normal -0.000000e+00 0.000000e+00 -1.000000e+00
      outer loop
         vertex 7.670311e+00 6.334949e+00 9.700000e+00
         vertex 7.208844e+00 6.311889e+00 9.700000e+00
         vertex 7.233657e+00 6.404494e+00 9.700000e+00
      endloop
   endfacet
   facet normal 0.000000e+00 0.000000e+00 -1.000000e+00
      outer loop
         vertex 7.670311e+00 6.334949e+00 9.700000e+00
         vertex 7.233657e+00 6.404494e+00 9.700000e+00
         vertex 7.684025e+00 6.500000e+00 9.700000e+00
      endloop
   endfacet
   facet normal -0.000000e+00 0.000000e+00 -1.000000e+00
      outer loop
         vertex 7.684025e+00 6.500000e+00 9.700000e+00
         vertex 7.233657e+00 6.404494e+00 9.700000e+00
         vertex 7.242013e+00 6.500000e+00 9.700000e+00
      endloop
   endfacet
   facet normal 0.000000e+00 0.000000e+00 -1.000000e+00
      outer loop
         vertex 7.684025e+00 6.500000e+00 9.700000e+00
         vertex 7.242013e+00 6.500000e+00 9.700000e+00
         vertex 7.670311e+00 6.665051e+00 9.700000e+00
      endloop
   endfacet
   facet normal 0.000000e+00 0.000000e+00 -1.000000e+00
      outer loop
         vertex 7.670311e+00 6.665051e+00 9.700000e+00
         vertex 7.242013e+00 6.500000e+00 9.700000e+00
         vertex 7.233657e+00 6.595507e+00 9.700000e+00
      endloop
   endfacet
   facet normal -0.000000e+00 0.000000e+00 -1.000000e+00
      outer loop
         vertex 7.670311e+00 6.665051e+00 9.700000e+00
         vertex 7.233657e+00 6.595507e+00 9.700000e+00
         vertex 7.629542e+00 6.825575e+00 9.700000e+00
      endloop
   endfacet
   facet normal 0.000000e+00 0.000000e+00 -1.000000e+00
      outer loop
         vertex 7.629542e+00 6.825575e+00 9.700000e+00
         vertex 7.233657e+00 6.595507e+00 9.700000e+00
         vertex 7.208844e+00 6.688111e+00 9.700000e+00
      endloop
   endfacet
   facet normal -0.000000e+00 0.000000e+00 -1.000000e+00
      outer loop
         vertex 7.629542e+00 6.825575e+00 9.700000e+00
         vertex 7.208844e+00 6.688111e+00 9.700000e+00
         vertex 7.562838e+00 6.977168e+00 9.700000e+00
      endloop
   endfacet
   facet normal 0.000000e+00 0.000000e+00 -1.000000e+00
      outer loop
         vertex 7.562838e+00 6.977168e+00 9.700000e+00
         vertex 7.208844e+00 6.688111e+00 9.700000e+00
         vertex 7.168327e+00 6.775000e+00 9.700000e+00
      endloop
   endfacet
   facet normal -0.000000e+00 0.000000e+00 -1.000000e+00
      outer loop
         vertex 7.562838e+00 6.977168e+00 9.700000e+00
         vertex 7.168327e+00 6.775000e+00 9.700000e+00
         vertex 7.472028e+00 7.115673e+00 9.700000e+00
      endloop
   endfacet
   facet normal 0.000000e+00 0.000000e+00 -1.000000e+00
      outer loop
         vertex 7.472028e+00 7.115673e+00 9.700000e+00
         vertex 7.168327e+00 6.775000e+00 9.700000e+00
         vertex 7.113337e+00 6.853533e+00 9.700000e+00
      endloop
   endfacet
   facet normal -0.000000e+00 0.000000e+00 -1.000000e+00
      outer loop
         vertex 7.472028e+00 7.115673e+00 9.700000e+00
         vertex 7.113337e+00 6.853533e+00 9.700000e+00
         vertex 7.359602e+00 7.237290e+00 9.700000e+00
      endloop
   endfacet
   facet normal 0.000000e+00 0.000000e+00 -1.000000e+00
      outer loop
         vertex 7.359602e+00 7.237290e+00 9.700000e+00
         vertex 7.113337e+00 6.853533e+00 9.700000e+00
         vertex 7.045546e+00 6.921325e+00 9.700000e+00
      endloop
   endfacet
   facet normal -0.000000e+00 0.000000e+00 -1.000000e+00
      outer loop
         vertex 7.359602e+00 7.237290e+00 9.700000e+00
         vertex 7.045546e+00 6.921325e+00 9.700000e+00
         vertex 7.228646e+00 7.338682e+00 9.700000e+00
      endloop
   endfacet
   facet normal 0.000000e+00 0.000000e+00 -1.000000e+00
      outer loop
         vertex 7.228646e+00 7.338682e+00 9.700000e+00
         vertex 7.045546e+00 6.921325e+00 9.700000e+00
         vertex 6.967013e+00 6.976314e+00 9.700000e+00
      endloop
   endfacet
   facet normal -0.000000e+00 0.000000e+00 -1.000000e+00
      outer loop
         vertex 7.228646e+00 7.338682e+00 9.700000e+00
         vertex 6.967013e+00 6.976314e+00 9.700000e+00
         vertex 7.082751e+00 7.417070e+00 9.700000e+00
      endloop
   endfacet
   facet normal 0.000000e+00 0.000000e+00 -1.000000e+00
      outer loop
         vertex 7.082751e+00 7.417070e+00 9.700000e+00
         vertex 6.967013e+00 6.976314e+00 9.700000e+00
         vertex 6.880124e+00 7.016831e+00 9.700000e+00
      endloop
   endfacet
   facet normal 0.000000e+00 0.000000e+00 -1.000000e+00
      outer loop
         vertex 6.880124e+00 7.016831e+00 9.700000e+00
         vertex 6.787519e+00 7.041644e+00 9.700000e+00
         vertex 7.082751e+00 7.417070e+00 9.700000e+00
      endloop
   endfacet
   facet normal 0.000000e+00 0.000000e+00 -1.000000e+00
      outer loop
         vertex 7.082751e+00 7.417070e+00 9.700000e+00
         vertex 6.787519e+00 7.041644e+00 9.700000e+00
         vertex 6.692013e+00 7.050000e+00 9.700000e+00
      endloop
   endfacet
   facet normal -0.000000e+00 0.000000e+00 -1.000000e+00
      outer loop
         vertex 7.082751e+00 7.417070e+00 9.700000e+00
         vertex 6.692013e+00 7.050000e+00 9.700000e+00
         vertex 4.592013e+00 8.500000e+00 9.700000e+00
      endloop
   endfacet
   facet normal 0.000000e+00 0.000000e+00 -1.000000e+00
      outer loop
         vertex 4.592013e+00 8.500000e+00 9.700000e+00
         vertex 6.692013e+00 7.050000e+00 9.700000e+00
         vertex 6.596506e+00 7.041644e+00 9.700000e+00
      endloop
   endfacet
   facet normal 0.000000e+00 0.000000e+00 -1.000000e+00
      outer loop
         vertex 4.592013e+00 8.500000e+00 9.700000e+00
         vertex 6.596506e+00 7.041644e+00 9.700000e+00
         vertex 6.503902e+00 7.016831e+00 9.700000e+00
      endloop
   endfacet
   facet normal 0.000000e+00 -0.000000e+00 1.000000e+00
      outer loop
         vertex 6.142013e+00 6.500000e+00 1.110000e+01
         vertex 6.150369e+00 6.595507e+00 1.110000e+01
         vertex 5.842013e+00 6.500000e+00 1.110000e+01
      endloop
   endfacet
   facet normal 0.000000e+00 0.000000e+00 1.000000e+00
      outer loop
         vertex 4.592013e+00 8.500000e+00 1.110000e+01
         vertex 6.338480e+00 6.921325e+00 1.110000e+01
         vertex 6.417013e+00 6.976314e+00 1.110000e+01
      endloop
   endfacet
   facet normal 0.000000e+00 0.000000e+00 1.000000e+00
      outer loop
         vertex 6.787519e+00 5.958356e+00 1.110000e+01
         vertex 6.692013e+00 5.950000e+00 1.110000e+01
         vertex 7.082751e+00 5.582930e+00 1.110000e+01
      endloop
   endfacet
   facet normal 0.000000e+00 -0.000000e+00 1.000000e+00
      outer loop
         vertex 5.842013e+00 6.500000e+00 1.110000e+01
         vertex 6.150369e+00 6.595507e+00 1.110000e+01
         vertex 4.592013e+00 7.419608e+00 1.110000e+01
      endloop
   endfacet
   facet normal 0.000000e+00 0.000000e+00 1.000000e+00
      outer loop
         vertex 4.592013e+00 7.419608e+00 1.110000e+01
         vertex 6.150369e+00 6.595507e+00 1.110000e+01
         vertex 6.175182e+00 6.688111e+00 1.110000e+01
      endloop
   endfacet
   facet normal -0.000000e+00 0.000000e+00 1.000000e+00
      outer loop
         vertex 4.592013e+00 7.419608e+00 1.110000e+01
         vertex 6.175182e+00 6.688111e+00 1.110000e+01
         vertex 4.592013e+00 7.772304e+00 1.110000e+01
      endloop
   endfacet
   facet normal 0.000000e+00 0.000000e+00 1.000000e+00
      outer loop
         vertex 4.592013e+00 7.772304e+00 1.110000e+01
         vertex 6.175182e+00 6.688111e+00 1.110000e+01
         vertex 6.215699e+00 6.775000e+00 1.110000e+01
      endloop
   endfacet
   facet normal -0.000000e+00 0.000000e+00 1.000000e+00
      outer loop
         vertex 4.592013e+00 7.772304e+00 1.110000e+01
         vertex 6.215699e+00 6.775000e+00 1.110000e+01
         vertex 4.592013e+00 8.500000e+00 1.110000e+01
      endloop
   endfacet
   facet normal 0.000000e+00 0.000000e+00 1.000000e+00
      outer loop
         vertex 4.592013e+00 8.500000e+00 1.110000e+01
         vertex 6.215699e+00 6.775000e+00 1.110000e+01
         vertex 6.270688e+00 6.853533e+00 1.110000e+01
      endloop
   endfacet
   facet normal 0.000000e+00 0.000000e+00 1.000000e+00
      outer loop
         vertex 4.592013e+00 8.500000e+00 1.110000e+01
         vertex 6.270688e+00 6.853533e+00 1.110000e+01
         vertex 6.338480e+00 6.921325e+00 1.110000e+01
      endloop
   endfacet
   facet normal 0.000000e+00 0.000000e+00 1.000000e+00
      outer loop
         vertex 6.142013e+00 6.500000e+00 1.110000e+01
         vertex 5.842013e+00 6.500000e+00 1.110000e+01
         vertex 6.150369e+00 6.404494e+00 1.110000e+01
      endloop
   endfacet
   facet normal 0.000000e+00 0.000000e+00 1.000000e+00
      outer loop
         vertex 6.150369e+00 6.404494e+00 1.110000e+01
         vertex 5.842013e+00 6.500000e+00 1.110000e+01
         vertex 4.592013e+00 5.419608e+00 1.110000e+01
      endloop
   endfacet
   facet normal 0.000000e+00 0.000000e+00 1.000000e+00
      outer loop
         vertex 6.150369e+00 6.404494e+00 1.110000e+01
         vertex 4.592013e+00 5.419608e+00 1.110000e+01
         vertex 6.175182e+00 6.311889e+00 1.110000e+01
      endloop
   endfacet
   facet normal 0.000000e+00 0.000000e+00 1.000000e+00
      outer loop
         vertex 7.082751e+00 5.582930e+00 1.110000e+01
         vertex 6.692013e+00 5.950000e+00 1.110000e+01
         vertex 4.592013e+00 4.500000e+00 1.110000e+01
      endloop
   endfacet
   facet normal 0.000000e+00 0.000000e+00 1.000000e+00
      outer loop
         vertex 4.592013e+00 4.500000e+00 1.110000e+01
         vertex 6.692013e+00 5.950000e+00 1.110000e+01
         vertex 6.596506e+00 5.958356e+00 1.110000e+01
      endloop
   endfacet
   facet normal 0.000000e+00 0.000000e+00 1.000000e+00
      outer loop
         vertex 4.592013e+00 4.500000e+00 1.110000e+01
         vertex 6.596506e+00 5.958356e+00 1.110000e+01
         vertex 6.503902e+00 5.983169e+00 1.110000e+01
      endloop
   endfacet
   facet normal 0.000000e+00 0.000000e+00 1.000000e+00
      outer loop
         vertex 4.592013e+00 4.500000e+00 1.110000e+01
         vertex 6.270688e+00 6.146467e+00 1.110000e+01
         vertex 4.592013e+00 5.419608e+00 1.110000e+01
      endloop
   endfacet
   facet normal 0.000000e+00 0.000000e+00 1.000000e+00
      outer loop
         vertex 4.592013e+00 5.419608e+00 1.110000e+01
         vertex 6.270688e+00 6.146467e+00 1.110000e+01
         vertex 6.215699e+00 6.225000e+00 1.110000e+01
      endloop
   endfacet
   facet normal 0.000000e+00 0.000000e+00 1.000000e+00
      outer loop
         vertex 4.592013e+00 5.419608e+00 1.110000e+01
         vertex 6.215699e+00 6.225000e+00 1.110000e+01
         vertex 6.175182e+00 6.311889e+00 1.110000e+01
      endloop
   endfacet
   facet normal 0.000000e+00 0.000000e+00 1.000000e+00
      outer loop
         vertex 6.503902e+00 5.983169e+00 1.110000e+01
         vertex 6.417013e+00 6.023686e+00 1.110000e+01
         vertex 4.592013e+00 4.500000e+00 1.110000e+01
      endloop
   endfacet
   facet normal 0.000000e+00 0.000000e+00 1.000000e+00
      outer loop
         vertex 4.592013e+00 4.500000e+00 1.110000e+01
         vertex 6.417013e+00 6.023686e+00 1.110000e+01
         vertex 6.338480e+00 6.078676e+00 1.110000e+01
      endloop
   endfacet
   facet normal 0.000000e+00 0.000000e+00 1.000000e+00
      outer loop
         vertex 4.592013e+00 4.500000e+00 1.110000e+01
         vertex 6.338480e+00 6.078676e+00 1.110000e+01
         vertex 6.270688e+00 6.146467e+00 1.110000e+01
      endloop
   endfacet
   facet normal 0.000000e+00 -0.000000e+00 1.000000e+00
      outer loop
         vertex 6.417013e+00 6.976314e+00 1.110000e+01
         vertex 6.503902e+00 7.016831e+00 1.110000e+01
         vertex 4.592013e+00 8.500000e+00 1.110000e+01
      endloop
   endfacet
   facet normal 0.000000e+00 0.000000e+00 1.000000e+00
      outer loop
         vertex 4.592013e+00 8.500000e+00 1.110000e+01
         vertex 6.503902e+00 7.016831e+00 1.110000e+01
         vertex 6.596506e+00 7.041644e+00 1.110000e+01
      endloop
   endfacet
   facet normal 0.000000e+00 0.000000e+00 1.000000e+00
      outer loop
         vertex 4.592013e+00 8.500000e+00 1.110000e+01
         vertex 6.596506e+00 7.041644e+00 1.110000e+01
         vertex 7.082751e+00 7.417070e+00 1.110000e+01
      endloop
   endfacet
   facet normal 0.000000e+00 0.000000e+00 1.000000e+00
      outer loop
         vertex 7.082751e+00 7.417070e+00 1.110000e+01
         vertex 6.596506e+00 7.041644e+00 1.110000e+01
         vertex 6.692013e+00 7.050000e+00 1.110000e+01
      endloop
   endfacet
   facet normal -0.000000e+00 0.000000e+00 1.000000e+00
      outer loop
         vertex 6.692013e+00 7.050000e+00 1.110000e+01
         vertex 6.787519e+00 7.041644e+00 1.110000e+01
         vertex 7.082751e+00 7.417070e+00 1.110000e+01
      endloop
   endfacet
   facet normal 0.000000e+00 0.000000e+00 1.000000e+00
      outer loop
         vertex 7.082751e+00 7.417070e+00 1.110000e+01
         vertex 6.787519e+00 7.041644e+00 1.110000e+01
         vertex 6.880124e+00 7.016831e+00 1.110000e+01
      endloop
   endfacet
   facet normal 0.000000e+00 0.000000e+00 1.000000e+00
      outer loop
         vertex 7.082751e+00 7.417070e+00 1.110000e+01
         vertex 6.880124e+00 7.016831e+00 1.110000e+01
         vertex 7.228646e+00 7.338682e+00 1.110000e+01
      endloop
   endfacet
   facet normal 0.000000e+00 0.000000e+00 1.000000e+00
      outer loop
         vertex 7.228646e+00 7.338682e+00 1.110000e+01
         vertex 6.880124e+00 7.016831e+00 1.110000e+01
         vertex 6.967013e+00 6.976314e+00 1.110000e+01
      endloop
   endfacet
   facet normal 0.000000e+00 0.000000e+00 1.000000e+00
      outer loop
         vertex 7.228646e+00 7.338682e+00 1.110000e+01
         vertex 6.967013e+00 6.976314e+00 1.110000e+01
         vertex 7.359602e+00 7.237290e+00 1.110000e+01
      endloop
   endfacet
   facet normal 0.000000e+00 0.000000e+00 1.000000e+00
      outer loop
         vertex 7.359602e+00 7.237290e+00 1.110000e+01
         vertex 6.967013e+00 6.976314e+00 1.110000e+01
         vertex 7.045546e+00 6.921325e+00 1.110000e+01
      endloop
   endfacet
   facet normal 0.000000e+00 0.000000e+00 1.000000e+00
      outer loop
         vertex 7.359602e+00 7.237290e+00 1.110000e+01
         vertex 7.045546e+00 6.921325e+00 1.110000e+01
         vertex 7.472028e+00 7.115673e+00 1.110000e+01
      endloop
   endfacet
   facet normal 0.000000e+00 0.000000e+00 1.000000e+00
      outer loop
         vertex 7.472028e+00 7.115673e+00 1.110000e+01
         vertex 7.045546e+00 6.921325e+00 1.110000e+01
         vertex 7.113337e+00 6.853533e+00 1.110000e+01
      endloop
   endfacet
   facet normal 0.000000e+00 0.000000e+00 1.000000e+00
      outer loop
         vertex 7.472028e+00 7.115673e+00 1.110000e+01
         vertex 7.113337e+00 6.853533e+00 1.110000e+01
         vertex 7.562838e+00 6.977168e+00 1.110000e+01
      endloop
   endfacet
   facet normal 0.000000e+00 0.000000e+00 1.000000e+00
      outer loop
         vertex 7.562838e+00 6.977168e+00 1.110000e+01
         vertex 7.113337e+00 6.853533e+00 1.110000e+01
         vertex 7.168327e+00 6.775000e+00 1.110000e+01
      endloop
   endfacet
   facet normal 0.000000e+00 0.000000e+00 1.000000e+00
      outer loop
         vertex 7.562838e+00 6.977168e+00 1.110000e+01
         vertex 7.168327e+00 6.775000e+00 1.110000e+01
         vertex 7.629542e+00 6.825575e+00 1.110000e+01
      endloop
   endfacet
   facet normal 0.000000e+00 0.000000e+00 1.000000e+00
      outer loop
         vertex 7.629542e+00 6.825575e+00 1.110000e+01
         vertex 7.168327e+00 6.775000e+00 1.110000e+01
         vertex 7.208844e+00 6.688111e+00 1.110000e+01
      endloop
   endfacet
   facet normal 0.000000e+00 0.000000e+00 1.000000e+00
      outer loop
         vertex 7.629542e+00 6.825575e+00 1.110000e+01
         vertex 7.208844e+00 6.688111e+00 1.110000e+01
         vertex 7.670311e+00 6.665051e+00 1.110000e+01
      endloop
   endfacet
   facet normal 0.000000e+00 0.000000e+00 1.000000e+00
      outer loop
         vertex 7.670311e+00 6.665051e+00 1.110000e+01
         vertex 7.208844e+00 6.688111e+00 1.110000e+01
         vertex 7.233657e+00 6.595507e+00 1.110000e+01
      endloop
   endfacet
   facet normal 0.000000e+00 0.000000e+00 1.000000e+00
      outer loop
         vertex 7.670311e+00 6.665051e+00 1.110000e+01
         vertex 7.233657e+00 6.595507e+00 1.110000e+01
         vertex 7.684025e+00 6.500000e+00 1.110000e+01
      endloop
   endfacet
   facet normal 0.000000e+00 0.000000e+00 1.000000e+00
      outer loop
         vertex 7.684025e+00 6.500000e+00 1.110000e+01
         vertex 7.233657e+00 6.595507e+00 1.110000e+01
         vertex 7.242013e+00 6.500000e+00 1.110000e+01
      endloop
   endfacet
   facet normal 0.000000e+00 0.000000e+00 1.000000e+00
      outer loop
         vertex 7.684025e+00 6.500000e+00 1.110000e+01
         vertex 7.242013e+00 6.500000e+00 1.110000e+01
         vertex 7.670311e+00 6.334949e+00 1.110000e+01
      endloop
   endfacet
   facet normal 0.000000e+00 0.000000e+00 1.000000e+00
      outer loop
         vertex 7.670311e+00 6.334949e+00 1.110000e+01
         vertex 7.242013e+00 6.500000e+00 1.110000e+01
         vertex 7.233657e+00 6.404494e+00 1.110000e+01
      endloop
   endfacet
   facet normal 0.000000e+00 0.000000e+00 1.000000e+00
      outer loop
         vertex 7.670311e+00 6.334949e+00 1.110000e+01
         vertex 7.233657e+00 6.404494e+00 1.110000e+01
         vertex 7.629542e+00 6.174425e+00 1.110000e+01
      endloop
   endfacet
   facet normal 0.000000e+00 0.000000e+00 1.000000e+00
      outer loop
         vertex 7.629542e+00 6.174425e+00 1.110000e+01
         vertex 7.233657e+00 6.404494e+00 1.110000e+01
         vertex 7.208844e+00 6.311889e+00 1.110000e+01
      endloop
   endfacet
   facet normal 0.000000e+00 0.000000e+00 1.000000e+00
      outer loop
         vertex 7.629542e+00 6.174425e+00 1.110000e+01
         vertex 7.208844e+00 6.311889e+00 1.110000e+01
         vertex 7.562838e+00 6.022832e+00 1.110000e+01
      endloop
   endfacet
   facet normal 0.000000e+00 0.000000e+00 1.000000e+00
      outer loop
         vertex 7.562838e+00 6.022832e+00 1.110000e+01
         vertex 7.208844e+00 6.311889e+00 1.110000e+01
         vertex 7.168327e+00 6.225000e+00 1.110000e+01
      endloop
   endfacet
   facet normal 0.000000e+00 0.000000e+00 1.000000e+00
      outer loop
         vertex 7.562838e+00 6.022832e+00 1.110000e+01
         vertex 7.168327e+00 6.225000e+00 1.110000e+01
         vertex 7.472028e+00 5.884327e+00 1.110000e+01
      endloop
   endfacet
   facet normal 0.000000e+00 0.000000e+00 1.000000e+00
      outer loop
         vertex 7.472028e+00 5.884327e+00 1.110000e+01
         vertex 7.168327e+00 6.225000e+00 1.110000e+01
         vertex 7.113337e+00 6.146467e+00 1.110000e+01
      endloop
   endfacet
   facet normal 0.000000e+00 0.000000e+00 1.000000e+00
      outer loop
         vertex 7.472028e+00 5.884327e+00 1.110000e+01
         vertex 7.113337e+00 6.146467e+00 1.110000e+01
         vertex 7.359602e+00 5.762711e+00 1.110000e+01
      endloop
   endfacet
   facet normal 0.000000e+00 0.000000e+00 1.000000e+00
      outer loop
         vertex 7.359602e+00 5.762711e+00 1.110000e+01
         vertex 7.113337e+00 6.146467e+00 1.110000e+01
         vertex 7.045546e+00 6.078676e+00 1.110000e+01
      endloop
   endfacet
   facet normal 0.000000e+00 0.000000e+00 1.000000e+00
      outer loop
         vertex 7.359602e+00 5.762711e+00 1.110000e+01
         vertex 7.045546e+00 6.078676e+00 1.110000e+01
         vertex 7.228646e+00 5.661318e+00 1.110000e+01
      endloop
   endfacet
   facet normal 0.000000e+00 0.000000e+00 1.000000e+00
      outer loop
         vertex 7.228646e+00 5.661318e+00 1.110000e+01
         vertex 7.045546e+00 6.078676e+00 1.110000e+01
         vertex 6.967013e+00 6.023686e+00 1.110000e+01
      endloop
   endfacet
   facet normal 0.000000e+00 0.000000e+00 1.000000e+00
      outer loop
         vertex 7.228646e+00 5.661318e+00 1.110000e+01
         vertex 6.967013e+00 6.023686e+00 1.110000e+01
         vertex 7.082751e+00 5.582930e+00 1.110000e+01
      endloop
   endfacet
   facet normal 0.000000e+00 0.000000e+00 1.000000e+00
      outer loop
         vertex 7.082751e+00 5.582930e+00 1.110000e+01
         vertex 6.967013e+00 6.023686e+00 1.110000e+01
         vertex 6.880124e+00 5.983169e+00 1.110000e+01
      endloop
   endfacet
   facet normal 0.000000e+00 0.000000e+00 1.000000e+00
      outer loop
         vertex 7.082751e+00 5.582930e+00 1.110000e+01
         vertex 6.880124e+00 5.983169e+00 1.110000e+01
         vertex 6.787519e+00 5.958356e+00 1.110000e+01
      endloop
   endfacet
   facet normal 4.732994e-01 8.809016e-01 -0.000000e+00
      outer loop
         vertex 7.082751e+00 7.417070e+00 9.700000e+00
         vertex 7.082751e+00 7.417070e+00 1.110000e+01
         vertex 7.228646e+00 7.338682e+00 1.110000e+01
      endloop
   endfacet
   facet normal 4.732994e-01 8.809016e-01 0.000000e+00
      outer loop
         vertex 7.082751e+00 7.417070e+00 9.700000e+00
         vertex 7.228646e+00 7.338682e+00 1.110000e+01
         vertex 7.228646e+00 7.338682e+00 9.700000e+00
      endloop
   endfacet
   facet normal 6.122014e-01 7.907019e-01 -0.000000e+00
      outer loop
         vertex 7.228646e+00 7.338682e+00 9.700000e+00
         vertex 7.228646e+00 7.338682e+00 1.110000e+01
         vertex 7.359602e+00 7.237290e+00 1.110000e+01
      endloop
   endfacet
   facet normal 6.122014e-01 7.907019e-01 0.000000e+00
      outer loop
         vertex 7.228646e+00 7.338682e+00 9.700000e+00
         vertex 7.359602e+00 7.237290e+00 1.110000e+01
         vertex 7.359602e+00 7.237290e+00 9.700000e+00
      endloop
   endfacet
   facet normal 7.343112e-01 6.788130e-01 -0.000000e+00
      outer loop
         vertex 7.359602e+00 7.237290e+00 9.700000e+00
         vertex 7.359602e+00 7.237290e+00 1.110000e+01
         vertex 7.472028e+00 7.115673e+00 1.110000e+01
      endloop
   endfacet
   facet normal 7.343112e-01 6.788130e-01 0.000000e+00
      outer loop
         vertex 7.359602e+00 7.237290e+00 9.700000e+00
         vertex 7.472028e+00 7.115673e+00 1.110000e+01
         vertex 7.472028e+00 7.115673e+00 9.700000e+00
      endloop
   endfacet
   facet normal 8.362794e-01 5.483036e-01 -0.000000e+00
      outer loop
         vertex 7.472028e+00 7.115673e+00 9.700000e+00
         vertex 7.472028e+00 7.115673e+00 1.110000e+01
         vertex 7.562838e+00 6.977168e+00 1.110000e+01
      endloop
   endfacet
   facet normal 8.362794e-01 5.483036e-01 0.000000e+00
      outer loop
         vertex 7.472028e+00 7.115673e+00 9.700000e+00
         vertex 7.562838e+00 6.977168e+00 1.110000e+01
         vertex 7.562838e+00 6.977168e+00 9.700000e+00
      endloop
   endfacet
   facet normal 9.153082e-01 4.027542e-01 -0.000000e+00
      outer loop
         vertex 7.562838e+00 6.977168e+00 9.700000e+00
         vertex 7.562838e+00 6.977168e+00 1.110000e+01
         vertex 7.629542e+00 6.825575e+00 1.110000e+01
      endloop
   endfacet
   facet normal 9.153082e-01 4.027542e-01 0.000000e+00
      outer loop
         vertex 7.562838e+00 6.977168e+00 9.700000e+00
         vertex 7.629542e+00 6.825575e+00 1.110000e+01
         vertex 7.629542e+00 6.825575e+00 9.700000e+00
      endloop
   endfacet
   facet normal 9.692291e-01 2.461604e-01 -0.000000e+00
      outer loop
         vertex 7.629542e+00 6.825575e+00 9.700000e+00
         vertex 7.629542e+00 6.825575e+00 1.110000e+01
         vertex 7.670311e+00 6.665051e+00 1.110000e+01
      endloop
   endfacet
   facet normal 9.692291e-01 2.461604e-01 0.000000e+00
      outer loop
         vertex 7.629542e+00 6.825575e+00 9.700000e+00
         vertex 7.670311e+00 6.665051e+00 1.110000e+01
         vertex 7.670311e+00 6.665051e+00 9.700000e+00
      endloop
   endfacet
   facet normal 9.965655e-01 8.280800e-02 -0.000000e+00
      outer loop
         vertex 7.670311e+00 6.665051e+00 9.700000e+00
         vertex 7.670311e+00 6.665051e+00 1.110000e+01
         vertex 7.684025e+00 6.500000e+00 1.110000e+01
      endloop
   endfacet
   facet normal 9.965655e-01 8.280800e-02 0.000000e+00
      outer loop
         vertex 7.670311e+00 6.665051e+00 9.700000e+00
         vertex 7.684025e+00 6.500000e+00 1.110000e+01
         vertex 7.684025e+00 6.500000e+00 9.700000e+00
      endloop
   endfacet
   facet normal 9.965655e-01 -8.280800e-02 0.000000e+00
      outer loop
         vertex 7.684025e+00 6.500000e+00 9.700000e+00
         vertex 7.684025e+00 6.500000e+00 1.110000e+01
         vertex 7.670311e+00 6.334949e+00 1.110000e+01
      endloop
   endfacet
   facet normal 9.965655e-01 -8.280800e-02 0.000000e+00
      outer loop
         vertex 7.684025e+00 6.500000e+00 9.700000e+00
         vertex 7.670311e+00 6.334949e+00 1.110000e+01
         vertex 7.670311e+00 6.334949e+00 9.700000e+00
      endloop
   endfacet
   facet normal 9.692291e-01 -2.461604e-01 0.000000e+00
      outer loop
         vertex 7.670311e+00 6.334949e+00 9.700000e+00
         vertex 7.670311e+00 6.334949e+00 1.110000e+01
         vertex 7.629542e+00 6.174425e+00 1.110000e+01
      endloop
   endfacet
   facet normal 9.692291e-01 -2.461604e-01 0.000000e+00
      outer loop
         vertex 7.670311e+00 6.334949e+00 9.700000e+00
         vertex 7.629542e+00 6.174425e+00 1.110000e+01
         vertex 7.629542e+00 6.174425e+00 9.700000e+00
      endloop
   endfacet
   facet normal 9.153082e-01 -4.027542e-01 0.000000e+00
      outer loop
         vertex 7.629542e+00 6.174425e+00 9.700000e+00
         vertex 7.629542e+00 6.174425e+00 1.110000e+01
         vertex 7.562838e+00 6.022832e+00 1.110000e+01
      endloop
   endfacet
   facet normal 9.153082e-01 -4.027542e-01 0.000000e+00
      outer loop
         vertex 7.629542e+00 6.174425e+00 9.700000e+00
         vertex 7.562838e+00 6.022832e+00 1.110000e+01
         vertex 7.562838e+00 6.022832e+00 9.700000e+00
      endloop
   endfacet
   facet normal 8.362794e-01 -5.483036e-01 0.000000e+00
      outer loop
         vertex 7.562838e+00 6.022832e+00 9.700000e+00
         vertex 7.562838e+00 6.022832e+00 1.110000e+01
         vertex 7.472028e+00 5.884327e+00 1.110000e+01
      endloop
   endfacet
   facet normal 8.362794e-01 -5.483036e-01 0.000000e+00
      outer loop
         vertex 7.562838e+00 6.022832e+00 9.700000e+00
         vertex 7.472028e+00 5.884327e+00 1.110000e+01
         vertex 7.472028e+00 5.884327e+00 9.700000e+00
      endloop
   endfacet
   facet normal 7.343112e-01 -6.788130e-01 0.000000e+00
      outer loop
         vertex 7.472028e+00 5.884327e+00 9.700000e+00
         vertex 7.472028e+00 5.884327e+00 1.110000e+01
         vertex 7.359602e+00 5.762711e+00 1.110000e+01
      endloop
   endfacet
   facet normal 7.343112e-01 -6.788130e-01 0.000000e+00
      outer loop
         vertex 7.472028e+00 5.884327e+00 9.700000e+00
         vertex 7.359602e+00 5.762711e+00 1.110000e+01
         vertex 7.359602e+00 5.762711e+00 9.700000e+00
      endloop
   endfacet
   facet normal 6.122014e-01 -7.907019e-01 0.000000e+00
      outer loop
         vertex 7.359602e+00 5.762711e+00 9.700000e+00
         vertex 7.359602e+00 5.762711e+00 1.110000e+01
         vertex 7.228646e+00 5.661318e+00 1.110000e+01
      endloop
   endfacet
   facet normal 6.122014e-01 -7.907019e-01 0.000000e+00
      outer loop
         vertex 7.359602e+00 5.762711e+00 9.700000e+00
         vertex 7.228646e+00 5.661318e+00 1.110000e+01
         vertex 7.228646e+00 5.661318e+00 9.700000e+00
      endloop
   endfacet
   facet normal 4.732994e-01 -8.809016e-01 0.000000e+00
      outer loop
         vertex 7.228646e+00 5.661318e+00 9.700000e+00
         vertex 7.228646e+00 5.661318e+00 1.110000e+01
         vertex 7.082751e+00 5.582930e+00 1.110000e+01
      endloop
   endfacet
   facet normal 4.732994e-01 -8.809016e-01 0.000000e+00
      outer loop
         vertex 7.228646e+00 5.661318e+00 9.700000e+00
         vertex 7.082751e+00 5.582930e+00 1.110000e+01
         vertex 7.082751e+00 5.582930e+00 9.700000e+00
      endloop
   endfacet
   facet normal -6.539132e-01 7.565696e-01 -2.343641e-16
      outer loop
         vertex 5.842013e+00 6.500000e+00 9.700000e+00
         vertex 4.592013e+00 5.419608e+00 9.700000e+00
         vertex 5.842013e+00 6.500000e+00 1.110000e+01
      endloop
   endfacet
   facet normal -6.539132e-01 7.565696e-01 0.000000e+00
      outer loop
         vertex 5.842013e+00 6.500000e+00 1.110000e+01
         vertex 4.592013e+00 5.419608e+00 9.700000e+00
         vertex 4.592013e+00 5.419608e+00 1.110000e+01
      endloop
   endfacet
   facet normal -5.925957e-01 -8.055001e-01 0.000000e+00
      outer loop
         vertex 4.592013e+00 7.419608e+00 9.700000e+00
         vertex 5.842013e+00 6.500000e+00 9.700000e+00
         vertex 4.592013e+00 7.419608e+00 1.110000e+01
      endloop
   endfacet
   facet normal -5.925957e-01 -8.055001e-01 9.746929e-17
      outer loop
         vertex 4.592013e+00 7.419608e+00 1.110000e+01
         vertex 5.842013e+00 6.500000e+00 9.700000e+00
         vertex 5.842013e+00 6.500000e+00 1.110000e+01
      endloop
   endfacet
   facet normal -9.961946e-01 -8.715668e-02 0.000000e+00
      outer loop
         vertex 7.242013e+00 6.500000e+00 9.700000e+00
         vertex 7.242013e+00 6.500000e+00 1.110000e+01
         vertex 7.233657e+00 6.595507e+00 9.700000e+00
      endloop
   endfacet
   facet normal -9.961946e-01 -8.715668e-02 0.000000e+00
      outer loop
         vertex 7.233657e+00 6.595507e+00 9.700000e+00
         vertex 7.242013e+00 6.500000e+00 1.110000e+01
         vertex 7.233657e+00 6.595507e+00 1.110000e+01
      endloop
   endfacet
   facet normal -9.659261e-01 -2.588181e-01 0.000000e+00
      outer loop
         vertex 7.233657e+00 6.595507e+00 9.700000e+00
         vertex 7.233657e+00 6.595507e+00 1.110000e+01
         vertex 7.208844e+00 6.688111e+00 9.700000e+00
      endloop
   endfacet
   facet normal -9.659261e-01 -2.588181e-01 0.000000e+00
      outer loop
         vertex 7.208844e+00 6.688111e+00 9.700000e+00
         vertex 7.233657e+00 6.595507e+00 1.110000e+01
         vertex 7.208844e+00 6.688111e+00 1.110000e+01
      endloop
   endfacet
   facet normal -9.063088e-01 -4.226162e-01 0.000000e+00
      outer loop
         vertex 7.208844e+00 6.688111e+00 9.700000e+00
         vertex 7.208844e+00 6.688111e+00 1.110000e+01
         vertex 7.168327e+00 6.775000e+00 9.700000e+00
      endloop
   endfacet
   facet normal -9.063088e-01 -4.226162e-01 0.000000e+00
      outer loop
         vertex 7.168327e+00 6.775000e+00 9.700000e+00
         vertex 7.208844e+00 6.688111e+00 1.110000e+01
         vertex 7.168327e+00 6.775000e+00 1.110000e+01
      endloop
   endfacet
   facet normal -8.191500e-01 -5.735793e-01 0.000000e+00
      outer loop
         vertex 7.168327e+00 6.775000e+00 9.700000e+00
         vertex 7.168327e+00 6.775000e+00 1.110000e+01
         vertex 7.113337e+00 6.853533e+00 9.700000e+00
      endloop
   endfacet
   facet normal -8.191500e-01 -5.735793e-01 0.000000e+00
      outer loop
         vertex 7.113337e+00 6.853533e+00 9.700000e+00
         vertex 7.168327e+00 6.775000e+00 1.110000e+01
         vertex 7.113337e+00 6.853533e+00 1.110000e+01
      endloop
   endfacet
   facet normal -7.071083e-01 -7.071053e-01 0.000000e+00
      outer loop
         vertex 7.113337e+00 6.853533e+00 9.700000e+00
         vertex 7.113337e+00 6.853533e+00 1.110000e+01
         vertex 7.045546e+00 6.921325e+00 9.700000e+00
      endloop
   endfacet
   facet normal -7.071083e-01 -7.071053e-01 0.000000e+00
      outer loop
         vertex 7.045546e+00 6.921325e+00 9.700000e+00
         vertex 7.113337e+00 6.853533e+00 1.110000e+01
         vertex 7.045546e+00 6.921325e+00 1.110000e+01
      endloop
   endfacet
   facet normal -5.735757e-01 -8.191526e-01 0.000000e+00
      outer loop
         vertex 7.045546e+00 6.921325e+00 9.700000e+00
         vertex 7.045546e+00 6.921325e+00 1.110000e+01
         vertex 6.967013e+00 6.976314e+00 9.700000e+00
      endloop
   endfacet
   facet normal -5.735757e-01 -8.191526e-01 0.000000e+00
      outer loop
         vertex 6.967013e+00 6.976314e+00 9.700000e+00
         vertex 7.045546e+00 6.921325e+00 1.110000e+01
         vertex 6.967013e+00 6.976314e+00 1.110000e+01
      endloop
   endfacet
   facet normal -4.226185e-01 -9.063077e-01 0.000000e+00
      outer loop
         vertex 6.967013e+00 6.976314e+00 9.700000e+00
         vertex 6.967013e+00 6.976314e+00 1.110000e+01
         vertex 6.880124e+00 7.016831e+00 9.700000e+00
      endloop
   endfacet
   facet normal -4.226185e-01 -9.063077e-01 0.000000e+00
      outer loop
         vertex 6.880124e+00 7.016831e+00 9.700000e+00
         vertex 6.967013e+00 6.976314e+00 1.110000e+01
         vertex 6.880124e+00 7.016831e+00 1.110000e+01
      endloop
   endfacet
   facet normal -2.588196e-01 -9.659257e-01 0.000000e+00
      outer loop
         vertex 6.880124e+00 7.016831e+00 9.700000e+00
         vertex 6.880124e+00 7.016831e+00 1.110000e+01
         vertex 6.787519e+00 7.041644e+00 9.700000e+00
      endloop
   endfacet
   facet normal -2.588196e-01 -9.659257e-01 0.000000e+00
      outer loop
         vertex 6.787519e+00 7.041644e+00 9.700000e+00
         vertex 6.880124e+00 7.016831e+00 1.110000e+01
         vertex 6.787519e+00 7.041644e+00 1.110000e+01
      endloop
   endfacet
   facet normal -8.715532e-02 -9.961947e-01 0.000000e+00
      outer loop
         vertex 6.787519e+00 7.041644e+00 9.700000e+00
         vertex 6.787519e+00 7.041644e+00 1.110000e+01
         vertex 6.692013e+00 7.050000e+00 9.700000e+00
      endloop
   endfacet
   facet normal -8.715532e-02 -9.961947e-01 0.000000e+00
      outer loop
         vertex 6.692013e+00 7.050000e+00 9.700000e+00
         vertex 6.787519e+00 7.041644e+00 1.110000e+01
         vertex 6.692013e+00 7.050000e+00 1.110000e+01
      endloop
   endfacet
   facet normal 8.715553e-02 -9.961947e-01 0.000000e+00
      outer loop
         vertex 6.692013e+00 7.050000e+00 9.700000e+00
         vertex 6.692013e+00 7.050000e+00 1.110000e+01
         vertex 6.596506e+00 7.041644e+00 9.700000e+00
      endloop
   endfacet
   facet normal 8.715553e-02 -9.961947e-01 0.000000e+00
      outer loop
         vertex 6.596506e+00 7.041644e+00 9.700000e+00
         vertex 6.692013e+00 7.050000e+00 1.110000e+01
         vertex 6.596506e+00 7.041644e+00 1.110000e+01
      endloop
   endfacet
   facet normal 2.588190e-01 -9.659258e-01 0.000000e+00
      outer loop
         vertex 6.596506e+00 7.041644e+00 9.700000e+00
         vertex 6.596506e+00 7.041644e+00 1.110000e+01
         vertex 6.503902e+00 7.016831e+00 9.700000e+00
      endloop
   endfacet
   facet normal 2.588190e-01 -9.659258e-01 0.000000e+00
      outer loop
         vertex 6.503902e+00 7.016831e+00 9.700000e+00
         vertex 6.596506e+00 7.041644e+00 1.110000e+01
         vertex 6.503902e+00 7.016831e+00 1.110000e+01
      endloop
   endfacet
   facet normal 4.226185e-01 -9.063077e-01 0.000000e+00
      outer loop
         vertex 6.503902e+00 7.016831e+00 9.700000e+00
         vertex 6.503902e+00 7.016831e+00 1.110000e+01
         vertex 6.417013e+00 6.976314e+00 9.700000e+00
      endloop
   endfacet
   facet normal 4.226185e-01 -9.063077e-01 0.000000e+00
      outer loop
         vertex 6.417013e+00 6.976314e+00 9.700000e+00
         vertex 6.503902e+00 7.016831e+00 1.110000e+01
         vertex 6.417013e+00 6.976314e+00 1.110000e+01
      endloop
   endfacet
   facet normal 5.735768e-01 -8.191518e-01 0.000000e+00
      outer loop
         vertex 6.417013e+00 6.976314e+00 9.700000e+00
         vertex 6.417013e+00 6.976314e+00 1.110000e+01
         vertex 6.338480e+00 6.921325e+00 9.700000e+00
      endloop
   endfacet
   facet normal 5.735768e-01 -8.191518e-01 0.000000e+00
      outer loop
         vertex 6.338480e+00 6.921325e+00 9.700000e+00
         vertex 6.417013e+00 6.976314e+00 1.110000e+01
         vertex 6.338480e+00 6.921325e+00 1.110000e+01
      endloop
   endfacet
   facet normal 7.071071e-01 -7.071065e-01 0.000000e+00
      outer loop
         vertex 6.338480e+00 6.921325e+00 9.700000e+00
         vertex 6.338480e+00 6.921325e+00 1.110000e+01
         vertex 6.270688e+00 6.853533e+00 9.700000e+00
      endloop
   endfacet
   facet normal 7.071071e-01 -7.071065e-01 0.000000e+00
      outer loop
         vertex 6.270688e+00 6.853533e+00 9.700000e+00
         vertex 6.338480e+00 6.921325e+00 1.110000e+01
         vertex 6.270688e+00 6.853533e+00 1.110000e+01
      endloop
   endfacet
   facet normal 8.191512e-01 -5.735777e-01 0.000000e+00
      outer loop
         vertex 6.270688e+00 6.853533e+00 9.700000e+00
         vertex 6.270688e+00 6.853533e+00 1.110000e+01
         vertex 6.215699e+00 6.775000e+00 9.700000e+00
      endloop
   endfacet
   facet normal 8.191512e-01 -5.735777e-01 0.000000e+00
      outer loop
         vertex 6.215699e+00 6.775000e+00 9.700000e+00
         vertex 6.270688e+00 6.853533e+00 1.110000e+01
         vertex 6.215699e+00 6.775000e+00 1.110000e+01
      endloop
   endfacet
   facet normal 9.063078e-01 -4.226182e-01 0.000000e+00
      outer loop
         vertex 6.215699e+00 6.775000e+00 9.700000e+00
         vertex 6.215699e+00 6.775000e+00 1.110000e+01
         vertex 6.175182e+00 6.688111e+00 9.700000e+00
      endloop
   endfacet
   facet normal 9.063078e-01 -4.226182e-01 0.000000e+00
      outer loop
         vertex 6.175182e+00 6.688111e+00 9.700000e+00
         vertex 6.215699e+00 6.775000e+00 1.110000e+01
         vertex 6.175182e+00 6.688111e+00 1.110000e+01
      endloop
   endfacet
   facet normal 9.659261e-01 -2.588181e-01 0.000000e+00
      outer loop
         vertex 6.175182e+00 6.688111e+00 9.700000e+00
         vertex 6.175182e+00 6.688111e+00 1.110000e+01
         vertex 6.150369e+00 6.595507e+00 9.700000e+00
      endloop
   endfacet
   facet normal 9.659261e-01 -2.588181e-01 0.000000e+00
      outer loop
         vertex 6.150369e+00 6.595507e+00 9.700000e+00
         vertex 6.175182e+00 6.688111e+00 1.110000e+01
         vertex 6.150369e+00 6.595507e+00 1.110000e+01
      endloop
   endfacet
   facet normal 9.961946e-01 -8.715668e-02 0.000000e+00
      outer loop
         vertex 6.150369e+00 6.595507e+00 9.700000e+00
         vertex 6.150369e+00 6.595507e+00 1.110000e+01
         vertex 6.142013e+00 6.500000e+00 9.700000e+00
      endloop
   endfacet
   facet normal 9.961946e-01 -8.715668e-02 0.000000e+00
      outer loop
         vertex 6.142013e+00 6.500000e+00 9.700000e+00
         vertex 6.150369e+00 6.595507e+00 1.110000e+01
         vertex 6.142013e+00 6.500000e+00 1.110000e+01
      endloop
   endfacet
   facet normal 9.961946e-01 8.715668e-02 -0.000000e+00
      outer loop
         vertex 6.142013e+00 6.500000e+00 9.700000e+00
         vertex 6.142013e+00 6.500000e+00 1.110000e+01
         vertex 6.150369e+00 6.404494e+00 9.700000e+00
      endloop
   endfacet
   facet normal 9.961946e-01 8.715668e-02 -0.000000e+00
      outer loop
         vertex 6.150369e+00 6.404494e+00 9.700000e+00
         vertex 6.142013e+00 6.500000e+00 1.110000e+01
         vertex 6.150369e+00 6.404494e+00 1.110000e+01
      endloop
   endfacet
   facet normal 9.659261e-01 2.588181e-01 -0.000000e+00
      outer loop
         vertex 6.150369e+00 6.404494e+00 9.700000e+00
         vertex 6.150369e+00 6.404494e+00 1.110000e+01
         vertex 6.175182e+00 6.311889e+00 9.700000e+00
      endloop
   endfacet
   facet normal 9.659261e-01 2.588181e-01 -0.000000e+00
      outer loop
         vertex 6.175182e+00 6.311889e+00 9.700000e+00
         vertex 6.150369e+00 6.404494e+00 1.110000e+01
         vertex 6.175182e+00 6.311889e+00 1.110000e+01
      endloop
   endfacet
   facet normal 9.063078e-01 4.226182e-01 -0.000000e+00
      outer loop
         vertex 6.175182e+00 6.311889e+00 9.700000e+00
         vertex 6.175182e+00 6.311889e+00 1.110000e+01
         vertex 6.215699e+00 6.225000e+00 9.700000e+00
      endloop
   endfacet
   facet normal 9.063078e-01 4.226182e-01 -0.000000e+00
      outer loop
         vertex 6.215699e+00 6.225000e+00 9.700000e+00
         vertex 6.175182e+00 6.311889e+00 1.110000e+01
         vertex 6.215699e+00 6.225000e+00 1.110000e+01
      endloop
   endfacet
   facet normal 8.191512e-01 5.735777e-01 -0.000000e+00
      outer loop
         vertex 6.215699e+00 6.225000e+00 9.700000e+00
         vertex 6.215699e+00 6.225000e+00 1.110000e+01
         vertex 6.270688e+00 6.146467e+00 9.700000e+00
      endloop
   endfacet
   facet normal 8.191512e-01 5.735777e-01 -0.000000e+00
      outer loop
         vertex 6.270688e+00 6.146467e+00 9.700000e+00
         vertex 6.215699e+00 6.225000e+00 1.110000e+01
         vertex 6.270688e+00 6.146467e+00 1.110000e+01
      endloop
   endfacet
   facet normal 7.071071e-01 7.071065e-01 -0.000000e+00
      outer loop
         vertex 6.270688e+00 6.146467e+00 9.700000e+00
         vertex 6.270688e+00 6.146467e+00 1.110000e+01
         vertex 6.338480e+00 6.078676e+00 9.700000e+00
      endloop
   endfacet
   facet normal 7.071071e-01 7.071065e-01 -0.000000e+00
      outer loop
         vertex 6.338480e+00 6.078676e+00 9.700000e+00
         vertex 6.270688e+00 6.146467e+00 1.110000e+01
         vertex 6.338480e+00 6.078676e+00 1.110000e+01
      endloop
   endfacet
   facet normal 5.735768e-01 8.191518e-01 -0.000000e+00
      outer loop
         vertex 6.338480e+00 6.078676e+00 9.700000e+00
         vertex 6.338480e+00 6.078676e+00 1.110000e+01
         vertex 6.417013e+00 6.023686e+00 9.700000e+00
      endloop
   endfacet
   facet normal 5.735768e-01 8.191518e-01 -0.000000e+00
      outer loop
         vertex 6.417013e+00 6.023686e+00 9.700000e+00
         vertex 6.338480e+00 6.078676e+00 1.110000e+01
         vertex 6.417013e+00 6.023686e+00 1.110000e+01
      endloop
   endfacet
   facet normal 4.226185e-01 9.063077e-01 -0.000000e+00
      outer loop
         vertex 6.417013e+00 6.023686e+00 9.700000e+00
         vertex 6.417013e+00 6.023686e+00 1.110000e+01
         vertex 6.503902e+00 5.983169e+00 9.700000e+00
      endloop
   endfacet
   facet normal 4.226185e-01 9.063077e-01 -0.000000e+00
      outer loop
         vertex 6.503902e+00 5.983169e+00 9.700000e+00
         vertex 6.417013e+00 6.023686e+00 1.110000e+01
         vertex 6.503902e+00 5.983169e+00 1.110000e+01
      endloop
   endfacet
   facet normal 2.588190e-01 9.659258e-01 -0.000000e+00
      outer loop
         vertex 6.503902e+00 5.983169e+00 9.700000e+00
         vertex 6.503902e+00 5.983169e+00 1.110000e+01
         vertex 6.596506e+00 5.958356e+00 9.700000e+00
      endloop
   endfacet
   facet normal 2.588190e-01 9.659258e-01 -0.000000e+00
      outer loop
         vertex 6.596506e+00 5.958356e+00 9.700000e+00
         vertex 6.503902e+00 5.983169e+00 1.110000e+01
         vertex 6.596506e+00 5.958356e+00 1.110000e+01
      endloop
   endfacet
   facet normal 8.715553e-02 9.961947e-01 -0.000000e+00
      outer loop
         vertex 6.596506e+00 5.958356e+00 9.700000e+00
         vertex 6.596506e+00 5.958356e+00 1.110000e+01
         vertex 6.692013e+00 5.950000e+00 9.700000e+00
      endloop
   endfacet
   facet normal 8.715553e-02 9.961947e-01 -0.000000e+00
      outer loop
         vertex 6.692013e+00 5.950000e+00 9.700000e+00
         vertex 6.596506e+00 5.958356e+00 1.110000e+01
         vertex 6.692013e+00 5.950000e+00 1.110000e+01
      endloop
   endfacet
   facet normal -8.715532e-02 9.961947e-01 0.000000e+00
      outer loop
         vertex 6.692013e+00 5.950000e+00 9.700000e+00
         vertex 6.692013e+00 5.950000e+00 1.110000e+01
         vertex 6.787519e+00 5.958356e+00 9.700000e+00
      endloop
   endfacet
   facet normal -8.715532e-02 9.961947e-01 0.000000e+00
      outer loop
         vertex 6.787519e+00 5.958356e+00 9.700000e+00
         vertex 6.692013e+00 5.950000e+00 1.110000e+01
         vertex 6.787519e+00 5.958356e+00 1.110000e+01
      endloop
   endfacet
   facet normal -2.588196e-01 9.659257e-01 0.000000e+00
      outer loop
         vertex 6.787519e+00 5.958356e+00 9.700000e+00
         vertex 6.787519e+00 5.958356e+00 1.110000e+01
         vertex 6.880124e+00 5.983169e+00 9.700000e+00
      endloop
   endfacet
   facet normal -2.588196e-01 9.659257e-01 0.000000e+00
      outer loop
         vertex 6.880124e+00 5.983169e+00 9.700000e+00
         vertex 6.787519e+00 5.958356e+00 1.110000e+01
         vertex 6.880124e+00 5.983169e+00 1.110000e+01
      endloop
   endfacet
   facet normal -4.226185e-01 9.063077e-01 0.000000e+00
      outer loop
         vertex 6.880124e+00 5.983169e+00 9.700000e+00
         vertex 6.880124e+00 5.983169e+00 1.110000e+01
         vertex 6.967013e+00 6.023686e+00 9.700000e+00
      endloop
   endfacet
   facet normal -4.226185e-01 9.063077e-01 0.000000e+00
      outer loop
         vertex 6.967013e+00 6.023686e+00 9.700000e+00
         vertex 6.880124e+00 5.983169e+00 1.110000e+01
         vertex 6.967013e+00 6.023686e+00 1.110000e+01
      endloop
   endfacet
   facet normal -5.735757e-01 8.191526e-01 0.000000e+00
      outer loop
         vertex 6.967013e+00 6.023686e+00 9.700000e+00
         vertex 6.967013e+00 6.023686e+00 1.110000e+01
         vertex 7.045546e+00 6.078676e+00 9.700000e+00
      endloop
   endfacet
   facet normal -5.735757e-01 8.191526e-01 0.000000e+00
      outer loop
         vertex 7.045546e+00 6.078676e+00 9.700000e+00
         vertex 6.967013e+00 6.023686e+00 1.110000e+01
         vertex 7.045546e+00 6.078676e+00 1.110000e+01
      endloop
   endfacet
   facet normal -7.071083e-01 7.071053e-01 0.000000e+00
      outer loop
         vertex 7.045546e+00 6.078676e+00 9.700000e+00
         vertex 7.045546e+00 6.078676e+00 1.110000e+01
         vertex 7.113337e+00 6.146467e+00 9.700000e+00
      endloop
   endfacet
   facet normal -7.071083e-01 7.071053e-01 0.000000e+00
      outer loop
         vertex 7.113337e+00 6.146467e+00 9.700000e+00
         vertex 7.045546e+00 6.078676e+00 1.110000e+01
         vertex 7.113337e+00 6.146467e+00 1.110000e+01
      endloop
   endfacet
   facet normal -8.191500e-01 5.735793e-01 0.000000e+00
      outer loop
         vertex 7.113337e+00 6.146467e+00 9.700000e+00
         vertex 7.113337e+00 6.146467e+00 1.110000e+01
         vertex 7.168327e+00 6.225000e+00 9.700000e+00
      endloop
   endfacet
   facet normal -8.191500e-01 5.735793e-01 0.000000e+00
      outer loop
         vertex 7.168327e+00 6.225000e+00 9.700000e+00
         vertex 7.113337e+00 6.146467e+00 1.110000e+01
         vertex 7.168327e+00 6.225000e+00 1.110000e+01
      endloop
   endfacet
   facet normal -9.063088e-01 4.226162e-01 0.000000e+00
      outer loop
         vertex 7.168327e+00 6.225000e+00 9.700000e+00
         vertex 7.168327e+00 6.225000e+00 1.110000e+01
         vertex 7.208844e+00 6.311889e+00 9.700000e+00
      endloop
   endfacet
   facet normal -9.063088e-01 4.226162e-01 0.000000e+00
      outer loop
         vertex 7.208844e+00 6.311889e+00 9.700000e+00
         vertex 7.168327e+00 6.225000e+00 1.110000e+01
         vertex 7.208844e+00 6.311889e+00 1.110000e+01
      endloop
   endfacet
   facet normal -9.659261e-01 2.588181e-01 0.000000e+00
      outer loop
         vertex 7.208844e+00 6.311889e+00 9.700000e+00
         vertex 7.208844e+00 6.311889e+00 1.110000e+01
         vertex 7.233657e+00 6.404494e+00 9.700000e+00
      endloop
   endfacet
   facet normal -9.659261e-01 2.588181e-01 0.000000e+00
      outer loop
         vertex 7.233657e+00 6.404494e+00 9.700000e+00
         vertex 7.208844e+00 6.311889e+00 1.110000e+01
         vertex 7.233657e+00 6.404494e+00 1.110000e+01
      endloop
   endfacet
   facet normal -9.961946e-01 8.715668e-02 0.000000e+00
      outer loop
         vertex 7.233657e+00 6.404494e+00 9.700000e+00
         vertex 7.233657e+00 6.404494e+00 1.110000e+01
         vertex 7.242013e+00 6.500000e+00 9.700000e+00
      endloop
   endfacet
   facet normal -9.961946e-01 8.715668e-02 0.000000e+00
      outer loop
         vertex 7.242013e+00 6.500000e+00 9.700000e+00
         vertex 7.233657e+00 6.404494e+00 1.110000e+01
         vertex 7.242013e+00 6.500000e+00 1.110000e+01
      endloop
   endfacet
   facet normal 3.987262e-01 -9.170700e-01 0.000000e+00
      outer loop
         vertex 4.592013e+00 4.500000e+00 1.900000e+00
         vertex 7.082751e+00 5.582930e+00 1.900000e+00
         vertex 4.592013e+00 4.500000e+00 3.300000e+00
      endloop
   endfacet
   facet normal 3.987262e-01 -9.170700e-01 0.000000e+00
      outer loop
         vertex 4.592013e+00 4.500000e+00 3.300000e+00
         vertex 7.082751e+00 5.582930e+00 1.900000e+00
         vertex 7.082751e+00 5.582930e+00 3.300000e+00
      endloop
   endfacet
   facet normal 3.987262e-01 9.170700e-01 0.000000e+00
      outer loop
         vertex 4.592013e+00 8.500000e+00 3.300000e+00
         vertex 7.082751e+00 7.417070e+00 3.300000e+00
         vertex 4.592013e+00 8.500000e+00 1.900000e+00
      endloop
   endfacet
   facet normal 3.987262e-01 9.170700e-01 0.000000e+00
      outer loop
         vertex 4.592013e+00 8.500000e+00 1.900000e+00
         vertex 7.082751e+00 7.417070e+00 3.300000e+00
         vertex 7.082751e+00 7.417070e+00 1.900000e+00
      endloop
   endfacet
   facet normal 0.000000e+00 -0.000000e+00 1.000000e+00
      outer loop
         vertex 6.142013e+00 6.500000e+00 3.300000e+00
         vertex 6.150369e+00 6.595507e+00 3.300000e+00
         vertex 5.842013e+00 6.500000e+00 3.300000e+00
      endloop
   endfacet
   facet normal 0.000000e+00 0.000000e+00 1.000000e+00
      outer loop
         vertex 4.592013e+00 8.500000e+00 3.300000e+00
         vertex 6.338480e+00 6.921325e+00 3.300000e+00
         vertex 6.417013e+00 6.976314e+00 3.300000e+00
      endloop
   endfacet
   facet normal 0.000000e+00 -0.000000e+00 1.000000e+00
      outer loop
         vertex 5.842013e+00 6.500000e+00 3.300000e+00
         vertex 6.150369e+00 6.595507e+00 3.300000e+00
         vertex 4.592013e+00 7.419608e+00 3.300000e+00
      endloop
   endfacet
   facet normal 0.000000e+00 0.000000e+00 1.000000e+00
      outer loop
         vertex 4.592013e+00 7.419608e+00 3.300000e+00
         vertex 6.150369e+00 6.595507e+00 3.300000e+00
         vertex 6.175182e+00 6.688111e+00 3.300000e+00
      endloop
   endfacet
   facet normal -0.000000e+00 0.000000e+00 1.000000e+00
      outer loop
         vertex 4.592013e+00 7.419608e+00 3.300000e+00
         vertex 6.175182e+00 6.688111e+00 3.300000e+00
         vertex 4.592013e+00 7.772304e+00 3.300000e+00
      endloop
   endfacet
   facet normal 0.000000e+00 0.000000e+00 1.000000e+00
      outer loop
         vertex 4.592013e+00 7.772304e+00 3.300000e+00
         vertex 6.175182e+00 6.688111e+00 3.300000e+00
         vertex 6.215699e+00 6.775000e+00 3.300000e+00
      endloop
   endfacet
   facet normal -0.000000e+00 0.000000e+00 1.000000e+00
      outer loop
         vertex 4.592013e+00 7.772304e+00 3.300000e+00
         vertex 6.215699e+00 6.775000e+00 3.300000e+00
         vertex 4.592013e+00 8.500000e+00 3.300000e+00
      endloop
   endfacet
   facet normal 0.000000e+00 0.000000e+00 1.000000e+00
      outer loop
         vertex 4.592013e+00 8.500000e+00 3.300000e+00
         vertex 6.215699e+00 6.775000e+00 3.300000e+00
         vertex 6.270688e+00 6.853533e+00 3.300000e+00
      endloop
   endfacet
   facet normal 0.000000e+00 0.000000e+00 1.000000e+00
      outer loop
         vertex 4.592013e+00 8.500000e+00 3.300000e+00
         vertex 6.270688e+00 6.853533e+00 3.300000e+00
         vertex 6.338480e+00 6.921325e+00 3.300000e+00
      endloop
   endfacet
   facet normal 0.000000e+00 0.000000e+00 1.000000e+00
      outer loop
         vertex 6.503902e+00 5.983169e+00 3.300000e+00
         vertex 6.417013e+00 6.023686e+00 3.300000e+00
         vertex 4.592013e+00 4.500000e+00 3.300000e+00
      endloop
   endfacet
   facet normal 0.000000e+00 0.000000e+00 1.000000e+00
      outer loop
         vertex 6.142013e+00 6.500000e+00 3.300000e+00
         vertex 5.842013e+00 6.500000e+00 3.300000e+00
         vertex 6.150369e+00 6.404494e+00 3.300000e+00
      endloop
   endfacet
   facet normal 0.000000e+00 0.000000e+00 1.000000e+00
      outer loop
         vertex 6.150369e+00 6.404494e+00 3.300000e+00
         vertex 5.842013e+00 6.500000e+00 3.300000e+00
         vertex 4.592013e+00 5.419608e+00 3.300000e+00
      endloop
   endfacet
   facet normal 0.000000e+00 0.000000e+00 1.000000e+00
      outer loop
         vertex 6.150369e+00 6.404494e+00 3.300000e+00
         vertex 4.592013e+00 5.419608e+00 3.300000e+00
         vertex 6.175182e+00 6.311889e+00 3.300000e+00
      endloop
   endfacet
   facet normal -0.000000e+00 0.000000e+00 1.000000e+00
      outer loop
         vertex 6.880124e+00 5.983169e+00 3.300000e+00
         vertex 7.082751e+00 5.582930e+00 3.300000e+00
         vertex 6.967013e+00 6.023686e+00 3.300000e+00
      endloop
   endfacet
   facet normal 0.000000e+00 0.000000e+00 1.000000e+00
      outer loop
         vertex 6.967013e+00 6.023686e+00 3.300000e+00
         vertex 7.082751e+00 5.582930e+00 3.300000e+00
         vertex 7.228646e+00 5.661318e+00 3.300000e+00
      endloop
   endfacet
   facet normal -0.000000e+00 0.000000e+00 1.000000e+00
      outer loop
         vertex 6.967013e+00 6.023686e+00 3.300000e+00
         vertex 7.228646e+00 5.661318e+00 3.300000e+00
         vertex 7.045546e+00 6.078676e+00 3.300000e+00
      endloop
   endfacet
   facet normal 0.000000e+00 0.000000e+00 1.000000e+00
      outer loop
         vertex 7.045546e+00 6.078676e+00 3.300000e+00
         vertex 7.228646e+00 5.661318e+00 3.300000e+00
         vertex 7.359602e+00 5.762711e+00 3.300000e+00
      endloop
   endfacet
   facet normal -0.000000e+00 0.000000e+00 1.000000e+00
      outer loop
         vertex 7.045546e+00 6.078676e+00 3.300000e+00
         vertex 7.359602e+00 5.762711e+00 3.300000e+00
         vertex 7.113337e+00 6.146467e+00 3.300000e+00
      endloop
   endfacet
   facet normal 0.000000e+00 0.000000e+00 1.000000e+00
      outer loop
         vertex 7.113337e+00 6.146467e+00 3.300000e+00
         vertex 7.359602e+00 5.762711e+00 3.300000e+00
         vertex 7.472028e+00 5.884327e+00 3.300000e+00
      endloop
   endfacet
   facet normal -0.000000e+00 0.000000e+00 1.000000e+00
      outer loop
         vertex 7.113337e+00 6.146467e+00 3.300000e+00
         vertex 7.472028e+00 5.884327e+00 3.300000e+00
         vertex 7.168327e+00 6.225000e+00 3.300000e+00
      endloop
   endfacet
   facet normal 0.000000e+00 0.000000e+00 1.000000e+00
      outer loop
         vertex 7.168327e+00 6.225000e+00 3.300000e+00
         vertex 7.472028e+00 5.884327e+00 3.300000e+00
         vertex 7.562838e+00 6.022832e+00 3.300000e+00
      endloop
   endfacet
   facet normal -0.000000e+00 0.000000e+00 1.000000e+00
      outer loop
         vertex 7.168327e+00 6.225000e+00 3.300000e+00
         vertex 7.562838e+00 6.022832e+00 3.300000e+00
         vertex 7.208844e+00 6.311889e+00 3.300000e+00
      endloop
   endfacet
   facet normal 0.000000e+00 0.000000e+00 1.000000e+00
      outer loop
         vertex 7.208844e+00 6.311889e+00 3.300000e+00
         vertex 7.562838e+00 6.022832e+00 3.300000e+00
         vertex 7.629542e+00 6.174425e+00 3.300000e+00
      endloop
   endfacet
   facet normal -0.000000e+00 0.000000e+00 1.000000e+00
      outer loop
         vertex 7.208844e+00 6.311889e+00 3.300000e+00
         vertex 7.629542e+00 6.174425e+00 3.300000e+00
         vertex 7.233657e+00 6.404494e+00 3.300000e+00
      endloop
   endfacet
   facet normal 0.000000e+00 0.000000e+00 1.000000e+00
      outer loop
         vertex 7.233657e+00 6.404494e+00 3.300000e+00
         vertex 7.629542e+00 6.174425e+00 3.300000e+00
         vertex 7.670311e+00 6.334949e+00 3.300000e+00
      endloop
   endfacet
   facet normal -0.000000e+00 0.000000e+00 1.000000e+00
      outer loop
         vertex 7.233657e+00 6.404494e+00 3.300000e+00
         vertex 7.670311e+00 6.334949e+00 3.300000e+00
         vertex 7.242013e+00 6.500000e+00 3.300000e+00
      endloop
   endfacet
   facet normal -0.000000e+00 0.000000e+00 1.000000e+00
      outer loop
         vertex 7.242013e+00 6.500000e+00 3.300000e+00
         vertex 7.670311e+00 6.334949e+00 3.300000e+00
         vertex 7.684025e+00 6.500000e+00 3.300000e+00
      endloop
   endfacet
   facet normal 0.000000e+00 -0.000000e+00 1.000000e+00
      outer loop
         vertex 7.242013e+00 6.500000e+00 3.300000e+00
         vertex 7.684025e+00 6.500000e+00 3.300000e+00
         vertex 7.233657e+00 6.595507e+00 3.300000e+00
      endloop
   endfacet
   facet normal -0.000000e+00 0.000000e+00 1.000000e+00
      outer loop
         vertex 7.233657e+00 6.595507e+00 3.300000e+00
         vertex 7.684025e+00 6.500000e+00 3.300000e+00
         vertex 7.670311e+00 6.665051e+00 3.300000e+00
      endloop
   endfacet
   facet normal 0.000000e+00 -0.000000e+00 1.000000e+00
      outer loop
         vertex 7.233657e+00 6.595507e+00 3.300000e+00
         vertex 7.670311e+00 6.665051e+00 3.300000e+00
         vertex 7.208844e+00 6.688111e+00 3.300000e+00
      endloop
   endfacet
   facet normal -0.000000e+00 0.000000e+00 1.000000e+00
      outer loop
         vertex 7.208844e+00 6.688111e+00 3.300000e+00
         vertex 7.670311e+00 6.665051e+00 3.300000e+00
         vertex 7.629542e+00 6.825575e+00 3.300000e+00
      endloop
   endfacet
   facet normal 0.000000e+00 -0.000000e+00 1.000000e+00
      outer loop
         vertex 7.208844e+00 6.688111e+00 3.300000e+00
         vertex 7.629542e+00 6.825575e+00 3.300000e+00
         vertex 7.168327e+00 6.775000e+00 3.300000e+00
      endloop
   endfacet
   facet normal 0.000000e+00 0.000000e+00 1.000000e+00
      outer loop
         vertex 7.168327e+00 6.775000e+00 3.300000e+00
         vertex 7.629542e+00 6.825575e+00 3.300000e+00
         vertex 7.562838e+00 6.977168e+00 3.300000e+00
      endloop
   endfacet
   facet normal 0.000000e+00 -0.000000e+00 1.000000e+00
      outer loop
         vertex 7.168327e+00 6.775000e+00 3.300000e+00
         vertex 7.562838e+00 6.977168e+00 3.300000e+00
         vertex 7.113337e+00 6.853533e+00 3.300000e+00
      endloop
   endfacet
   facet normal 0.000000e+00 0.000000e+00 1.000000e+00
      outer loop
         vertex 7.113337e+00 6.853533e+00 3.300000e+00
         vertex 7.562838e+00 6.977168e+00 3.300000e+00
         vertex 7.472028e+00 7.115673e+00 3.300000e+00
      endloop
   endfacet
   facet normal 0.000000e+00 -0.000000e+00 1.000000e+00
      outer loop
         vertex 7.113337e+00 6.853533e+00 3.300000e+00
         vertex 7.472028e+00 7.115673e+00 3.300000e+00
         vertex 7.045546e+00 6.921325e+00 3.300000e+00
      endloop
   endfacet
   facet normal 0.000000e+00 0.000000e+00 1.000000e+00
      outer loop
         vertex 7.045546e+00 6.921325e+00 3.300000e+00
         vertex 7.472028e+00 7.115673e+00 3.300000e+00
         vertex 7.359602e+00 7.237290e+00 3.300000e+00
      endloop
   endfacet
   facet normal 0.000000e+00 -0.000000e+00 1.000000e+00
      outer loop
         vertex 7.045546e+00 6.921325e+00 3.300000e+00
         vertex 7.359602e+00 7.237290e+00 3.300000e+00
         vertex 6.967013e+00 6.976314e+00 3.300000e+00
      endloop
   endfacet
   facet normal 0.000000e+00 0.000000e+00 1.000000e+00
      outer loop
         vertex 6.967013e+00 6.976314e+00 3.300000e+00
         vertex 7.359602e+00 7.237290e+00 3.300000e+00
         vertex 7.228646e+00 7.338682e+00 3.300000e+00
      endloop
   endfacet
   facet normal 0.000000e+00 -0.000000e+00 1.000000e+00
      outer loop
         vertex 6.967013e+00 6.976314e+00 3.300000e+00
         vertex 7.228646e+00 7.338682e+00 3.300000e+00
         vertex 6.880124e+00 7.016831e+00 3.300000e+00
      endloop
   endfacet
   facet normal 0.000000e+00 0.000000e+00 1.000000e+00
      outer loop
         vertex 6.880124e+00 7.016831e+00 3.300000e+00
         vertex 7.228646e+00 7.338682e+00 3.300000e+00
         vertex 7.082751e+00 7.417070e+00 3.300000e+00
      endloop
   endfacet
   facet normal 0.000000e+00 -0.000000e+00 1.000000e+00
      outer loop
         vertex 6.880124e+00 7.016831e+00 3.300000e+00
         vertex 7.082751e+00 7.417070e+00 3.300000e+00
         vertex 6.787519e+00 7.041644e+00 3.300000e+00
      endloop
   endfacet
   facet normal 0.000000e+00 0.000000e+00 1.000000e+00
      outer loop
         vertex 6.417013e+00 6.023686e+00 3.300000e+00
         vertex 6.338480e+00 6.078676e+00 3.300000e+00
         vertex 4.592013e+00 4.500000e+00 3.300000e+00
      endloop
   endfacet
   facet normal 0.000000e+00 0.000000e+00 1.000000e+00
      outer loop
         vertex 4.592013e+00 4.500000e+00 3.300000e+00
         vertex 6.338480e+00 6.078676e+00 3.300000e+00
         vertex 6.270688e+00 6.146467e+00 3.300000e+00
      endloop
   endfacet
   facet normal 0.000000e+00 0.000000e+00 1.000000e+00
      outer loop
         vertex 4.592013e+00 4.500000e+00 3.300000e+00
         vertex 6.270688e+00 6.146467e+00 3.300000e+00
         vertex 4.592013e+00 5.419608e+00 3.300000e+00
      endloop
   endfacet
   facet normal 0.000000e+00 0.000000e+00 1.000000e+00
      outer loop
         vertex 4.592013e+00 5.419608e+00 3.300000e+00
         vertex 6.270688e+00 6.146467e+00 3.300000e+00
         vertex 6.215699e+00 6.225000e+00 3.300000e+00
      endloop
   endfacet
   facet normal 0.000000e+00 0.000000e+00 1.000000e+00
      outer loop
         vertex 4.592013e+00 5.419608e+00 3.300000e+00
         vertex 6.215699e+00 6.225000e+00 3.300000e+00
         vertex 6.175182e+00 6.311889e+00 3.300000e+00
      endloop
   endfacet
   facet normal 0.000000e+00 -0.000000e+00 1.000000e+00
      outer loop
         vertex 6.417013e+00 6.976314e+00 3.300000e+00
         vertex 6.503902e+00 7.016831e+00 3.300000e+00
         vertex 4.592013e+00 8.500000e+00 3.300000e+00
      endloop
   endfacet
   facet normal 0.000000e+00 0.000000e+00 1.000000e+00
      outer loop
         vertex 4.592013e+00 8.500000e+00 3.300000e+00
         vertex 6.503902e+00 7.016831e+00 3.300000e+00
         vertex 6.596506e+00 7.041644e+00 3.300000e+00
      endloop
   endfacet
   facet normal 0.000000e+00 0.000000e+00 1.000000e+00
      outer loop
         vertex 4.592013e+00 8.500000e+00 3.300000e+00
         vertex 6.596506e+00 7.041644e+00 3.300000e+00
         vertex 7.082751e+00 7.417070e+00 3.300000e+00
      endloop
   endfacet
   facet normal 0.000000e+00 0.000000e+00 1.000000e+00
      outer loop
         vertex 7.082751e+00 7.417070e+00 3.300000e+00
         vertex 6.596506e+00 7.041644e+00 3.300000e+00
         vertex 6.692013e+00 7.050000e+00 3.300000e+00
      endloop
   endfacet
   facet normal 0.000000e+00 0.000000e+00 1.000000e+00
      outer loop
         vertex 7.082751e+00 7.417070e+00 3.300000e+00
         vertex 6.692013e+00 7.050000e+00 3.300000e+00
         vertex 6.787519e+00 7.041644e+00 3.300000e+00
      endloop
   endfacet
   facet normal 0.000000e+00 0.000000e+00 1.000000e+00
      outer loop
         vertex 6.880124e+00 5.983169e+00 3.300000e+00
         vertex 6.787519e+00 5.958356e+00 3.300000e+00
         vertex 7.082751e+00 5.582930e+00 3.300000e+00
      endloop
   endfacet
   facet normal 0.000000e+00 0.000000e+00 1.000000e+00
      outer loop
         vertex 7.082751e+00 5.582930e+00 3.300000e+00
         vertex 6.787519e+00 5.958356e+00 3.300000e+00
         vertex 6.692013e+00 5.950000e+00 3.300000e+00
      endloop
   endfacet
   facet normal 0.000000e+00 0.000000e+00 1.000000e+00
      outer loop
         vertex 7.082751e+00 5.582930e+00 3.300000e+00
         vertex 6.692013e+00 5.950000e+00 3.300000e+00
         vertex 4.592013e+00 4.500000e+00 3.300000e+00
      endloop
   endfacet
   facet normal 0.000000e+00 0.000000e+00 1.000000e+00
      outer loop
         vertex 4.592013e+00 4.500000e+00 3.300000e+00
         vertex 6.692013e+00 5.950000e+00 3.300000e+00
         vertex 6.596506e+00 5.958356e+00 3.300000e+00
      endloop
   endfacet
   facet normal 0.000000e+00 0.000000e+00 1.000000e+00
      outer loop
         vertex 4.592013e+00 4.500000e+00 3.300000e+00
         vertex 6.596506e+00 5.958356e+00 3.300000e+00
         vertex 6.503902e+00 5.983169e+00 3.300000e+00
      endloop
   endfacet
   facet normal -0.000000e+00 0.000000e+00 -1.000000e+00
      outer loop
         vertex 6.503902e+00 7.016831e+00 1.900000e+00
         vertex 6.417013e+00 6.976314e+00 1.900000e+00
         vertex 4.592013e+00 8.500000e+00 1.900000e+00
      endloop
   endfacet
   facet normal 0.000000e+00 0.000000e+00 -1.000000e+00
      outer loop
         vertex 4.592013e+00 7.419608e+00 1.900000e+00
         vertex 6.150369e+00 6.595507e+00 1.900000e+00
         vertex 5.842013e+00 6.500000e+00 1.900000e+00
      endloop
   endfacet
   facet normal 0.000000e+00 0.000000e+00 -1.000000e+00
      outer loop
         vertex 5.842013e+00 6.500000e+00 1.900000e+00
         vertex 6.150369e+00 6.595507e+00 1.900000e+00
         vertex 6.142013e+00 6.500000e+00 1.900000e+00
      endloop
   endfacet
   facet normal 0.000000e+00 -0.000000e+00 -1.000000e+00
      outer loop
         vertex 5.842013e+00 6.500000e+00 1.900000e+00
         vertex 6.142013e+00 6.500000e+00 1.900000e+00
         vertex 4.592013e+00 5.419608e+00 1.900000e+00
      endloop
   endfacet
   facet normal 0.000000e+00 0.000000e+00 -1.000000e+00
      outer loop
         vertex 4.592013e+00 5.419608e+00 1.900000e+00
         vertex 6.142013e+00 6.500000e+00 1.900000e+00
         vertex 6.150369e+00 6.404494e+00 1.900000e+00
      endloop
   endfacet
   facet normal 0.000000e+00 0.000000e+00 -1.000000e+00
      outer loop
         vertex 4.592013e+00 4.500000e+00 1.900000e+00
         vertex 6.338480e+00 6.078676e+00 1.900000e+00
         vertex 6.417013e+00 6.023686e+00 1.900000e+00
      endloop
   endfacet
   facet normal 0.000000e+00 0.000000e+00 -1.000000e+00
      outer loop
         vertex 6.787519e+00 7.041644e+00 1.900000e+00
         vertex 6.692013e+00 7.050000e+00 1.900000e+00
         vertex 7.082751e+00 7.417070e+00 1.900000e+00
      endloop
   endfacet
   facet normal 0.000000e+00 -0.000000e+00 -1.000000e+00
      outer loop
         vertex 6.150369e+00 6.404494e+00 1.900000e+00
         vertex 6.175182e+00 6.311889e+00 1.900000e+00
         vertex 4.592013e+00 5.419608e+00 1.900000e+00
      endloop
   endfacet
   facet normal 0.000000e+00 0.000000e+00 -1.000000e+00
      outer loop
         vertex 4.592013e+00 5.419608e+00 1.900000e+00
         vertex 6.175182e+00 6.311889e+00 1.900000e+00
         vertex 6.215699e+00 6.225000e+00 1.900000e+00
      endloop
   endfacet
   facet normal 0.000000e+00 0.000000e+00 -1.000000e+00
      outer loop
         vertex 4.592013e+00 5.419608e+00 1.900000e+00
         vertex 6.215699e+00 6.225000e+00 1.900000e+00
         vertex 4.592013e+00 4.500000e+00 1.900000e+00
      endloop
   endfacet
   facet normal 0.000000e+00 0.000000e+00 -1.000000e+00
      outer loop
         vertex 4.592013e+00 4.500000e+00 1.900000e+00
         vertex 6.215699e+00 6.225000e+00 1.900000e+00
         vertex 6.270688e+00 6.146467e+00 1.900000e+00
      endloop
   endfacet
   facet normal 0.000000e+00 0.000000e+00 -1.000000e+00
      outer loop
         vertex 4.592013e+00 4.500000e+00 1.900000e+00
         vertex 6.270688e+00 6.146467e+00 1.900000e+00
         vertex 6.338480e+00 6.078676e+00 1.900000e+00
      endloop
   endfacet
   facet normal -0.000000e+00 0.000000e+00 -1.000000e+00
      outer loop
         vertex 7.082751e+00 7.417070e+00 1.900000e+00
         vertex 6.692013e+00 7.050000e+00 1.900000e+00
         vertex 4.592013e+00 8.500000e+00 1.900000e+00
      endloop
   endfacet
   facet normal 0.000000e+00 0.000000e+00 -1.000000e+00
      outer loop
         vertex 4.592013e+00 8.500000e+00 1.900000e+00
         vertex 6.692013e+00 7.050000e+00 1.900000e+00
         vertex 6.596506e+00 7.041644e+00 1.900000e+00
      endloop
   endfacet
   facet normal 0.000000e+00 0.000000e+00 -1.000000e+00
      outer loop
         vertex 4.592013e+00 8.500000e+00 1.900000e+00
         vertex 6.596506e+00 7.041644e+00 1.900000e+00
         vertex 6.503902e+00 7.016831e+00 1.900000e+00
      endloop
   endfacet
   facet normal -0.000000e+00 0.000000e+00 -1.000000e+00
      outer loop
         vertex 6.417013e+00 6.976314e+00 1.900000e+00
         vertex 6.338480e+00 6.921325e+00 1.900000e+00
         vertex 4.592013e+00 8.500000e+00 1.900000e+00
      endloop
   endfacet
   facet normal 0.000000e+00 0.000000e+00 -1.000000e+00
      outer loop
         vertex 4.592013e+00 8.500000e+00 1.900000e+00
         vertex 6.338480e+00 6.921325e+00 1.900000e+00
         vertex 6.270688e+00 6.853533e+00 1.900000e+00
      endloop
   endfacet
   facet normal 0.000000e+00 0.000000e+00 -1.000000e+00
      outer loop
         vertex 4.592013e+00 8.500000e+00 1.900000e+00
         vertex 6.270688e+00 6.853533e+00 1.900000e+00
         vertex 4.592013e+00 7.772304e+00 1.900000e+00
      endloop
   endfacet
   facet normal 0.000000e+00 0.000000e+00 -1.000000e+00
      outer loop
         vertex 4.592013e+00 7.772304e+00 1.900000e+00
         vertex 6.270688e+00 6.853533e+00 1.900000e+00
         vertex 6.215699e+00 6.775000e+00 1.900000e+00
      endloop
   endfacet
   facet normal 0.000000e+00 0.000000e+00 -1.000000e+00
      outer loop
         vertex 4.592013e+00 7.772304e+00 1.900000e+00
         vertex 6.215699e+00 6.775000e+00 1.900000e+00
         vertex 4.592013e+00 7.419608e+00 1.900000e+00
      endloop
   endfacet
   facet normal 0.000000e+00 0.000000e+00 -1.000000e+00
      outer loop
         vertex 4.592013e+00 7.419608e+00 1.900000e+00
         vertex 6.215699e+00 6.775000e+00 1.900000e+00
         vertex 6.175182e+00 6.688111e+00 1.900000e+00
      endloop
   endfacet
   facet normal 0.000000e+00 0.000000e+00 -1.000000e+00
      outer loop
         vertex 4.592013e+00 7.419608e+00 1.900000e+00
         vertex 6.175182e+00 6.688111e+00 1.900000e+00
         vertex 6.150369e+00 6.595507e+00 1.900000e+00
      endloop
   endfacet
   facet normal 0.000000e+00 -0.000000e+00 -1.000000e+00
      outer loop
         vertex 6.417013e+00 6.023686e+00 1.900000e+00
         vertex 6.503902e+00 5.983169e+00 1.900000e+00
         vertex 4.592013e+00 4.500000e+00 1.900000e+00
      endloop
   endfacet
   facet normal 0.000000e+00 0.000000e+00 -1.000000e+00
      outer loop
         vertex 4.592013e+00 4.500000e+00 1.900000e+00
         vertex 6.503902e+00 5.983169e+00 1.900000e+00
         vertex 6.596506e+00 5.958356e+00 1.900000e+00
      endloop
   endfacet
   facet normal 0.000000e+00 0.000000e+00 -1.000000e+00
      outer loop
         vertex 4.592013e+00 4.500000e+00 1.900000e+00
         vertex 6.596506e+00 5.958356e+00 1.900000e+00
         vertex 7.082751e+00 5.582930e+00 1.900000e+00
      endloop
   endfacet
   facet normal 0.000000e+00 0.000000e+00 -1.000000e+00
      outer loop
         vertex 7.082751e+00 5.582930e+00 1.900000e+00
         vertex 6.596506e+00 5.958356e+00 1.900000e+00
         vertex 6.692013e+00 5.950000e+00 1.900000e+00
      endloop
   endfacet
   facet normal 0.000000e+00 0.000000e+00 -1.000000e+00
      outer loop
         vertex 6.692013e+00 5.950000e+00 1.900000e+00
         vertex 6.787519e+00 5.958356e+00 1.900000e+00
         vertex 7.082751e+00 5.582930e+00 1.900000e+00
      endloop
   endfacet
   facet normal 0.000000e+00 0.000000e+00 -1.000000e+00
      outer loop
         vertex 7.082751e+00 5.582930e+00 1.900000e+00
         vertex 6.787519e+00 5.958356e+00 1.900000e+00
         vertex 6.880124e+00 5.983169e+00 1.900000e+00
      endloop
   endfacet
   facet normal 0.000000e+00 0.000000e+00 -1.000000e+00
      outer loop
         vertex 7.082751e+00 5.582930e+00 1.900000e+00
         vertex 6.880124e+00 5.983169e+00 1.900000e+00
         vertex 7.228646e+00 5.661318e+00 1.900000e+00
      endloop
   endfacet
   facet normal 0.000000e+00 0.000000e+00 -1.000000e+00
      outer loop
         vertex 7.228646e+00 5.661318e+00 1.900000e+00
         vertex 6.880124e+00 5.983169e+00 1.900000e+00
         vertex 6.967013e+00 6.023686e+00 1.900000e+00
      endloop
   endfacet
   facet normal 0.000000e+00 0.000000e+00 -1.000000e+00
      outer loop
         vertex 7.228646e+00 5.661318e+00 1.900000e+00
         vertex 6.967013e+00 6.023686e+00 1.900000e+00
         vertex 7.359602e+00 5.762711e+00 1.900000e+00
      endloop
   endfacet
   facet normal 0.000000e+00 0.000000e+00 -1.000000e+00
      outer loop
         vertex 7.359602e+00 5.762711e+00 1.900000e+00
         vertex 6.967013e+00 6.023686e+00 1.900000e+00
         vertex 7.045546e+00 6.078676e+00 1.900000e+00
      endloop
   endfacet
   facet normal 0.000000e+00 0.000000e+00 -1.000000e+00
      outer loop
         vertex 7.359602e+00 5.762711e+00 1.900000e+00
         vertex 7.045546e+00 6.078676e+00 1.900000e+00
         vertex 7.472028e+00 5.884327e+00 1.900000e+00
      endloop
   endfacet
   facet normal 0.000000e+00 0.000000e+00 -1.000000e+00
      outer loop
         vertex 7.472028e+00 5.884327e+00 1.900000e+00
         vertex 7.045546e+00 6.078676e+00 1.900000e+00
         vertex 7.113337e+00 6.146467e+00 1.900000e+00
      endloop
   endfacet
   facet normal 0.000000e+00 0.000000e+00 -1.000000e+00
      outer loop
         vertex 7.472028e+00 5.884327e+00 1.900000e+00
         vertex 7.113337e+00 6.146467e+00 1.900000e+00
         vertex 7.562838e+00 6.022832e+00 1.900000e+00
      endloop
   endfacet
   facet normal 0.000000e+00 0.000000e+00 -1.000000e+00
      outer loop
         vertex 7.562838e+00 6.022832e+00 1.900000e+00
         vertex 7.113337e+00 6.146467e+00 1.900000e+00
         vertex 7.168327e+00 6.225000e+00 1.900000e+00
      endloop
   endfacet
   facet normal 0.000000e+00 0.000000e+00 -1.000000e+00
      outer loop
         vertex 7.562838e+00 6.022832e+00 1.900000e+00
         vertex 7.168327e+00 6.225000e+00 1.900000e+00
         vertex 7.629542e+00 6.174425e+00 1.900000e+00
      endloop
   endfacet
   facet normal 0.000000e+00 0.000000e+00 -1.000000e+00
      outer loop
         vertex 7.629542e+00 6.174425e+00 1.900000e+00
         vertex 7.168327e+00 6.225000e+00 1.900000e+00
         vertex 7.208844e+00 6.311889e+00 1.900000e+00
      endloop
   endfacet
   facet normal 0.000000e+00 0.000000e+00 -1.000000e+00
      outer loop
         vertex 7.629542e+00 6.174425e+00 1.900000e+00
         vertex 7.208844e+00 6.311889e+00 1.900000e+00
         vertex 7.670311e+00 6.334949e+00 1.900000e+00
      endloop
   endfacet
   facet normal -0.000000e+00 0.000000e+00 -1.000000e+00
      outer loop
         vertex 7.670311e+00 6.334949e+00 1.900000e+00
         vertex 7.208844e+00 6.311889e+00 1.900000e+00
         vertex 7.233657e+00 6.404494e+00 1.900000e+00
      endloop
   endfacet
   facet normal 0.000000e+00 0.000000e+00 -1.000000e+00
      outer loop
         vertex 7.670311e+00 6.334949e+00 1.900000e+00
         vertex 7.233657e+00 6.404494e+00 1.900000e+00
         vertex 7.684025e+00 6.500000e+00 1.900000e+00
      endloop
   endfacet
   facet normal 0.000000e+00 0.000000e+00 -1.000000e+00
      outer loop
         vertex 7.684025e+00 6.500000e+00 1.900000e+00
         vertex 7.233657e+00 6.404494e+00 1.900000e+00
         vertex 7.242013e+00 6.500000e+00 1.900000e+00
      endloop
   endfacet
   facet normal -0.000000e+00 0.000000e+00 -1.000000e+00
      outer loop
         vertex 7.684025e+00 6.500000e+00 1.900000e+00
         vertex 7.242013e+00 6.500000e+00 1.900000e+00
         vertex 7.670311e+00 6.665051e+00 1.900000e+00
      endloop
   endfacet
   facet normal 0.000000e+00 0.000000e+00 -1.000000e+00
      outer loop
         vertex 7.670311e+00 6.665051e+00 1.900000e+00
         vertex 7.242013e+00 6.500000e+00 1.900000e+00
         vertex 7.233657e+00 6.595507e+00 1.900000e+00
      endloop
   endfacet
   facet normal -0.000000e+00 0.000000e+00 -1.000000e+00
      outer loop
         vertex 7.670311e+00 6.665051e+00 1.900000e+00
         vertex 7.233657e+00 6.595507e+00 1.900000e+00
         vertex 7.629542e+00 6.825575e+00 1.900000e+00
      endloop
   endfacet
   facet normal 0.000000e+00 0.000000e+00 -1.000000e+00
      outer loop
         vertex 7.629542e+00 6.825575e+00 1.900000e+00
         vertex 7.233657e+00 6.595507e+00 1.900000e+00
         vertex 7.208844e+00 6.688111e+00 1.900000e+00
      endloop
   endfacet
   facet normal -0.000000e+00 0.000000e+00 -1.000000e+00
      outer loop
         vertex 7.629542e+00 6.825575e+00 1.900000e+00
         vertex 7.208844e+00 6.688111e+00 1.900000e+00
         vertex 7.562838e+00 6.977168e+00 1.900000e+00
      endloop
   endfacet
   facet normal 0.000000e+00 0.000000e+00 -1.000000e+00
      outer loop
         vertex 7.562838e+00 6.977168e+00 1.900000e+00
         vertex 7.208844e+00 6.688111e+00 1.900000e+00
         vertex 7.168327e+00 6.775000e+00 1.900000e+00
      endloop
   endfacet
   facet normal -0.000000e+00 0.000000e+00 -1.000000e+00
      outer loop
         vertex 7.562838e+00 6.977168e+00 1.900000e+00
         vertex 7.168327e+00 6.775000e+00 1.900000e+00
         vertex 7.472028e+00 7.115673e+00 1.900000e+00
      endloop
   endfacet
   facet normal 0.000000e+00 0.000000e+00 -1.000000e+00
      outer loop
         vertex 7.472028e+00 7.115673e+00 1.900000e+00
         vertex 7.168327e+00 6.775000e+00 1.900000e+00
         vertex 7.113337e+00 6.853533e+00 1.900000e+00
      endloop
   endfacet
   facet normal -0.000000e+00 0.000000e+00 -1.000000e+00
      outer loop
         vertex 7.472028e+00 7.115673e+00 1.900000e+00
         vertex 7.113337e+00 6.853533e+00 1.900000e+00
         vertex 7.359602e+00 7.237290e+00 1.900000e+00
      endloop
   endfacet
   facet normal 0.000000e+00 0.000000e+00 -1.000000e+00
      outer loop
         vertex 7.359602e+00 7.237290e+00 1.900000e+00
         vertex 7.113337e+00 6.853533e+00 1.900000e+00
         vertex 7.045546e+00 6.921325e+00 1.900000e+00
      endloop
   endfacet
   facet normal -0.000000e+00 0.000000e+00 -1.000000e+00
      outer loop
         vertex 7.359602e+00 7.237290e+00 1.900000e+00
         vertex 7.045546e+00 6.921325e+00 1.900000e+00
         vertex 7.228646e+00 7.338682e+00 1.900000e+00
      endloop
   endfacet
   facet normal 0.000000e+00 0.000000e+00 -1.000000e+00
      outer loop
         vertex 7.228646e+00 7.338682e+00 1.900000e+00
         vertex 7.045546e+00 6.921325e+00 1.900000e+00
         vertex 6.967013e+00 6.976314e+00 1.900000e+00
      endloop
   endfacet
   facet normal -0.000000e+00 0.000000e+00 -1.000000e+00
      outer loop
         vertex 7.228646e+00 7.338682e+00 1.900000e+00
         vertex 6.967013e+00 6.976314e+00 1.900000e+00
         vertex 7.082751e+00 7.417070e+00 1.900000e+00
      endloop
   endfacet
   facet normal 0.000000e+00 0.000000e+00 -1.000000e+00
      outer loop
         vertex 7.082751e+00 7.417070e+00 1.900000e+00
         vertex 6.967013e+00 6.976314e+00 1.900000e+00
         vertex 6.880124e+00 7.016831e+00 1.900000e+00
      endloop
   endfacet
   facet normal 0.000000e+00 0.000000e+00 -1.000000e+00
      outer loop
         vertex 7.082751e+00 7.417070e+00 1.900000e+00
         vertex 6.880124e+00 7.016831e+00 1.900000e+00
         vertex 6.787519e+00 7.041644e+00 1.900000e+00
      endloop
   endfacet
   facet normal 4.732994e-01 -8.809016e-01 0.000000e+00
      outer loop
         vertex 7.082751e+00 5.582930e+00 3.300000e+00
         vertex 7.082751e+00 5.582930e+00 1.900000e+00
         vertex 7.228646e+00 5.661318e+00 1.900000e+00
      endloop
   endfacet
   facet normal 4.732994e-01 -8.809016e-01 0.000000e+00
      outer loop
         vertex 7.082751e+00 5.582930e+00 3.300000e+00
         vertex 7.228646e+00 5.661318e+00 1.900000e+00
         vertex 7.228646e+00 5.661318e+00 3.300000e+00
      endloop
   endfacet
   facet normal 6.122014e-01 -7.907019e-01 0.000000e+00
      outer loop
         vertex 7.228646e+00 5.661318e+00 3.300000e+00
         vertex 7.228646e+00 5.661318e+00 1.900000e+00
         vertex 7.359602e+00 5.762711e+00 1.900000e+00
      endloop
   endfacet
   facet normal 6.122014e-01 -7.907019e-01 0.000000e+00
      outer loop
         vertex 7.228646e+00 5.661318e+00 3.300000e+00
         vertex 7.359602e+00 5.762711e+00 1.900000e+00
         vertex 7.359602e+00 5.762711e+00 3.300000e+00
      endloop
   endfacet
   facet normal 7.343112e-01 -6.788130e-01 0.000000e+00
      outer loop
         vertex 7.359602e+00 5.762711e+00 3.300000e+00
         vertex 7.359602e+00 5.762711e+00 1.900000e+00
         vertex 7.472028e+00 5.884327e+00 1.900000e+00
      endloop
   endfacet
   facet normal 7.343112e-01 -6.788130e-01 0.000000e+00
      outer loop
         vertex 7.359602e+00 5.762711e+00 3.300000e+00
         vertex 7.472028e+00 5.884327e+00 1.900000e+00
         vertex 7.472028e+00 5.884327e+00 3.300000e+00
      endloop
   endfacet
   facet normal 8.362794e-01 -5.483036e-01 0.000000e+00
      outer loop
         vertex 7.472028e+00 5.884327e+00 3.300000e+00
         vertex 7.472028e+00 5.884327e+00 1.900000e+00
         vertex 7.562838e+00 6.022832e+00 1.900000e+00
      endloop
   endfacet
   facet normal 8.362794e-01 -5.483036e-01 0.000000e+00
      outer loop
         vertex 7.472028e+00 5.884327e+00 3.300000e+00
         vertex 7.562838e+00 6.022832e+00 1.900000e+00
         vertex 7.562838e+00 6.022832e+00 3.300000e+00
      endloop
   endfacet
   facet normal 9.153082e-01 -4.027542e-01 0.000000e+00
      outer loop
         vertex 7.562838e+00 6.022832e+00 3.300000e+00
         vertex 7.562838e+00 6.022832e+00 1.900000e+00
         vertex 7.629542e+00 6.174425e+00 1.900000e+00
      endloop
   endfacet
   facet normal 9.153082e-01 -4.027542e-01 0.000000e+00
      outer loop
         vertex 7.562838e+00 6.022832e+00 3.300000e+00
         vertex 7.629542e+00 6.174425e+00 1.900000e+00
         vertex 7.629542e+00 6.174425e+00 3.300000e+00
      endloop
   endfacet
   facet normal 9.692291e-01 -2.461604e-01 0.000000e+00
      outer loop
         vertex 7.629542e+00 6.174425e+00 3.300000e+00
         vertex 7.629542e+00 6.174425e+00 1.900000e+00
         vertex 7.670311e+00 6.334949e+00 1.900000e+00
      endloop
   endfacet
   facet normal 9.692291e-01 -2.461604e-01 0.000000e+00
      outer loop
         vertex 7.629542e+00 6.174425e+00 3.300000e+00
         vertex 7.670311e+00 6.334949e+00 1.900000e+00
         vertex 7.670311e+00 6.334949e+00 3.300000e+00
      endloop
   endfacet
   facet normal 9.965655e-01 -8.280800e-02 0.000000e+00
      outer loop
         vertex 7.670311e+00 6.334949e+00 3.300000e+00
         vertex 7.670311e+00 6.334949e+00 1.900000e+00
         vertex 7.684025e+00 6.500000e+00 1.900000e+00
      endloop
   endfacet
   facet normal 9.965655e-01 -8.280800e-02 0.000000e+00
      outer loop
         vertex 7.670311e+00 6.334949e+00 3.300000e+00
         vertex 7.684025e+00 6.500000e+00 1.900000e+00
         vertex 7.684025e+00 6.500000e+00 3.300000e+00
      endloop
   endfacet
   facet normal 9.965655e-01 8.280800e-02 0.000000e+00
      outer loop
         vertex 7.684025e+00 6.500000e+00 3.300000e+00
         vertex 7.684025e+00 6.500000e+00 1.900000e+00
         vertex 7.670311e+00 6.665051e+00 1.900000e+00
      endloop
   endfacet
   facet normal 9.965655e-01 8.280800e-02 0.000000e+00
      outer loop
         vertex 7.684025e+00 6.500000e+00 3.300000e+00
         vertex 7.670311e+00 6.665051e+00 1.900000e+00
         vertex 7.670311e+00 6.665051e+00 3.300000e+00
      endloop
   endfacet
   facet normal 9.692291e-01 2.461604e-01 0.000000e+00
      outer loop
         vertex 7.670311e+00 6.665051e+00 3.300000e+00
         vertex 7.670311e+00 6.665051e+00 1.900000e+00
         vertex 7.629542e+00 6.825575e+00 1.900000e+00
      endloop
   endfacet
   facet normal 9.692291e-01 2.461604e-01 0.000000e+00
      outer loop
         vertex 7.670311e+00 6.665051e+00 3.300000e+00
         vertex 7.629542e+00 6.825575e+00 1.900000e+00
         vertex 7.629542e+00 6.825575e+00 3.300000e+00
      endloop
   endfacet
   facet normal 9.153082e-01 4.027542e-01 0.000000e+00
      outer loop
         vertex 7.629542e+00 6.825575e+00 3.300000e+00
         vertex 7.629542e+00 6.825575e+00 1.900000e+00
         vertex 7.562838e+00 6.977168e+00 1.900000e+00
      endloop
   endfacet
   facet normal 9.153082e-01 4.027542e-01 0.000000e+00
      outer loop
         vertex 7.629542e+00 6.825575e+00 3.300000e+00
         vertex 7.562838e+00 6.977168e+00 1.900000e+00
         vertex 7.562838e+00 6.977168e+00 3.300000e+00
      endloop
   endfacet
   facet normal 8.362794e-01 5.483036e-01 0.000000e+00
      outer loop
         vertex 7.562838e+00 6.977168e+00 3.300000e+00
         vertex 7.562838e+00 6.977168e+00 1.900000e+00
         vertex 7.472028e+00 7.115673e+00 1.900000e+00
      endloop
   endfacet
   facet normal 8.362794e-01 5.483036e-01 0.000000e+00
      outer loop
         vertex 7.562838e+00 6.977168e+00 3.300000e+00
         vertex 7.472028e+00 7.115673e+00 1.900000e+00
         vertex 7.472028e+00 7.115673e+00 3.300000e+00
      endloop
   endfacet
   facet normal 7.343112e-01 6.788130e-01 0.000000e+00
      outer loop
         vertex 7.472028e+00 7.115673e+00 3.300000e+00
         vertex 7.472028e+00 7.115673e+00 1.900000e+00
         vertex 7.359602e+00 7.237290e+00 1.900000e+00
      endloop
   endfacet
   facet normal 7.343112e-01 6.788130e-01 0.000000e+00
      outer loop
         vertex 7.472028e+00 7.115673e+00 3.300000e+00
         vertex 7.359602e+00 7.237290e+00 1.900000e+00
         vertex 7.359602e+00 7.237290e+00 3.300000e+00
      endloop
   endfacet
   facet normal 6.122014e-01 7.907019e-01 0.000000e+00
      outer loop
         vertex 7.359602e+00 7.237290e+00 3.300000e+00
         vertex 7.359602e+00 7.237290e+00 1.900000e+00
         vertex 7.228646e+00 7.338682e+00 1.900000e+00
      endloop
   endfacet
   facet normal 6.122014e-01 7.907019e-01 0.000000e+00
      outer loop
         vertex 7.359602e+00 7.237290e+00 3.300000e+00
         vertex 7.228646e+00 7.338682e+00 1.900000e+00
         vertex 7.228646e+00 7.338682e+00 3.300000e+00
      endloop
   endfacet
   facet normal 4.732994e-01 8.809016e-01 0.000000e+00
      outer loop
         vertex 7.228646e+00 7.338682e+00 3.300000e+00
         vertex 7.228646e+00 7.338682e+00 1.900000e+00
         vertex 7.082751e+00 7.417070e+00 1.900000e+00
      endloop
   endfacet
   facet normal 4.732994e-01 8.809016e-01 0.000000e+00
      outer loop
         vertex 7.228646e+00 7.338682e+00 3.300000e+00
         vertex 7.082751e+00 7.417070e+00 1.900000e+00
         vertex 7.082751e+00 7.417070e+00 3.300000e+00
      endloop
   endfacet
   facet normal -6.539132e-01 7.565696e-01 0.000000e+00
      outer loop
         vertex 4.592013e+00 5.419608e+00 3.300000e+00
         vertex 5.842013e+00 6.500000e+00 3.300000e+00
         vertex 4.592013e+00 5.419608e+00 1.900000e+00
      endloop
   endfacet
   facet normal -6.539132e-01 7.565696e-01 2.746454e-16
      outer loop
         vertex 4.592013e+00 5.419608e+00 1.900000e+00
         vertex 5.842013e+00 6.500000e+00 3.300000e+00
         vertex 5.842013e+00 6.500000e+00 1.900000e+00
      endloop
   endfacet
   facet normal -5.925957e-01 -8.055001e-01 -9.257508e-17
      outer loop
         vertex 5.842013e+00 6.500000e+00 3.300000e+00
         vertex 4.592013e+00 7.419608e+00 3.300000e+00
         vertex 5.842013e+00 6.500000e+00 1.900000e+00
      endloop
   endfacet
   facet normal -5.925957e-01 -8.055001e-01 0.000000e+00
      outer loop
         vertex 5.842013e+00 6.500000e+00 1.900000e+00
         vertex 4.592013e+00 7.419608e+00 3.300000e+00
         vertex 4.592013e+00 7.419608e+00 1.900000e+00
      endloop
   endfacet
   facet normal -9.961946e-01 8.715668e-02 0.000000e+00
      outer loop
         vertex 7.242013e+00 6.500000e+00 3.300000e+00
         vertex 7.242013e+00 6.500000e+00 1.900000e+00
         vertex 7.233657e+00 6.404494e+00 3.300000e+00
      endloop
   endfacet
   facet normal -9.961946e-01 8.715668e-02 0.000000e+00
      outer loop
         vertex 7.233657e+00 6.404494e+00 3.300000e+00
         vertex 7.242013e+00 6.500000e+00 1.900000e+00
         vertex 7.233657e+00 6.404494e+00 1.900000e+00
      endloop
   endfacet
   facet normal -9.659261e-01 2.588181e-01 0.000000e+00
      outer loop
         vertex 7.233657e+00 6.404494e+00 3.300000e+00
         vertex 7.233657e+00 6.404494e+00 1.900000e+00
         vertex 7.208844e+00 6.311889e+00 3.300000e+00
      endloop
   endfacet
   facet normal -9.659261e-01 2.588181e-01 0.000000e+00
      outer loop
         vertex 7.208844e+00 6.311889e+00 3.300000e+00
         vertex 7.233657e+00 6.404494e+00 1.900000e+00
         vertex 7.208844e+00 6.311889e+00 1.900000e+00
      endloop
   endfacet
   facet normal -9.063088e-01 4.226162e-01 0.000000e+00
      outer loop
         vertex 7.208844e+00 6.311889e+00 3.300000e+00
         vertex 7.208844e+00 6.311889e+00 1.900000e+00
         vertex 7.168327e+00 6.225000e+00 3.300000e+00
      endloop
   endfacet
   facet normal -9.063088e-01 4.226162e-01 0.000000e+00
      outer loop
         vertex 7.168327e+00 6.225000e+00 3.300000e+00
         vertex 7.208844e+00 6.311889e+00 1.900000e+00
         vertex 7.168327e+00 6.225000e+00 1.900000e+00
      endloop
   endfacet
   facet normal -8.191500e-01 5.735793e-01 0.000000e+00
      outer loop
         vertex 7.168327e+00 6.225000e+00 3.300000e+00
         vertex 7.168327e+00 6.225000e+00 1.900000e+00
         vertex 7.113337e+00 6.146467e+00 3.300000e+00
      endloop
   endfacet
   facet normal -8.191500e-01 5.735793e-01 0.000000e+00
      outer loop
         vertex 7.113337e+00 6.146467e+00 3.300000e+00
         vertex 7.168327e+00 6.225000e+00 1.900000e+00
         vertex 7.113337e+00 6.146467e+00 1.900000e+00
      endloop
   endfacet
   facet normal -7.071083e-01 7.071053e-01 0.000000e+00
      outer loop
         vertex 7.113337e+00 6.146467e+00 3.300000e+00
         vertex 7.113337e+00 6.146467e+00 1.900000e+00
         vertex 7.045546e+00 6.078676e+00 3.300000e+00
      endloop
   endfacet
   facet normal -7.071083e-01 7.071053e-01 0.000000e+00
      outer loop
         vertex 7.045546e+00 6.078676e+00 3.300000e+00
         vertex 7.113337e+00 6.146467e+00 1.900000e+00
         vertex 7.045546e+00 6.078676e+00 1.900000e+00
      endloop
   endfacet
   facet normal -5.735757e-01 8.191526e-01 0.000000e+00
      outer loop
         vertex 7.045546e+00 6.078676e+00 3.300000e+00
         vertex 7.045546e+00 6.078676e+00 1.900000e+00
         vertex 6.967013e+00 6.023686e+00 3.300000e+00
      endloop
   endfacet
   facet normal -5.735757e-01 8.191526e-01 0.000000e+00
      outer loop
         vertex 6.967013e+00 6.023686e+00 3.300000e+00
         vertex 7.045546e+00 6.078676e+00 1.900000e+00
         vertex 6.967013e+00 6.023686e+00 1.900000e+00
      endloop
   endfacet
   facet normal -4.226185e-01 9.063077e-01 0.000000e+00
      outer loop
         vertex 6.967013e+00 6.023686e+00 3.300000e+00
         vertex 6.967013e+00 6.023686e+00 1.900000e+00
         vertex 6.880124e+00 5.983169e+00 3.300000e+00
      endloop
   endfacet
   facet normal -4.226185e-01 9.063077e-01 0.000000e+00
      outer loop
         vertex 6.880124e+00 5.983169e+00 3.300000e+00
         vertex 6.967013e+00 6.023686e+00 1.900000e+00
         vertex 6.880124e+00 5.983169e+00 1.900000e+00
      endloop
   endfacet
   facet normal -2.588196e-01 9.659257e-01 0.000000e+00
      outer loop
         vertex 6.880124e+00 5.983169e+00 3.300000e+00
         vertex 6.880124e+00 5.983169e+00 1.900000e+00
         vertex 6.787519e+00 5.958356e+00 3.300000e+00
      endloop
   endfacet
   facet normal -2.588196e-01 9.659257e-01 0.000000e+00
      outer loop
         vertex 6.787519e+00 5.958356e+00 3.300000e+00
         vertex 6.880124e+00 5.983169e+00 1.900000e+00
         vertex 6.787519e+00 5.958356e+00 1.900000e+00
      endloop
   endfacet
   facet normal -8.715532e-02 9.961947e-01 0.000000e+00
      outer loop
         vertex 6.787519e+00 5.958356e+00 3.300000e+00
         vertex 6.787519e+00 5.958356e+00 1.900000e+00
         vertex 6.692013e+00 5.950000e+00 3.300000e+00
      endloop
   endfacet
   facet normal -8.715532e-02 9.961947e-01 0.000000e+00
      outer loop
         vertex 6.692013e+00 5.950000e+00 3.300000e+00
         vertex 6.787519e+00 5.958356e+00 1.900000e+00
         vertex 6.692013e+00 5.950000e+00 1.900000e+00
      endloop
   endfacet
   facet normal 8.715553e-02 9.961947e-01 0.000000e+00
      outer loop
         vertex 6.692013e+00 5.950000e+00 3.300000e+00
         vertex 6.692013e+00 5.950000e+00 1.900000e+00
         vertex 6.596506e+00 5.958356e+00 3.300000e+00
      endloop
   endfacet
   facet normal 8.715553e-02 9.961947e-01 0.000000e+00
      outer loop
         vertex 6.596506e+00 5.958356e+00 3.300000e+00
         vertex 6.692013e+00 5.950000e+00 1.900000e+00
         vertex 6.596506e+00 5.958356e+00 1.900000e+00
      endloop
   endfacet
   facet normal 2.588190e-01 9.659258e-01 0.000000e+00
      outer loop
         vertex 6.596506e+00 5.958356e+00 3.300000e+00
         vertex 6.596506e+00 5.958356e+00 1.900000e+00
         vertex 6.503902e+00 5.983169e+00 3.300000e+00
      endloop
   endfacet
   facet normal 2.588190e-01 9.659258e-01 0.000000e+00
      outer loop
         vertex 6.503902e+00 5.983169e+00 3.300000e+00
         vertex 6.596506e+00 5.958356e+00 1.900000e+00
         vertex 6.503902e+00 5.983169e+00 1.900000e+00
      endloop
   endfacet
   facet normal 4.226185e-01 9.063077e-01 0.000000e+00
      outer loop
         vertex 6.503902e+00 5.983169e+00 3.300000e+00
         vertex 6.503902e+00 5.983169e+00 1.900000e+00
         vertex 6.417013e+00 6.023686e+00 3.300000e+00
      endloop
   endfacet
   facet normal 4.226185e-01 9.063077e-01 0.000000e+00
      outer loop
         vertex 6.417013e+00 6.023686e+00 3.300000e+00
         vertex 6.503902e+00 5.983169e+00 1.900000e+00
         vertex 6.417013e+00 6.023686e+00 1.900000e+00
      endloop
   endfacet
   facet normal 5.735768e-01 8.191518e-01 0.000000e+00
      outer loop
         vertex 6.417013e+00 6.023686e+00 3.300000e+00
         vertex 6.417013e+00 6.023686e+00 1.900000e+00
         vertex 6.338480e+00 6.078676e+00 3.300000e+00
      endloop
   endfacet
   facet normal 5.735768e-01 8.191518e-01 0.000000e+00
      outer loop
         vertex 6.338480e+00 6.078676e+00 3.300000e+00
         vertex 6.417013e+00 6.023686e+00 1.900000e+00
         vertex 6.338480e+00 6.078676e+00 1.900000e+00
      endloop
   endfacet
   facet normal 7.071071e-01 7.071065e-01 0.000000e+00
      outer loop
         vertex 6.338480e+00 6.078676e+00 3.300000e+00
         vertex 6.338480e+00 6.078676e+00 1.900000e+00
         vertex 6.270688e+00 6.146467e+00 3.300000e+00
      endloop
   endfacet
   facet normal 7.071071e-01 7.071065e-01 0.000000e+00
      outer loop
         vertex 6.270688e+00 6.146467e+00 3.300000e+00
         vertex 6.338480e+00 6.078676e+00 1.900000e+00
         vertex 6.270688e+00 6.146467e+00 1.900000e+00
      endloop
   endfacet
   facet normal 8.191512e-01 5.735777e-01 0.000000e+00
      outer loop
         vertex 6.270688e+00 6.146467e+00 3.300000e+00
         vertex 6.270688e+00 6.146467e+00 1.900000e+00
         vertex 6.215699e+00 6.225000e+00 3.300000e+00
      endloop
   endfacet
   facet normal 8.191512e-01 5.735777e-01 0.000000e+00
      outer loop
         vertex 6.215699e+00 6.225000e+00 3.300000e+00
         vertex 6.270688e+00 6.146467e+00 1.900000e+00
         vertex 6.215699e+00 6.225000e+00 1.900000e+00
      endloop
   endfacet
   facet normal 9.063078e-01 4.226182e-01 0.000000e+00
      outer loop
         vertex 6.215699e+00 6.225000e+00 3.300000e+00
         vertex 6.215699e+00 6.225000e+00 1.900000e+00
         vertex 6.175182e+00 6.311889e+00 3.300000e+00
      endloop
   endfacet
   facet normal 9.063078e-01 4.226182e-01 0.000000e+00
      outer loop
         vertex 6.175182e+00 6.311889e+00 3.300000e+00
         vertex 6.215699e+00 6.225000e+00 1.900000e+00
         vertex 6.175182e+00 6.311889e+00 1.900000e+00
      endloop
   endfacet
   facet normal 9.659261e-01 2.588181e-01 0.000000e+00
      outer loop
         vertex 6.175182e+00 6.311889e+00 3.300000e+00
         vertex 6.175182e+00 6.311889e+00 1.900000e+00
         vertex 6.150369e+00 6.404494e+00 3.300000e+00
      endloop
   endfacet
   facet normal 9.659261e-01 2.588181e-01 0.000000e+00
      outer loop
         vertex 6.150369e+00 6.404494e+00 3.300000e+00
         vertex 6.175182e+00 6.311889e+00 1.900000e+00
         vertex 6.150369e+00 6.404494e+00 1.900000e+00
      endloop
   endfacet
   facet normal 9.961946e-01 8.715668e-02 0.000000e+00
      outer loop
         vertex 6.150369e+00 6.404494e+00 3.300000e+00
         vertex 6.150369e+00 6.404494e+00 1.900000e+00
         vertex 6.142013e+00 6.500000e+00 3.300000e+00
      endloop
   endfacet
   facet normal 9.961946e-01 8.715668e-02 0.000000e+00
      outer loop
         vertex 6.142013e+00 6.500000e+00 3.300000e+00
         vertex 6.150369e+00 6.404494e+00 1.900000e+00
         vertex 6.142013e+00 6.500000e+00 1.900000e+00
      endloop
   endfacet
   facet normal 9.961946e-01 -8.715668e-02 0.000000e+00
      outer loop
         vertex 6.142013e+00 6.500000e+00 3.300000e+00
         vertex 6.142013e+00 6.500000e+00 1.900000e+00
         vertex 6.150369e+00 6.595507e+00 3.300000e+00
      endloop
   endfacet
   facet normal 9.961946e-01 -8.715668e-02 0.000000e+00
      outer loop
         vertex 6.150369e+00 6.595507e+00 3.300000e+00
         vertex 6.142013e+00 6.500000e+00 1.900000e+00
         vertex 6.150369e+00 6.595507e+00 1.900000e+00
      endloop
   endfacet
   facet normal 9.659261e-01 -2.588181e-01 0.000000e+00
      outer loop
         vertex 6.150369e+00 6.595507e+00 3.300000e+00
         vertex 6.150369e+00 6.595507e+00 1.900000e+00
         vertex 6.175182e+00 6.688111e+00 3.300000e+00
      endloop
   endfacet
   facet normal 9.659261e-01 -2.588181e-01 0.000000e+00
      outer loop
         vertex 6.175182e+00 6.688111e+00 3.300000e+00
         vertex 6.150369e+00 6.595507e+00 1.900000e+00
         vertex 6.175182e+00 6.688111e+00 1.900000e+00
      endloop
   endfacet
   facet normal 9.063078e-01 -4.226182e-01 0.000000e+00
      outer loop
         vertex 6.175182e+00 6.688111e+00 3.300000e+00
         vertex 6.175182e+00 6.688111e+00 1.900000e+00
         vertex 6.215699e+00 6.775000e+00 3.300000e+00
      endloop
   endfacet
   facet normal 9.063078e-01 -4.226182e-01 0.000000e+00
      outer loop
         vertex 6.215699e+00 6.775000e+00 3.300000e+00
         vertex 6.175182e+00 6.688111e+00 1.900000e+00
         vertex 6.215699e+00 6.775000e+00 1.900000e+00
      endloop
   endfacet
   facet normal 8.191512e-01 -5.735777e-01 0.000000e+00
      outer loop
         vertex 6.215699e+00 6.775000e+00 3.300000e+00
         vertex 6.215699e+00 6.775000e+00 1.900000e+00
         vertex 6.270688e+00 6.853533e+00 3.300000e+00
      endloop
   endfacet
   facet normal 8.191512e-01 -5.735777e-01 0.000000e+00
      outer loop
         vertex 6.270688e+00 6.853533e+00 3.300000e+00
         vertex 6.215699e+00 6.775000e+00 1.900000e+00
         vertex 6.270688e+00 6.853533e+00 1.900000e+00
      endloop
   endfacet
   facet normal 7.071071e-01 -7.071065e-01 0.000000e+00
      outer loop
         vertex 6.270688e+00 6.853533e+00 3.300000e+00
         vertex 6.270688e+00 6.853533e+00 1.900000e+00
         vertex 6.338480e+00 6.921325e+00 3.300000e+00
      endloop
   endfacet
   facet normal 7.071071e-01 -7.071065e-01 0.000000e+00
      outer loop
         vertex 6.338480e+00 6.921325e+00 3.300000e+00
         vertex 6.270688e+00 6.853533e+00 1.900000e+00
         vertex 6.338480e+00 6.921325e+00 1.900000e+00
      endloop
   endfacet
   facet normal 5.735768e-01 -8.191518e-01 0.000000e+00
      outer loop
         vertex 6.338480e+00 6.921325e+00 3.300000e+00
         vertex 6.338480e+00 6.921325e+00 1.900000e+00
         vertex 6.417013e+00 6.976314e+00 3.300000e+00
      endloop
   endfacet
   facet normal 5.735768e-01 -8.191518e-01 0.000000e+00
      outer loop
         vertex 6.417013e+00 6.976314e+00 3.300000e+00
         vertex 6.338480e+00 6.921325e+00 1.900000e+00
         vertex 6.417013e+00 6.976314e+00 1.900000e+00
      endloop
   endfacet
   facet normal 4.226185e-01 -9.063077e-01 0.000000e+00
      outer loop
         vertex 6.417013e+00 6.976314e+00 3.300000e+00
         vertex 6.417013e+00 6.976314e+00 1.900000e+00
         vertex 6.503902e+00 7.016831e+00 3.300000e+00
      endloop
   endfacet
   facet normal 4.226185e-01 -9.063077e-01 0.000000e+00
      outer loop
         vertex 6.503902e+00 7.016831e+00 3.300000e+00
         vertex 6.417013e+00 6.976314e+00 1.900000e+00
         vertex 6.503902e+00 7.016831e+00 1.900000e+00
      endloop
   endfacet
   facet normal 2.588190e-01 -9.659258e-01 0.000000e+00
      outer loop
         vertex 6.503902e+00 7.016831e+00 3.300000e+00
         vertex 6.503902e+00 7.016831e+00 1.900000e+00
         vertex 6.596506e+00 7.041644e+00 3.300000e+00
      endloop
   endfacet
   facet normal 2.588190e-01 -9.659258e-01 0.000000e+00
      outer loop
         vertex 6.596506e+00 7.041644e+00 3.300000e+00
         vertex 6.503902e+00 7.016831e+00 1.900000e+00
         vertex 6.596506e+00 7.041644e+00 1.900000e+00
      endloop
   endfacet
   facet normal 8.715553e-02 -9.961947e-01 0.000000e+00
      outer loop
         vertex 6.596506e+00 7.041644e+00 3.300000e+00
         vertex 6.596506e+00 7.041644e+00 1.900000e+00
         vertex 6.692013e+00 7.050000e+00 3.300000e+00
      endloop
   endfacet
   facet normal 8.715553e-02 -9.961947e-01 0.000000e+00
      outer loop
         vertex 6.692013e+00 7.050000e+00 3.300000e+00
         vertex 6.596506e+00 7.041644e+00 1.900000e+00
         vertex 6.692013e+00 7.050000e+00 1.900000e+00
      endloop
   endfacet
   facet normal -8.715532e-02 -9.961947e-01 -0.000000e+00
      outer loop
         vertex 6.692013e+00 7.050000e+00 3.300000e+00
         vertex 6.692013e+00 7.050000e+00 1.900000e+00
         vertex 6.787519e+00 7.041644e+00 3.300000e+00
      endloop
   endfacet
   facet normal -8.715532e-02 -9.961947e-01 -0.000000e+00
      outer loop
         vertex 6.787519e+00 7.041644e+00 3.300000e+00
         vertex 6.692013e+00 7.050000e+00 1.900000e+00
         vertex 6.787519e+00 7.041644e+00 1.900000e+00
      endloop
   endfacet
   facet normal -2.588196e-01 -9.659257e-01 -0.000000e+00
      outer loop
         vertex 6.787519e+00 7.041644e+00 3.300000e+00
         vertex 6.787519e+00 7.041644e+00 1.900000e+00
         vertex 6.880124e+00 7.016831e+00 3.300000e+00
      endloop
   endfacet
   facet normal -2.588196e-01 -9.659257e-01 -0.000000e+00
      outer loop
         vertex 6.880124e+00 7.016831e+00 3.300000e+00
         vertex 6.787519e+00 7.041644e+00 1.900000e+00
         vertex 6.880124e+00 7.016831e+00 1.900000e+00
      endloop
   endfacet
   facet normal -4.226185e-01 -9.063077e-01 -0.000000e+00
      outer loop
         vertex 6.880124e+00 7.016831e+00 3.300000e+00
         vertex 6.880124e+00 7.016831e+00 1.900000e+00
         vertex 6.967013e+00 6.976314e+00 3.300000e+00
      endloop
   endfacet
   facet normal -4.226185e-01 -9.063077e-01 -0.000000e+00
      outer loop
         vertex 6.967013e+00 6.976314e+00 3.300000e+00
         vertex 6.880124e+00 7.016831e+00 1.900000e+00
         vertex 6.967013e+00 6.976314e+00 1.900000e+00
      endloop
   endfacet
   facet normal -5.735757e-01 -8.191526e-01 -0.000000e+00
      outer loop
         vertex 6.967013e+00 6.976314e+00 3.300000e+00
         vertex 6.967013e+00 6.976314e+00 1.900000e+00
         vertex 7.045546e+00 6.921325e+00 3.300000e+00
      endloop
   endfacet
   facet normal -5.735757e-01 -8.191526e-01 -0.000000e+00
      outer loop
         vertex 7.045546e+00 6.921325e+00 3.300000e+00
         vertex 6.967013e+00 6.976314e+00 1.900000e+00
         vertex 7.045546e+00 6.921325e+00 1.900000e+00
      endloop
   endfacet
   facet normal -7.071083e-01 -7.071053e-01 -0.000000e+00
      outer loop
         vertex 7.045546e+00 6.921325e+00 3.300000e+00
         vertex 7.045546e+00 6.921325e+00 1.900000e+00
         vertex 7.113337e+00 6.853533e+00 3.300000e+00
      endloop
   endfacet
   facet normal -7.071083e-01 -7.071053e-01 -0.000000e+00
      outer loop
         vertex 7.113337e+00 6.853533e+00 3.300000e+00
         vertex 7.045546e+00 6.921325e+00 1.900000e+00
         vertex 7.113337e+00 6.853533e+00 1.900000e+00
      endloop
   endfacet
   facet normal -8.191500e-01 -5.735793e-01 -0.000000e+00
      outer loop
         vertex 7.113337e+00 6.853533e+00 3.300000e+00
         vertex 7.113337e+00 6.853533e+00 1.900000e+00
         vertex 7.168327e+00 6.775000e+00 3.300000e+00
      endloop
   endfacet
   facet normal -8.191500e-01 -5.735793e-01 -0.000000e+00
      outer loop
         vertex 7.168327e+00 6.775000e+00 3.300000e+00
         vertex 7.113337e+00 6.853533e+00 1.900000e+00
         vertex 7.168327e+00 6.775000e+00 1.900000e+00
      endloop
   endfacet
   facet normal -9.063088e-01 -4.226162e-01 -0.000000e+00
      outer loop
         vertex 7.168327e+00 6.775000e+00 3.300000e+00
         vertex 7.168327e+00 6.775000e+00 1.900000e+00
         vertex 7.208844e+00 6.688111e+00 3.300000e+00
      endloop
   endfacet
   facet normal -9.063088e-01 -4.226162e-01 -0.000000e+00
      outer loop
         vertex 7.208844e+00 6.688111e+00 3.300000e+00
         vertex 7.168327e+00 6.775000e+00 1.900000e+00
         vertex 7.208844e+00 6.688111e+00 1.900000e+00
      endloop
   endfacet
   facet normal -9.659261e-01 -2.588181e-01 -0.000000e+00
      outer loop
         vertex 7.208844e+00 6.688111e+00 3.300000e+00
         vertex 7.208844e+00 6.688111e+00 1.900000e+00
         vertex 7.233657e+00 6.595507e+00 3.300000e+00
      endloop
   endfacet
   facet normal -9.659261e-01 -2.588181e-01 -0.000000e+00
      outer loop
         vertex 7.233657e+00 6.595507e+00 3.300000e+00
         vertex 7.208844e+00 6.688111e+00 1.900000e+00
         vertex 7.233657e+00 6.595507e+00 1.900000e+00
      endloop
   endfacet
   facet normal -9.961946e-01 -8.715668e-02 -0.000000e+00
      outer loop
         vertex 7.233657e+00 6.595507e+00 3.300000e+00
         vertex 7.233657e+00 6.595507e+00 1.900000e+00
         vertex 7.242013e+00 6.500000e+00 3.300000e+00
      endloop
   endfacet
   facet normal -9.961946e-01 -8.715668e-02 -0.000000e+00
      outer loop
         vertex 7.242013e+00 6.500000e+00 3.300000e+00
         vertex 7.233657e+00 6.595507e+00 1.900000e+00
         vertex 7.242013e+00 6.500000e+00 1.900000e+00
      endloop
   endfacet
   facet normal 0.000000e+00 -8.715590e-02 9.961947e-01
      outer loop
         vertex 3.092013e+00 1.500000e+00 6.125000e+00
         vertex 4.592013e+00 1.500000e+00 6.125000e+00
         vertex 3.092013e+00 1.565118e+00 6.130697e+00
      endloop
   endfacet
   facet normal 0.000000e+00 -8.715590e-02 9.961947e-01
      outer loop
         vertex 3.092013e+00 1.565118e+00 6.130697e+00
         vertex 4.592013e+00 1.500000e+00 6.125000e+00
         vertex 4.592013e+00 1.565118e+00 6.130697e+00
      endloop
   endfacet
   facet normal 0.000000e+00 -2.588191e-01 9.659258e-01
      outer loop
         vertex 3.092013e+00 1.565118e+00 6.130697e+00
         vertex 4.592013e+00 1.565118e+00 6.130697e+00
         vertex 3.092013e+00 1.628258e+00 6.147615e+00
      endloop
   endfacet
   facet normal 0.000000e+00 -2.588191e-01 9.659258e-01
      outer loop
         vertex 3.092013e+00 1.628258e+00 6.147615e+00
         vertex 4.592013e+00 1.565118e+00 6.130697e+00
         vertex 4.592013e+00 1.628258e+00 6.147615e+00
      endloop
   endfacet
   facet normal 0.000000e+00 -4.226188e-01 9.063075e-01
      outer loop
         vertex 3.092013e+00 1.628258e+00 6.147615e+00
         vertex 4.592013e+00 1.628258e+00 6.147615e+00
         vertex 3.092013e+00 1.687500e+00 6.175241e+00
      endloop
   endfacet
   facet normal 0.000000e+00 -4.226188e-01 9.063075e-01
      outer loop
         vertex 3.092013e+00 1.687500e+00 6.175241e+00
         vertex 4.592013e+00 1.628258e+00 6.147615e+00
         vertex 4.592013e+00 1.687500e+00 6.175241e+00
      endloop
   endfacet
   facet normal 0.000000e+00 -5.735757e-01 8.191526e-01
      outer loop
         vertex 3.092013e+00 1.687500e+00 6.175241e+00
         vertex 4.592013e+00 1.687500e+00 6.175241e+00
         vertex 3.092013e+00 1.741046e+00 6.212733e+00
      endloop
   endfacet
   facet normal 0.000000e+00 -5.735757e-01 8.191526e-01
      outer loop
         vertex 3.092013e+00 1.741046e+00 6.212733e+00
         vertex 4.592013e+00 1.687500e+00 6.175241e+00
         vertex 4.592013e+00 1.741046e+00 6.212733e+00
      endloop
   endfacet
   facet normal 0.000000e+00 -7.071085e-01 7.071051e-01
      outer loop
         vertex 3.092013e+00 1.741046e+00 6.212733e+00
         vertex 4.592013e+00 1.741046e+00 6.212733e+00
         vertex 3.092013e+00 1.787267e+00 6.258955e+00
      endloop
   endfacet
   facet normal 0.000000e+00 -7.071085e-01 7.071051e-01
      outer loop
         vertex 3.092013e+00 1.787267e+00 6.258955e+00
         vertex 4.592013e+00 1.741046e+00 6.212733e+00
         vertex 4.592013e+00 1.787267e+00 6.258955e+00
      endloop
   endfacet
   facet normal 0.000000e+00 -8.191497e-01 5.735797e-01
      outer loop
         vertex 3.092013e+00 1.787267e+00 6.258955e+00
         vertex 4.592013e+00 1.787267e+00 6.258955e+00
         vertex 3.092013e+00 1.824760e+00 6.312500e+00
      endloop
   endfacet
   facet normal 0.000000e+00 -8.191497e-01 5.735797e-01
      outer loop
         vertex 3.092013e+00 1.824760e+00 6.312500e+00
         vertex 4.592013e+00 1.787267e+00 6.258955e+00
         vertex 4.592013e+00 1.824760e+00 6.312500e+00
      endloop
   endfacet
   facet normal 0.000000e+00 -9.063096e-01 4.226143e-01
      outer loop
         vertex 3.092013e+00 1.824760e+00 6.312500e+00
         vertex 4.592013e+00 1.824760e+00 6.312500e+00
         vertex 3.092013e+00 1.852385e+00 6.371743e+00
      endloop
   endfacet
   facet normal 0.000000e+00 -9.063096e-01 4.226143e-01
      outer loop
         vertex 3.092013e+00 1.852385e+00 6.371743e+00
         vertex 4.592013e+00 1.824760e+00 6.312500e+00
         vertex 4.592013e+00 1.852385e+00 6.371743e+00
      endloop
   endfacet
   facet normal 0.000000e+00 -9.659249e-01 2.588223e-01
      outer loop
         vertex 3.092013e+00 1.852385e+00 6.371743e+00
         vertex 4.592013e+00 1.852385e+00 6.371743e+00
         vertex 3.092013e+00 1.869303e+00 6.434882e+00
      endloop
   endfacet
   facet normal 0.000000e+00 -9.659249e-01 2.588223e-01
      outer loop
         vertex 3.092013e+00 1.869303e+00 6.434882e+00
         vertex 4.592013e+00 1.852385e+00 6.371743e+00
         vertex 4.592013e+00 1.869303e+00 6.434882e+00
      endloop
   endfacet
   facet normal 0.000000e+00 -9.961950e-01 8.715282e-02
      outer loop
         vertex 3.092013e+00 1.869303e+00 6.434882e+00
         vertex 4.592013e+00 1.869303e+00 6.434882e+00
         vertex 3.092013e+00 1.875000e+00 6.500000e+00
      endloop
   endfacet
   facet normal 0.000000e+00 -9.961950e-01 8.715282e-02
      outer loop
         vertex 3.092013e+00 1.875000e+00 6.500000e+00
         vertex 4.592013e+00 1.869303e+00 6.434882e+00
         vertex 4.592013e+00 1.875000e+00 6.500000e+00
      endloop
   endfacet
   facet normal 0.000000e+00 -9.961950e-01 -8.715282e-02
      outer loop
         vertex 3.092013e+00 1.875000e+00 6.500000e+00
         vertex 4.592013e+00 1.875000e+00 6.500000e+00
         vertex 3.092013e+00 1.869303e+00 6.565118e+00
      endloop
   endfacet
   facet normal 0.000000e+00 -9.961950e-01 -8.715282e-02
      outer loop
         vertex 3.092013e+00 1.869303e+00 6.565118e+00
         vertex 4.592013e+00 1.875000e+00 6.500000e+00
         vertex 4.592013e+00 1.869303e+00 6.565118e+00
      endloop
   endfacet
   facet normal 0.000000e+00 -9.659249e-01 -2.588223e-01
      outer loop
         vertex 3.092013e+00 1.869303e+00 6.565118e+00
         vertex 4.592013e+00 1.869303e+00 6.565118e+00
         vertex 3.092013e+00 1.852385e+00 6.628258e+00
      endloop
   endfacet
   facet normal 0.000000e+00 -9.659249e-01 -2.588223e-01
      outer loop
         vertex 3.092013e+00 1.852385e+00 6.628258e+00
         vertex 4.592013e+00 1.869303e+00 6.565118e+00
         vertex 4.592013e+00 1.852385e+00 6.628258e+00
      endloop
   endfacet
   facet normal 0.000000e+00 -9.063096e-01 -4.226143e-01
      outer loop
         vertex 3.092013e+00 1.852385e+00 6.628258e+00
         vertex 4.592013e+00 1.852385e+00 6.628258e+00
         vertex 3.092013e+00 1.824760e+00 6.687500e+00
      endloop
   endfacet
   facet normal 0.000000e+00 -9.063096e-01 -4.226143e-01
      outer loop
         vertex 3.092013e+00 1.824760e+00 6.687500e+00
         vertex 4.592013e+00 1.852385e+00 6.628258e+00
         vertex 4.592013e+00 1.824760e+00 6.687500e+00
      endloop
   endfacet
   facet normal 0.000000e+00 -8.191497e-01 -5.735797e-01
      outer loop
         vertex 3.092013e+00 1.824760e+00 6.687500e+00
         vertex 4.592013e+00 1.824760e+00 6.687500e+00
         vertex 3.092013e+00 1.787267e+00 6.741045e+00
      endloop
   endfacet
   facet normal 0.000000e+00 -8.191497e-01 -5.735797e-01
      outer loop
         vertex 3.092013e+00 1.787267e+00 6.741045e+00
         vertex 4.592013e+00 1.824760e+00 6.687500e+00
         vertex 4.592013e+00 1.787267e+00 6.741045e+00
      endloop
   endfacet
   facet normal 0.000000e+00 -7.071085e-01 -7.071051e-01
      outer loop
         vertex 3.092013e+00 1.787267e+00 6.741045e+00
         vertex 4.592013e+00 1.787267e+00 6.741045e+00
         vertex 3.092013e+00 1.741046e+00 6.787267e+00
      endloop
   endfacet
   facet normal 0.000000e+00 -7.071085e-01 -7.071051e-01
      outer loop
         vertex 3.092013e+00 1.741046e+00 6.787267e+00
         vertex 4.592013e+00 1.787267e+00 6.741045e+00
         vertex 4.592013e+00 1.741046e+00 6.787267e+00
      endloop
   endfacet
   facet normal 0.000000e+00 -5.735757e-01 -8.191526e-01
      outer loop
         vertex 3.092013e+00 1.741046e+00 6.787267e+00
         vertex 4.592013e+00 1.741046e+00 6.787267e+00
         vertex 3.092013e+00 1.687500e+00 6.824760e+00
      endloop
   endfacet
   facet normal 0.000000e+00 -5.735757e-01 -8.191526e-01
      outer loop
         vertex 3.092013e+00 1.687500e+00 6.824760e+00
         vertex 4.592013e+00 1.741046e+00 6.787267e+00
         vertex 4.592013e+00 1.687500e+00 6.824760e+00
      endloop
   endfacet
   facet normal 0.000000e+00 -4.226188e-01 -9.063075e-01
      outer loop
         vertex 3.092013e+00 1.687500e+00 6.824760e+00
         vertex 4.592013e+00 1.687500e+00 6.824760e+00
         vertex 3.092013e+00 1.628258e+00 6.852385e+00
      endloop
   endfacet
   facet normal 0.000000e+00 -4.226188e-01 -9.063075e-01
      outer loop
         vertex 3.092013e+00 1.628258e+00 6.852385e+00
         vertex 4.592013e+00 1.687500e+00 6.824760e+00
         vertex 4.592013e+00 1.628258e+00 6.852385e+00
      endloop
   endfacet
   facet normal 0.000000e+00 -2.588191e-01 -9.659258e-01
      outer loop
         vertex 3.092013e+00 1.628258e+00 6.852385e+00
         vertex 4.592013e+00 1.628258e+00 6.852385e+00
         vertex 3.092013e+00 1.565118e+00 6.869303e+00
      endloop
   endfacet
   facet normal 0.000000e+00 -2.588191e-01 -9.659258e-01
      outer loop
         vertex 3.092013e+00 1.565118e+00 6.869303e+00
         vertex 4.592013e+00 1.628258e+00 6.852385e+00
         vertex 4.592013e+00 1.565118e+00 6.869303e+00
      endloop
   endfacet
   facet normal 0.000000e+00 -8.715590e-02 -9.961947e-01
      outer loop
         vertex 3.092013e+00 1.565118e+00 6.869303e+00
         vertex 4.592013e+00 1.565118e+00 6.869303e+00
         vertex 3.092013e+00 1.500000e+00 6.875000e+00
      endloop
   endfacet
   facet normal 0.000000e+00 -8.715590e-02 -9.961947e-01
      outer loop
         vertex 3.092013e+00 1.500000e+00 6.875000e+00
         vertex 4.592013e+00 1.565118e+00 6.869303e+00
         vertex 4.592013e+00 1.500000e+00 6.875000e+00
      endloop
   endfacet
   facet normal 0.000000e+00 8.715590e-02 -9.961947e-01
      outer loop
         vertex 3.092013e+00 1.500000e+00 6.875000e+00
         vertex 4.592013e+00 1.500000e+00 6.875000e+00
         vertex 3.092013e+00 1.434882e+00 6.869303e+00
      endloop
   endfacet
   facet normal 0.000000e+00 8.715590e-02 -9.961947e-01
      outer loop
         vertex 3.092013e+00 1.434882e+00 6.869303e+00
         vertex 4.592013e+00 1.500000e+00 6.875000e+00
         vertex 4.592013e+00 1.434882e+00 6.869303e+00
      endloop
   endfacet
   facet normal 0.000000e+00 2.588191e-01 -9.659258e-01
      outer loop
         vertex 3.092013e+00 1.434882e+00 6.869303e+00
         vertex 4.592013e+00 1.434882e+00 6.869303e+00
         vertex 3.092013e+00 1.371743e+00 6.852385e+00
      endloop
   endfacet
   facet normal 0.000000e+00 2.588191e-01 -9.659258e-01
      outer loop
         vertex 3.092013e+00 1.371743e+00 6.852385e+00
         vertex 4.592013e+00 1.434882e+00 6.869303e+00
         vertex 4.592013e+00 1.371743e+00 6.852385e+00
      endloop
   endfacet
   facet normal 0.000000e+00 4.226188e-01 -9.063075e-01
      outer loop
         vertex 3.092013e+00 1.371743e+00 6.852385e+00
         vertex 4.592013e+00 1.371743e+00 6.852385e+00
         vertex 3.092013e+00 1.312500e+00 6.824760e+00
      endloop
   endfacet
   facet normal 0.000000e+00 4.226188e-01 -9.063075e-01
      outer loop
         vertex 3.092013e+00 1.312500e+00 6.824760e+00
         vertex 4.592013e+00 1.371743e+00 6.852385e+00
         vertex 4.592013e+00 1.312500e+00 6.824760e+00
      endloop
   endfacet
   facet normal 0.000000e+00 5.735757e-01 -8.191526e-01
      outer loop
         vertex 3.092013e+00 1.312500e+00 6.824760e+00
         vertex 4.592013e+00 1.312500e+00 6.824760e+00
         vertex 3.092013e+00 1.258955e+00 6.787267e+00
      endloop
   endfacet
   facet normal 0.000000e+00 5.735757e-01 -8.191526e-01
      outer loop
         vertex 3.092013e+00 1.258955e+00 6.787267e+00
         vertex 4.592013e+00 1.312500e+00 6.824760e+00
         vertex 4.592013e+00 1.258955e+00 6.787267e+00
      endloop
   endfacet
   facet normal 0.000000e+00 7.071049e-01 -7.071087e-01
      outer loop
         vertex 3.092013e+00 1.258955e+00 6.787267e+00
         vertex 4.592013e+00 1.258955e+00 6.787267e+00
         vertex 3.092013e+00 1.212733e+00 6.741045e+00
      endloop
   endfacet
   facet normal 0.000000e+00 7.071049e-01 -7.071087e-01
      outer loop
         vertex 3.092013e+00 1.212733e+00 6.741045e+00
         vertex 4.592013e+00 1.258955e+00 6.787267e+00
         vertex 4.592013e+00 1.212733e+00 6.741045e+00
      endloop
   endfacet
   facet normal 0.000000e+00 8.191531e-01 -5.735749e-01
      outer loop
         vertex 3.092013e+00 1.212733e+00 6.741045e+00
         vertex 4.592013e+00 1.212733e+00 6.741045e+00
         vertex 3.092013e+00 1.175241e+00 6.687500e+00
      endloop
   endfacet
   facet normal 0.000000e+00 8.191531e-01 -5.735749e-01
      outer loop
         vertex 3.092013e+00 1.175241e+00 6.687500e+00
         vertex 4.592013e+00 1.212733e+00 6.741045e+00
         vertex 4.592013e+00 1.175241e+00 6.687500e+00
      endloop
   endfacet
   facet normal 0.000000e+00 9.063069e-01 -4.226201e-01
      outer loop
         vertex 3.092013e+00 1.175241e+00 6.687500e+00
         vertex 4.592013e+00 1.175241e+00 6.687500e+00
         vertex 3.092013e+00 1.147615e+00 6.628258e+00
      endloop
   endfacet
   facet normal 0.000000e+00 9.063069e-01 -4.226201e-01
      outer loop
         vertex 3.092013e+00 1.147615e+00 6.628258e+00
         vertex 4.592013e+00 1.175241e+00 6.687500e+00
         vertex 4.592013e+00 1.147615e+00 6.628258e+00
      endloop
   endfacet
   facet normal 0.000000e+00 9.659267e-01 -2.588157e-01
      outer loop
         vertex 3.092013e+00 1.147615e+00 6.628258e+00
         vertex 4.592013e+00 1.147615e+00 6.628258e+00
         vertex 3.092013e+00 1.130697e+00 6.565118e+00
      endloop
   endfacet
   facet normal 0.000000e+00 9.659267e-01 -2.588157e-01
      outer loop
         vertex 3.092013e+00 1.130697e+00 6.565118e+00
         vertex 4.592013e+00 1.147615e+00 6.628258e+00
         vertex 4.592013e+00 1.130697e+00 6.565118e+00
      endloop
   endfacet
   facet normal 0.000000e+00 9.961943e-01 -8.715989e-02
      outer loop
         vertex 3.092013e+00 1.130697e+00 6.565118e+00
         vertex 4.592013e+00 1.130697e+00 6.565118e+00
         vertex 3.092013e+00 1.125000e+00 6.500000e+00
      endloop
   endfacet
   facet normal 0.000000e+00 9.961943e-01 -8.715989e-02
      outer loop
         vertex 3.092013e+00 1.125000e+00 6.500000e+00
         vertex 4.592013e+00 1.130697e+00 6.565118e+00
         vertex 4.592013e+00 1.125000e+00 6.500000e+00
      endloop
   endfacet
   facet normal -0.000000e+00 9.961943e-01 8.715989e-02
      outer loop
         vertex 3.092013e+00 1.125000e+00 6.500000e+00
         vertex 4.592013e+00 1.125000e+00 6.500000e+00
         vertex 3.092013e+00 1.130697e+00 6.434882e+00
      endloop
   endfacet
   facet normal -0.000000e+00 9.961943e-01 8.715989e-02
      outer loop
         vertex 3.092013e+00 1.130697e+00 6.434882e+00
         vertex 4.592013e+00 1.125000e+00 6.500000e+00
         vertex 4.592013e+00 1.130697e+00 6.434882e+00
      endloop
   endfacet
   facet normal -0.000000e+00 9.659267e-01 2.588157e-01
      outer loop
         vertex 3.092013e+00 1.130697e+00 6.434882e+00
         vertex 4.592013e+00 1.130697e+00 6.434882e+00
         vertex 3.092013e+00 1.147615e+00 6.371743e+00
      endloop
   endfacet
   facet normal -0.000000e+00 9.659267e-01 2.588157e-01
      outer loop
         vertex 3.092013e+00 1.147615e+00 6.371743e+00
         vertex 4.592013e+00 1.130697e+00 6.434882e+00
         vertex 4.592013e+00 1.147615e+00 6.371743e+00
      endloop
   endfacet
   facet normal -0.000000e+00 9.063069e-01 4.226201e-01
      outer loop
         vertex 3.092013e+00 1.147615e+00 6.371743e+00
         vertex 4.592013e+00 1.147615e+00 6.371743e+00
         vertex 3.092013e+00 1.175241e+00 6.312500e+00
      endloop
   endfacet
   facet normal -0.000000e+00 9.063069e-01 4.226201e-01
      outer loop
         vertex 3.092013e+00 1.175241e+00 6.312500e+00
         vertex 4.592013e+00 1.147615e+00 6.371743e+00
         vertex 4.592013e+00 1.175241e+00 6.312500e+00
      endloop
   endfacet
   facet normal -0.000000e+00 8.191531e-01 5.735749e-01
      outer loop
         vertex 3.092013e+00 1.175241e+00 6.312500e+00
         vertex 4.592013e+00 1.175241e+00 6.312500e+00
         vertex 3.092013e+00 1.212733e+00 6.258955e+00
      endloop
   endfacet
   facet normal -0.000000e+00 8.191531e-01 5.735749e-01
      outer loop
         vertex 3.092013e+00 1.212733e+00 6.258955e+00
         vertex 4.592013e+00 1.175241e+00 6.312500e+00
         vertex 4.592013e+00 1.212733e+00 6.258955e+00
      endloop
   endfacet
   facet normal -0.000000e+00 7.071049e-01 7.071087e-01
      outer loop
         vertex 3.092013e+00 1.212733e+00 6.258955e+00
         vertex 4.592013e+00 1.212733e+00 6.258955e+00
         vertex 3.092013e+00 1.258955e+00 6.212733e+00
      endloop
   endfacet
   facet normal -0.000000e+00 7.071049e-01 7.071087e-01
      outer loop
         vertex 3.092013e+00 1.258955e+00 6.212733e+00
         vertex 4.592013e+00 1.212733e+00 6.258955e+00
         vertex 4.592013e+00 1.258955e+00 6.212733e+00
      endloop
   endfacet
   facet normal -0.000000e+00 5.735757e-01 8.191526e-01
      outer loop
         vertex 3.092013e+00 1.258955e+00 6.212733e+00
         vertex 4.592013e+00 1.258955e+00 6.212733e+00
         vertex 3.092013e+00 1.312500e+00 6.175241e+00
      endloop
   endfacet
   facet normal -0.000000e+00 5.735757e-01 8.191526e-01
      outer loop
         vertex 3.092013e+00 1.312500e+00 6.175241e+00
         vertex 4.592013e+00 1.258955e+00 6.212733e+00
         vertex 4.592013e+00 1.312500e+00 6.175241e+00
      endloop
   endfacet
   facet normal -0.000000e+00 4.226188e-01 9.063075e-01
      outer loop
         vertex 3.092013e+00 1.312500e+00 6.175241e+00
         vertex 4.592013e+00 1.312500e+00 6.175241e+00
         vertex 3.092013e+00 1.371743e+00 6.147615e+00
      endloop
   endfacet
   facet normal -0.000000e+00 4.226188e-01 9.063075e-01
      outer loop
         vertex 3.092013e+00 1.371743e+00 6.147615e+00
         vertex 4.592013e+00 1.312500e+00 6.175241e+00
         vertex 4.592013e+00 1.371743e+00 6.147615e+00
      endloop
   endfacet
   facet normal -0.000000e+00 2.588191e-01 9.659258e-01
      outer loop
         vertex 3.092013e+00 1.371743e+00 6.147615e+00
         vertex 4.592013e+00 1.371743e+00 6.147615e+00
         vertex 3.092013e+00 1.434882e+00 6.130697e+00
      endloop
   endfacet
   facet normal -0.000000e+00 2.588191e-01 9.659258e-01
      outer loop
         vertex 3.092013e+00 1.434882e+00 6.130697e+00
         vertex 4.592013e+00 1.371743e+00 6.147615e+00
         vertex 4.592013e+00 1.434882e+00 6.130697e+00
      endloop
   endfacet
   facet normal -0.000000e+00 8.715590e-02 9.961947e-01
      outer loop
         vertex 3.092013e+00 1.434882e+00 6.130697e+00
         vertex 4.592013e+00 1.434882e+00 6.130697e+00
         vertex 3.092013e+00 1.500000e+00 6.125000e+00
      endloop
   endfacet
   facet normal -0.000000e+00 8.715590e-02 9.961947e-01
      outer loop
         vertex 3.092013e+00 1.500000e+00 6.125000e+00
         vertex 4.592013e+00 1.434882e+00 6.130697e+00
         vertex 4.592013e+00 1.500000e+00 6.125000e+00
      endloop
   endfacet
   facet normal 0.000000e+00 -8.715590e-02 9.961947e-01
      outer loop
         vertex 3.092013e+00 3.000000e+00 6.125000e+00
         vertex 4.592013e+00 3.000000e+00 6.125000e+00
         vertex 3.092013e+00 3.065118e+00 6.130697e+00
      endloop
   endfacet
   facet normal 0.000000e+00 -8.715590e-02 9.961947e-01
      outer loop
         vertex 3.092013e+00 3.065118e+00 6.130697e+00
         vertex 4.592013e+00 3.000000e+00 6.125000e+00
         vertex 4.592013e+00 3.065118e+00 6.130697e+00
      endloop
   endfacet
   facet normal 0.000000e+00 -2.588191e-01 9.659258e-01
      outer loop
         vertex 3.092013e+00 3.065118e+00 6.130697e+00
         vertex 4.592013e+00 3.065118e+00 6.130697e+00
         vertex 3.092013e+00 3.128258e+00 6.147615e+00
      endloop
   endfacet
   facet normal 0.000000e+00 -2.588191e-01 9.659258e-01
      outer loop
         vertex 3.092013e+00 3.128258e+00 6.147615e+00
         vertex 4.592013e+00 3.065118e+00 6.130697e+00
         vertex 4.592013e+00 3.128258e+00 6.147615e+00
      endloop
   endfacet
   facet normal 0.000000e+00 -4.226175e-01 9.063082e-01
      outer loop
         vertex 3.092013e+00 3.128258e+00 6.147615e+00
         vertex 4.592013e+00 3.128258e+00 6.147615e+00
         vertex 3.092013e+00 3.187500e+00 6.175241e+00
      endloop
   endfacet
   facet normal 0.000000e+00 -4.226175e-01 9.063082e-01
      outer loop
         vertex 3.092013e+00 3.187500e+00 6.175241e+00
         vertex 4.592013e+00 3.128258e+00 6.147615e+00
         vertex 4.592013e+00 3.187500e+00 6.175241e+00
      endloop
   endfacet
   facet normal 0.000000e+00 -5.735774e-01 8.191514e-01
      outer loop
         vertex 3.092013e+00 3.187500e+00 6.175241e+00
         vertex 4.592013e+00 3.187500e+00 6.175241e+00
         vertex 3.092013e+00 3.241045e+00 6.212733e+00
      endloop
   endfacet
   facet normal 0.000000e+00 -5.735774e-01 8.191514e-01
      outer loop
         vertex 3.092013e+00 3.241045e+00 6.212733e+00
         vertex 4.592013e+00 3.187500e+00 6.175241e+00
         vertex 4.592013e+00 3.241045e+00 6.212733e+00
      endloop
   endfacet
   facet normal 0.000000e+00 -7.071067e-01 7.071069e-01
      outer loop
         vertex 3.092013e+00 3.241045e+00 6.212733e+00
         vertex 4.592013e+00 3.241045e+00 6.212733e+00
         vertex 3.092013e+00 3.287267e+00 6.258955e+00
      endloop
   endfacet
   facet normal 0.000000e+00 -7.071067e-01 7.071069e-01
      outer loop
         vertex 3.092013e+00 3.287267e+00 6.258955e+00
         vertex 4.592013e+00 3.241045e+00 6.212733e+00
         vertex 4.592013e+00 3.287267e+00 6.258955e+00
      endloop
   endfacet
   facet normal 0.000000e+00 -8.191514e-01 5.735773e-01
      outer loop
         vertex 3.092013e+00 3.287267e+00 6.258955e+00
         vertex 4.592013e+00 3.287267e+00 6.258955e+00
         vertex 3.092013e+00 3.324760e+00 6.312500e+00
      endloop
   endfacet
   facet normal 0.000000e+00 -8.191514e-01 5.735773e-01
      outer loop
         vertex 3.092013e+00 3.324760e+00 6.312500e+00
         vertex 4.592013e+00 3.287267e+00 6.258955e+00
         vertex 4.592013e+00 3.324760e+00 6.312500e+00
      endloop
   endfacet
   facet normal 0.000000e+00 -9.063083e-01 4.226172e-01
      outer loop
         vertex 3.092013e+00 3.324760e+00 6.312500e+00
         vertex 4.592013e+00 3.324760e+00 6.312500e+00
         vertex 3.092013e+00 3.352385e+00 6.371743e+00
      endloop
   endfacet
   facet normal 0.000000e+00 -9.063083e-01 4.226172e-01
      outer loop
         vertex 3.092013e+00 3.352385e+00 6.371743e+00
         vertex 4.592013e+00 3.324760e+00 6.312500e+00
         vertex 4.592013e+00 3.352385e+00 6.371743e+00
      endloop
   endfacet
   facet normal 0.000000e+00 -9.659258e-01 2.588190e-01
      outer loop
         vertex 3.092013e+00 3.352385e+00 6.371743e+00
         vertex 4.592013e+00 3.352385e+00 6.371743e+00
         vertex 3.092013e+00 3.369303e+00 6.434882e+00
      endloop
   endfacet
   facet normal 0.000000e+00 -9.659258e-01 2.588190e-01
      outer loop
         vertex 3.092013e+00 3.369303e+00 6.434882e+00
         vertex 4.592013e+00 3.352385e+00 6.371743e+00
         vertex 4.592013e+00 3.369303e+00 6.434882e+00
      endloop
   endfacet
   facet normal 0.000000e+00 -9.961946e-01 8.715636e-02
      outer loop
         vertex 3.092013e+00 3.369303e+00 6.434882e+00
         vertex 4.592013e+00 3.369303e+00 6.434882e+00
         vertex 3.092013e+00 3.375000e+00 6.500000e+00
      endloop
   endfacet
   facet normal 0.000000e+00 -9.961946e-01 8.715636e-02
      outer loop
         vertex 3.092013e+00 3.375000e+00 6.500000e+00
         vertex 4.592013e+00 3.369303e+00 6.434882e+00
         vertex 4.592013e+00 3.375000e+00 6.500000e+00
      endloop
   endfacet
   facet normal 0.000000e+00 -9.961946e-01 -8.715636e-02
      outer loop
         vertex 3.092013e+00 3.375000e+00 6.500000e+00
         vertex 4.592013e+00 3.375000e+00 6.500000e+00
         vertex 3.092013e+00 3.369303e+00 6.565118e+00
      endloop
   endfacet
   facet normal 0.000000e+00 -9.961946e-01 -8.715636e-02
      outer loop
         vertex 3.092013e+00 3.369303e+00 6.565118e+00
         vertex 4.592013e+00 3.375000e+00 6.500000e+00
         vertex 4.592013e+00 3.369303e+00 6.565118e+00
      endloop
   endfacet
   facet normal 0.000000e+00 -9.659258e-01 -2.588190e-01
      outer loop
         vertex 3.092013e+00 3.369303e+00 6.565118e+00
         vertex 4.592013e+00 3.369303e+00 6.565118e+00
         vertex 3.092013e+00 3.352385e+00 6.628258e+00
      endloop
   endfacet
   facet normal 0.000000e+00 -9.659258e-01 -2.588190e-01
      outer loop
         vertex 3.092013e+00 3.352385e+00 6.628258e+00
         vertex 4.592013e+00 3.369303e+00 6.565118e+00
         vertex 4.592013e+00 3.352385e+00 6.628258e+00
      endloop
   endfacet
   facet normal 0.000000e+00 -9.063083e-01 -4.226172e-01
      outer loop
         vertex 3.092013e+00 3.352385e+00 6.628258e+00
         vertex 4.592013e+00 3.352385e+00 6.628258e+00
         vertex 3.092013e+00 3.324760e+00 6.687500e+00
      endloop
   endfacet
   facet normal 0.000000e+00 -9.063083e-01 -4.226172e-01
      outer loop
         vertex 3.092013e+00 3.324760e+00 6.687500e+00
         vertex 4.592013e+00 3.352385e+00 6.628258e+00
         vertex 4.592013e+00 3.324760e+00 6.687500e+00
      endloop
   endfacet
   facet normal 0.000000e+00 -8.191514e-01 -5.735773e-01
      outer loop
         vertex 3.092013e+00 3.324760e+00 6.687500e+00
         vertex 4.592013e+00 3.324760e+00 6.687500e+00
         vertex 3.092013e+00 3.287267e+00 6.741045e+00
      endloop
   endfacet
   facet normal 0.000000e+00 -8.191514e-01 -5.735773e-01
      outer loop
         vertex 3.092013e+00 3.287267e+00 6.741045e+00
         vertex 4.592013e+00 3.324760e+00 6.687500e+00
         vertex 4.592013e+00 3.287267e+00 6.741045e+00
      endloop
   endfacet
   facet normal 0.000000e+00 -7.071067e-01 -7.071069e-01
      outer loop
         vertex 3.092013e+00 3.287267e+00 6.741045e+00
         vertex 4.592013e+00 3.287267e+00 6.741045e+00
         vertex 3.092013e+00 3.241045e+00 6.787267e+00
      endloop
   endfacet
   facet normal 0.000000e+00 -7.071067e-01 -7.071069e-01
      outer loop
         vertex 3.092013e+00 3.241045e+00 6.787267e+00
         vertex 4.592013e+00 3.287267e+00 6.741045e+00
         vertex 4.592013e+00 3.241045e+00 6.787267e+00
      endloop
   endfacet
   facet normal 0.000000e+00 -5.735774e-01 -8.191514e-01
      outer loop
         vertex 3.092013e+00 3.241045e+00 6.787267e+00
         vertex 4.592013e+00 3.241045e+00 6.787267e+00
         vertex 3.092013e+00 3.187500e+00 6.824760e+00
      endloop
   endfacet
   facet normal 0.000000e+00 -5.735774e-01 -8.191514e-01
      outer loop
         vertex 3.092013e+00 3.187500e+00 6.824760e+00
         vertex 4.592013e+00 3.241045e+00 6.787267e+00
         vertex 4.592013e+00 3.187500e+00 6.824760e+00
      endloop
   endfacet
   facet normal 0.000000e+00 -4.226175e-01 -9.063082e-01
      outer loop
         vertex 3.092013e+00 3.187500e+00 6.824760e+00
         vertex 4.592013e+00 3.187500e+00 6.824760e+00
         vertex 3.092013e+00 3.128258e+00 6.852385e+00
      endloop
   endfacet
   facet normal 0.000000e+00 -4.226175e-01 -9.063082e-01
      outer loop
         vertex 3.092013e+00 3.128258e+00 6.852385e+00
         vertex 4.592013e+00 3.187500e+00 6.824760e+00
         vertex 4.592013e+00 3.128258e+00 6.852385e+00
      endloop
   endfacet
   facet normal 0.000000e+00 -2.588191e-01 -9.659258e-01
      outer loop
         vertex 3.092013e+00 3.128258e+00 6.852385e+00
         vertex 4.592013e+00 3.128258e+00 6.852385e+00
         vertex 3.092013e+00 3.065118e+00 6.869303e+00
      endloop
   endfacet
   facet normal 0.000000e+00 -2.588191e-01 -9.659258e-01
      outer loop
         vertex 3.092013e+00 3.065118e+00 6.869303e+00
         vertex 4.592013e+00 3.128258e+00 6.852385e+00
         vertex 4.592013e+00 3.065118e+00 6.869303e+00
      endloop
   endfacet
   facet normal 0.000000e+00 -8.715590e-02 -9.961947e-01
      outer loop
         vertex 3.092013e+00 3.065118e+00 6.869303e+00
         vertex 4.592013e+00 3.065118e+00 6.869303e+00
         vertex 3.092013e+00 3.000000e+00 6.875000e+00
      endloop
   endfacet
   facet normal 0.000000e+00 -8.715590e-02 -9.961947e-01
      outer loop
         vertex 3.092013e+00 3.000000e+00 6.875000e+00
         vertex 4.592013e+00 3.065118e+00 6.869303e+00
         vertex 4.592013e+00 3.000000e+00 6.875000e+00
      endloop
   endfacet
   facet normal 0.000000e+00 8.715590e-02 -9.961947e-01
      outer loop
         vertex 3.092013e+00 3.000000e+00 6.875000e+00
         vertex 4.592013e+00 3.000000e+00 6.875000e+00
         vertex 3.092013e+00 2.934882e+00 6.869303e+00
      endloop
   endfacet
   facet normal 0.000000e+00 8.715590e-02 -9.961947e-01
      outer loop
         vertex 3.092013e+00 2.934882e+00 6.869303e+00
         vertex 4.592013e+00 3.000000e+00 6.875000e+00
         vertex 4.592013e+00 2.934882e+00 6.869303e+00
      endloop
   endfacet
   facet normal 0.000000e+00 2.588191e-01 -9.659258e-01
      outer loop
         vertex 3.092013e+00 2.934882e+00 6.869303e+00
         vertex 4.592013e+00 2.934882e+00 6.869303e+00
         vertex 3.092013e+00 2.871742e+00 6.852385e+00
      endloop
   endfacet
   facet normal 0.000000e+00 2.588191e-01 -9.659258e-01
      outer loop
         vertex 3.092013e+00 2.871742e+00 6.852385e+00
         vertex 4.592013e+00 2.934882e+00 6.869303e+00
         vertex 4.592013e+00 2.871742e+00 6.852385e+00
      endloop
   endfacet
   facet normal 0.000000e+00 4.226188e-01 -9.063075e-01
      outer loop
         vertex 3.092013e+00 2.871742e+00 6.852385e+00
         vertex 4.592013e+00 2.871742e+00 6.852385e+00
         vertex 3.092013e+00 2.812500e+00 6.824760e+00
      endloop
   endfacet
   facet normal 0.000000e+00 4.226188e-01 -9.063075e-01
      outer loop
         vertex 3.092013e+00 2.812500e+00 6.824760e+00
         vertex 4.592013e+00 2.871742e+00 6.852385e+00
         vertex 4.592013e+00 2.812500e+00 6.824760e+00
      endloop
   endfacet
   facet normal 0.000000e+00 5.735774e-01 -8.191514e-01
      outer loop
         vertex 3.092013e+00 2.812500e+00 6.824760e+00
         vertex 4.592013e+00 2.812500e+00 6.824760e+00
         vertex 3.092013e+00 2.758955e+00 6.787267e+00
      endloop
   endfacet
   facet normal 0.000000e+00 5.735774e-01 -8.191514e-01
      outer loop
         vertex 3.092013e+00 2.758955e+00 6.787267e+00
         vertex 4.592013e+00 2.812500e+00 6.824760e+00
         vertex 4.592013e+00 2.758955e+00 6.787267e+00
      endloop
   endfacet
   facet normal 0.000000e+00 7.071067e-01 -7.071069e-01
      outer loop
         vertex 3.092013e+00 2.758955e+00 6.787267e+00
         vertex 4.592013e+00 2.758955e+00 6.787267e+00
         vertex 3.092013e+00 2.712734e+00 6.741045e+00
      endloop
   endfacet
   facet normal 0.000000e+00 7.071067e-01 -7.071069e-01
      outer loop
         vertex 3.092013e+00 2.712734e+00 6.741045e+00
         vertex 4.592013e+00 2.758955e+00 6.787267e+00
         vertex 4.592013e+00 2.712734e+00 6.741045e+00
      endloop
   endfacet
   facet normal 0.000000e+00 8.191514e-01 -5.735773e-01
      outer loop
         vertex 3.092013e+00 2.712734e+00 6.741045e+00
         vertex 4.592013e+00 2.712734e+00 6.741045e+00
         vertex 3.092013e+00 2.675241e+00 6.687500e+00
      endloop
   endfacet
   facet normal 0.000000e+00 8.191514e-01 -5.735773e-01
      outer loop
         vertex 3.092013e+00 2.675241e+00 6.687500e+00
         vertex 4.592013e+00 2.712734e+00 6.741045e+00
         vertex 4.592013e+00 2.675241e+00 6.687500e+00
      endloop
   endfacet
   facet normal 0.000000e+00 9.063083e-01 -4.226172e-01
      outer loop
         vertex 3.092013e+00 2.675241e+00 6.687500e+00
         vertex 4.592013e+00 2.675241e+00 6.687500e+00
         vertex 3.092013e+00 2.647616e+00 6.628258e+00
      endloop
   endfacet
   facet normal 0.000000e+00 9.063083e-01 -4.226172e-01
      outer loop
         vertex 3.092013e+00 2.647616e+00 6.628258e+00
         vertex 4.592013e+00 2.675241e+00 6.687500e+00
         vertex 4.592013e+00 2.647616e+00 6.628258e+00
      endloop
   endfacet
   facet normal 0.000000e+00 9.659258e-01 -2.588190e-01
      outer loop
         vertex 3.092013e+00 2.647616e+00 6.628258e+00
         vertex 4.592013e+00 2.647616e+00 6.628258e+00
         vertex 3.092013e+00 2.630697e+00 6.565118e+00
      endloop
   endfacet
   facet normal 0.000000e+00 9.659258e-01 -2.588190e-01
      outer loop
         vertex 3.092013e+00 2.630697e+00 6.565118e+00
         vertex 4.592013e+00 2.647616e+00 6.628258e+00
         vertex 4.592013e+00 2.630697e+00 6.565118e+00
      endloop
   endfacet
   facet normal 0.000000e+00 9.961946e-01 -8.715636e-02
      outer loop
         vertex 3.092013e+00 2.630697e+00 6.565118e+00
         vertex 4.592013e+00 2.630697e+00 6.565118e+00
         vertex 3.092013e+00 2.625000e+00 6.500000e+00
      endloop
   endfacet
   facet normal 0.000000e+00 9.961946e-01 -8.715636e-02
      outer loop
         vertex 3.092013e+00 2.625000e+00 6.500000e+00
         vertex 4.592013e+00 2.630697e+00 6.565118e+00
         vertex 4.592013e+00 2.625000e+00 6.500000e+00
      endloop
   endfacet
   facet normal -0.000000e+00 9.961946e-01 8.715636e-02
      outer loop
         vertex 3.092013e+00 2.625000e+00 6.500000e+00
         vertex 4.592013e+00 2.625000e+00 6.500000e+00
         vertex 3.092013e+00 2.630697e+00 6.434882e+00
      endloop
   endfacet
   facet normal -0.000000e+00 9.961946e-01 8.715636e-02
      outer loop
         vertex 3.092013e+00 2.630697e+00 6.434882e+00
         vertex 4.592013e+00 2.625000e+00 6.500000e+00
         vertex 4.592013e+00 2.630697e+00 6.434882e+00
      endloop
   endfacet
   facet normal -0.000000e+00 9.659258e-01 2.588190e-01
      outer loop
         vertex 3.092013e+00 2.630697e+00 6.434882e+00
         vertex 4.592013e+00 2.630697e+00 6.434882e+00
         vertex 3.092013e+00 2.647616e+00 6.371743e+00
      endloop
   endfacet
   facet normal -0.000000e+00 9.659258e-01 2.588190e-01
      outer loop
         vertex 3.092013e+00 2.647616e+00 6.371743e+00
         vertex 4.592013e+00 2.630697e+00 6.434882e+00
         vertex 4.592013e+00 2.647616e+00 6.371743e+00
      endloop
   endfacet
   facet normal -0.000000e+00 9.063083e-01 4.226172e-01
      outer loop
         vertex 3.092013e+00 2.647616e+00 6.371743e+00
         vertex 4.592013e+00 2.647616e+00 6.371743e+00
         vertex 3.092013e+00 2.675241e+00 6.312500e+00
      endloop
   endfacet
   facet normal -0.000000e+00 9.063083e-01 4.226172e-01
      outer loop
         vertex 3.092013e+00 2.675241e+00 6.312500e+00
         vertex 4.592013e+00 2.647616e+00 6.371743e+00
         vertex 4.592013e+00 2.675241e+00 6.312500e+00
      endloop
   endfacet
   facet normal -0.000000e+00 8.191514e-01 5.735773e-01
      outer loop
         vertex 3.092013e+00 2.675241e+00 6.312500e+00
         vertex 4.592013e+00 2.675241e+00 6.312500e+00
         vertex 3.092013e+00 2.712734e+00 6.258955e+00
      endloop
   endfacet
   facet normal -0.000000e+00 8.191514e-01 5.735773e-01
      outer loop
         vertex 3.092013e+00 2.712734e+00 6.258955e+00
         vertex 4.592013e+00 2.675241e+00 6.312500e+00
         vertex 4.592013e+00 2.712734e+00 6.258955e+00
      endloop
   endfacet
   facet normal -0.000000e+00 7.071067e-01 7.071069e-01
      outer loop
         vertex 3.092013e+00 2.712734e+00 6.258955e+00
         vertex 4.592013e+00 2.712734e+00 6.258955e+00
         vertex 3.092013e+00 2.758955e+00 6.212733e+00
      endloop
   endfacet
   facet normal -0.000000e+00 7.071067e-01 7.071069e-01
      outer loop
         vertex 3.092013e+00 2.758955e+00 6.212733e+00
         vertex 4.592013e+00 2.712734e+00 6.258955e+00
         vertex 4.592013e+00 2.758955e+00 6.212733e+00
      endloop
   endfacet
   facet normal -0.000000e+00 5.735774e-01 8.191514e-01
      outer loop
         vertex 3.092013e+00 2.758955e+00 6.212733e+00
         vertex 4.592013e+00 2.758955e+00 6.212733e+00
         vertex 3.092013e+00 2.812500e+00 6.175241e+00
      endloop
   endfacet
   facet normal -0.000000e+00 5.735774e-01 8.191514e-01
      outer loop
         vertex 3.092013e+00 2.812500e+00 6.175241e+00
         vertex 4.592013e+00 2.758955e+00 6.212733e+00
         vertex 4.592013e+00 2.812500e+00 6.175241e+00
      endloop
   endfacet
   facet normal -0.000000e+00 4.226188e-01 9.063075e-01
      outer loop
         vertex 3.092013e+00 2.812500e+00 6.175241e+00
         vertex 4.592013e+00 2.812500e+00 6.175241e+00
         vertex 3.092013e+00 2.871742e+00 6.147615e+00
      endloop
   endfacet
   facet normal -0.000000e+00 4.226188e-01 9.063075e-01
      outer loop
         vertex 3.092013e+00 2.871742e+00 6.147615e+00
         vertex 4.592013e+00 2.812500e+00 6.175241e+00
         vertex 4.592013e+00 2.871742e+00 6.147615e+00
      endloop
   endfacet
   facet normal -0.000000e+00 2.588191e-01 9.659258e-01
      outer loop
         vertex 3.092013e+00 2.871742e+00 6.147615e+00
         vertex 4.592013e+00 2.871742e+00 6.147615e+00
         vertex 3.092013e+00 2.934882e+00 6.130697e+00
      endloop
   endfacet
   facet normal -0.000000e+00 2.588191e-01 9.659258e-01
      outer loop
         vertex 3.092013e+00 2.934882e+00 6.130697e+00
         vertex 4.592013e+00 2.871742e+00 6.147615e+00
         vertex 4.592013e+00 2.934882e+00 6.130697e+00
      endloop
   endfacet
   facet normal -0.000000e+00 8.715590e-02 9.961947e-01
      outer loop
         vertex 3.092013e+00 2.934882e+00 6.130697e+00
         vertex 4.592013e+00 2.934882e+00 6.130697e+00
         vertex 3.092013e+00 3.000000e+00 6.125000e+00
      endloop
   endfacet
   facet normal -0.000000e+00 8.715590e-02 9.961947e-01
      outer loop
         vertex 3.092013e+00 3.000000e+00 6.125000e+00
         vertex 4.592013e+00 2.934882e+00 6.130697e+00
         vertex 4.592013e+00 3.000000e+00 6.125000e+00
      endloop
   endfacet
   facet normal 0.000000e+00 -8.715575e-02 9.961947e-01
      outer loop
         vertex 3.092013e+00 4.500000e+00 6.125000e+00
         vertex 4.592013e+00 4.500000e+00 6.125000e+00
         vertex 3.092013e+00 4.565118e+00 6.130697e+00
      endloop
   endfacet
   facet normal 0.000000e+00 -8.715575e-02 9.961947e-01
      outer loop
         vertex 3.092013e+00 4.565118e+00 6.130697e+00
         vertex 4.592013e+00 4.500000e+00 6.125000e+00
         vertex 4.592013e+00 4.565118e+00 6.130697e+00
      endloop
   endfacet
   facet normal 0.000000e+00 -2.588191e-01 9.659258e-01
      outer loop
         vertex 3.092013e+00 4.565118e+00 6.130697e+00
         vertex 4.592013e+00 4.565118e+00 6.130697e+00
         vertex 3.092013e+00 4.628258e+00 6.147615e+00
      endloop
   endfacet
   facet normal 0.000000e+00 -2.588191e-01 9.659258e-01
      outer loop
         vertex 3.092013e+00 4.628258e+00 6.147615e+00
         vertex 4.592013e+00 4.565118e+00 6.130697e+00
         vertex 4.592013e+00 4.628258e+00 6.147615e+00
      endloop
   endfacet
   facet normal 0.000000e+00 -4.226181e-01 9.063078e-01
      outer loop
         vertex 3.092013e+00 4.628258e+00 6.147615e+00
         vertex 4.592013e+00 4.628258e+00 6.147615e+00
         vertex 3.092013e+00 4.687500e+00 6.175241e+00
      endloop
   endfacet
   facet normal 0.000000e+00 -4.226181e-01 9.063078e-01
      outer loop
         vertex 3.092013e+00 4.687500e+00 6.175241e+00
         vertex 4.592013e+00 4.628258e+00 6.147615e+00
         vertex 4.592013e+00 4.687500e+00 6.175241e+00
      endloop
   endfacet
   facet normal 0.000000e+00 -5.735765e-01 8.191520e-01
      outer loop
         vertex 3.092013e+00 4.687500e+00 6.175241e+00
         vertex 4.592013e+00 4.687500e+00 6.175241e+00
         vertex 3.092013e+00 4.741046e+00 6.212733e+00
      endloop
   endfacet
   facet normal 0.000000e+00 -5.735765e-01 8.191520e-01
      outer loop
         vertex 3.092013e+00 4.741046e+00 6.212733e+00
         vertex 4.592013e+00 4.687500e+00 6.175241e+00
         vertex 4.592013e+00 4.741046e+00 6.212733e+00
      endloop
   endfacet
   facet normal 0.000000e+00 -7.071067e-01 7.071069e-01
      outer loop
         vertex 3.092013e+00 4.741046e+00 6.212733e+00
         vertex 4.592013e+00 4.741046e+00 6.212733e+00
         vertex 3.092013e+00 4.787267e+00 6.258955e+00
      endloop
   endfacet
   facet normal 0.000000e+00 -7.071067e-01 7.071069e-01
      outer loop
         vertex 3.092013e+00 4.787267e+00 6.258955e+00
         vertex 4.592013e+00 4.741046e+00 6.212733e+00
         vertex 4.592013e+00 4.787267e+00 6.258955e+00
      endloop
   endfacet
   facet normal 0.000000e+00 -8.191522e-01 5.735761e-01
      outer loop
         vertex 3.092013e+00 4.787267e+00 6.258955e+00
         vertex 4.592013e+00 4.787267e+00 6.258955e+00
         vertex 3.092013e+00 4.824760e+00 6.312500e+00
      endloop
   endfacet
   facet normal 0.000000e+00 -8.191522e-01 5.735761e-01
      outer loop
         vertex 3.092013e+00 4.824760e+00 6.312500e+00
         vertex 4.592013e+00 4.787267e+00 6.258955e+00
         vertex 4.592013e+00 4.824760e+00 6.312500e+00
      endloop
   endfacet
   facet normal 0.000000e+00 -9.063076e-01 4.226187e-01
      outer loop
         vertex 3.092013e+00 4.824760e+00 6.312500e+00
         vertex 4.592013e+00 4.824760e+00 6.312500e+00
         vertex 3.092013e+00 4.852385e+00 6.371743e+00
      endloop
   endfacet
   facet normal 0.000000e+00 -9.063076e-01 4.226187e-01
      outer loop
         vertex 3.092013e+00 4.852385e+00 6.371743e+00
         vertex 4.592013e+00 4.824760e+00 6.312500e+00
         vertex 4.592013e+00 4.852385e+00 6.371743e+00
      endloop
   endfacet
   facet normal 0.000000e+00 -9.659258e-01 2.588190e-01
      outer loop
         vertex 3.092013e+00 4.852385e+00 6.371743e+00
         vertex 4.592013e+00 4.852385e+00 6.371743e+00
         vertex 3.092013e+00 4.869303e+00 6.434882e+00
      endloop
   endfacet
   facet normal 0.000000e+00 -9.659258e-01 2.588190e-01
      outer loop
         vertex 3.092013e+00 4.869303e+00 6.434882e+00
         vertex 4.592013e+00 4.852385e+00 6.371743e+00
         vertex 4.592013e+00 4.869303e+00 6.434882e+00
      endloop
   endfacet
   facet normal 0.000000e+00 -9.961948e-01 8.715459e-02
      outer loop
         vertex 3.092013e+00 4.869303e+00 6.434882e+00
         vertex 4.592013e+00 4.869303e+00 6.434882e+00
         vertex 3.092013e+00 4.875000e+00 6.500000e+00
      endloop
   endfacet
   facet normal 0.000000e+00 -9.961948e-01 8.715459e-02
      outer loop
         vertex 3.092013e+00 4.875000e+00 6.500000e+00
         vertex 4.592013e+00 4.869303e+00 6.434882e+00
         vertex 4.592013e+00 4.875000e+00 6.500000e+00
      endloop
   endfacet
   facet normal 0.000000e+00 -9.961948e-01 -8.715459e-02
      outer loop
         vertex 3.092013e+00 4.875000e+00 6.500000e+00
         vertex 4.592013e+00 4.875000e+00 6.500000e+00
         vertex 3.092013e+00 4.869303e+00 6.565118e+00
      endloop
   endfacet
   facet normal 0.000000e+00 -9.961948e-01 -8.715459e-02
      outer loop
         vertex 3.092013e+00 4.869303e+00 6.565118e+00
         vertex 4.592013e+00 4.875000e+00 6.500000e+00
         vertex 4.592013e+00 4.869303e+00 6.565118e+00
      endloop
   endfacet
   facet normal 0.000000e+00 -9.659258e-01 -2.588190e-01
      outer loop
         vertex 3.092013e+00 4.869303e+00 6.565118e+00
         vertex 4.592013e+00 4.869303e+00 6.565118e+00
         vertex 3.092013e+00 4.852385e+00 6.628258e+00
      endloop
   endfacet
   facet normal 0.000000e+00 -9.659258e-01 -2.588190e-01
      outer loop
         vertex 3.092013e+00 4.852385e+00 6.628258e+00
         vertex 4.592013e+00 4.869303e+00 6.565118e+00
         vertex 4.592013e+00 4.852385e+00 6.628258e+00
      endloop
   endfacet
   facet normal 0.000000e+00 -9.063076e-01 -4.226187e-01
      outer loop
         vertex 3.092013e+00 4.852385e+00 6.628258e+00
         vertex 4.592013e+00 4.852385e+00 6.628258e+00
         vertex 3.092013e+00 4.824760e+00 6.687500e+00
      endloop
   endfacet
   facet normal 0.000000e+00 -9.063076e-01 -4.226187e-01
      outer loop
         vertex 3.092013e+00 4.824760e+00 6.687500e+00
         vertex 4.592013e+00 4.852385e+00 6.628258e+00
         vertex 4.592013e+00 4.824760e+00 6.687500e+00
      endloop
   endfacet
   facet normal 0.000000e+00 -8.191522e-01 -5.735761e-01
      outer loop
         vertex 3.092013e+00 4.824760e+00 6.687500e+00
         vertex 4.592013e+00 4.824760e+00 6.687500e+00
         vertex 3.092013e+00 4.787267e+00 6.741045e+00
      endloop
   endfacet
   facet normal 0.000000e+00 -8.191522e-01 -5.735761e-01
      outer loop
         vertex 3.092013e+00 4.787267e+00 6.741045e+00
         vertex 4.592013e+00 4.824760e+00 6.687500e+00
         vertex 4.592013e+00 4.787267e+00 6.741045e+00
      endloop
   endfacet
   facet normal 0.000000e+00 -7.071067e-01 -7.071069e-01
      outer loop
         vertex 3.092013e+00 4.787267e+00 6.741045e+00
         vertex 4.592013e+00 4.787267e+00 6.741045e+00
         vertex 3.092013e+00 4.741046e+00 6.787267e+00
      endloop
   endfacet
   facet normal 0.000000e+00 -7.071067e-01 -7.071069e-01
      outer loop
         vertex 3.092013e+00 4.741046e+00 6.787267e+00
         vertex 4.592013e+00 4.787267e+00 6.741045e+00
         vertex 4.592013e+00 4.741046e+00 6.787267e+00
      endloop
   endfacet
   facet normal 0.000000e+00 -5.735765e-01 -8.191520e-01
      outer loop
         vertex 3.092013e+00 4.741046e+00 6.787267e+00
         vertex 4.592013e+00 4.741046e+00 6.787267e+00
         vertex 3.092013e+00 4.687500e+00 6.824760e+00
      endloop
   endfacet
   facet normal 0.000000e+00 -5.735765e-01 -8.191520e-01
      outer loop
         vertex 3.092013e+00 4.687500e+00 6.824760e+00
         vertex 4.592013e+00 4.741046e+00 6.787267e+00
         vertex 4.592013e+00 4.687500e+00 6.824760e+00
      endloop
   endfacet
   facet normal 0.000000e+00 -4.226181e-01 -9.063078e-01
      outer loop
         vertex 3.092013e+00 4.687500e+00 6.824760e+00
         vertex 4.592013e+00 4.687500e+00 6.824760e+00
         vertex 3.092013e+00 4.628258e+00 6.852385e+00
      endloop
   endfacet
   facet normal 0.000000e+00 -4.226181e-01 -9.063078e-01
      outer loop
         vertex 3.092013e+00 4.628258e+00 6.852385e+00
         vertex 4.592013e+00 4.687500e+00 6.824760e+00
         vertex 4.592013e+00 4.628258e+00 6.852385e+00
      endloop
   endfacet
   facet normal 0.000000e+00 -2.588191e-01 -9.659258e-01
      outer loop
         vertex 3.092013e+00 4.628258e+00 6.852385e+00
         vertex 4.592013e+00 4.628258e+00 6.852385e+00
         vertex 3.092013e+00 4.565118e+00 6.869303e+00
      endloop
   endfacet
   facet normal 0.000000e+00 -2.588191e-01 -9.659258e-01
      outer loop
         vertex 3.092013e+00 4.565118e+00 6.869303e+00
         vertex 4.592013e+00 4.628258e+00 6.852385e+00
         vertex 4.592013e+00 4.565118e+00 6.869303e+00
      endloop
   endfacet
   facet normal 0.000000e+00 -8.715575e-02 -9.961947e-01
      outer loop
         vertex 3.092013e+00 4.565118e+00 6.869303e+00
         vertex 4.592013e+00 4.565118e+00 6.869303e+00
         vertex 3.092013e+00 4.500000e+00 6.875000e+00
      endloop
   endfacet
   facet normal 0.000000e+00 -8.715575e-02 -9.961947e-01
      outer loop
         vertex 3.092013e+00 4.500000e+00 6.875000e+00
         vertex 4.592013e+00 4.565118e+00 6.869303e+00
         vertex 4.592013e+00 4.500000e+00 6.875000e+00
      endloop
   endfacet
   facet normal 0.000000e+00 8.715590e-02 -9.961947e-01
      outer loop
         vertex 3.092013e+00 4.500000e+00 6.875000e+00
         vertex 4.592013e+00 4.500000e+00 6.875000e+00
         vertex 3.092013e+00 4.434882e+00 6.869303e+00
      endloop
   endfacet
   facet normal 0.000000e+00 8.715590e-02 -9.961947e-01
      outer loop
         vertex 3.092013e+00 4.434882e+00 6.869303e+00
         vertex 4.592013e+00 4.500000e+00 6.875000e+00
         vertex 4.592013e+00 4.434882e+00 6.869303e+00
      endloop
   endfacet
   facet normal 0.000000e+00 2.588191e-01 -9.659258e-01
      outer loop
         vertex 3.092013e+00 4.434882e+00 6.869303e+00
         vertex 4.592013e+00 4.434882e+00 6.869303e+00
         vertex 3.092013e+00 4.371742e+00 6.852385e+00
      endloop
   endfacet
   facet normal 0.000000e+00 2.588191e-01 -9.659258e-01
      outer loop
         vertex 3.092013e+00 4.371742e+00 6.852385e+00
         vertex 4.592013e+00 4.434882e+00 6.869303e+00
         vertex 4.592013e+00 4.371742e+00 6.852385e+00
      endloop
   endfacet
   facet normal 0.000000e+00 4.226188e-01 -9.063075e-01
      outer loop
         vertex 3.092013e+00 4.371742e+00 6.852385e+00
         vertex 4.592013e+00 4.371742e+00 6.852385e+00
         vertex 3.092013e+00 4.312500e+00 6.824760e+00
      endloop
   endfacet
   facet normal 0.000000e+00 4.226188e-01 -9.063075e-01
      outer loop
         vertex 3.092013e+00 4.312500e+00 6.824760e+00
         vertex 4.592013e+00 4.371742e+00 6.852385e+00
         vertex 4.592013e+00 4.312500e+00 6.824760e+00
      endloop
   endfacet
   facet normal 0.000000e+00 5.735757e-01 -8.191526e-01
      outer loop
         vertex 3.092013e+00 4.312500e+00 6.824760e+00
         vertex 4.592013e+00 4.312500e+00 6.824760e+00
         vertex 3.092013e+00 4.258955e+00 6.787267e+00
      endloop
   endfacet
   facet normal 0.000000e+00 5.735757e-01 -8.191526e-01
      outer loop
         vertex 3.092013e+00 4.258955e+00 6.787267e+00
         vertex 4.592013e+00 4.312500e+00 6.824760e+00
         vertex 4.592013e+00 4.258955e+00 6.787267e+00
      endloop
   endfacet
   facet normal 0.000000e+00 7.071067e-01 -7.071069e-01
      outer loop
         vertex 3.092013e+00 4.258955e+00 6.787267e+00
         vertex 4.592013e+00 4.258955e+00 6.787267e+00
         vertex 3.092013e+00 4.212733e+00 6.741045e+00
      endloop
   endfacet
   facet normal 0.000000e+00 7.071067e-01 -7.071069e-01
      outer loop
         vertex 3.092013e+00 4.212733e+00 6.741045e+00
         vertex 4.592013e+00 4.258955e+00 6.787267e+00
         vertex 4.592013e+00 4.212733e+00 6.741045e+00
      endloop
   endfacet
   facet normal 0.000000e+00 8.191531e-01 -5.735749e-01
      outer loop
         vertex 3.092013e+00 4.212733e+00 6.741045e+00
         vertex 4.592013e+00 4.212733e+00 6.741045e+00
         vertex 3.092013e+00 4.175241e+00 6.687500e+00
      endloop
   endfacet
   facet normal 0.000000e+00 8.191531e-01 -5.735749e-01
      outer loop
         vertex 3.092013e+00 4.175241e+00 6.687500e+00
         vertex 4.592013e+00 4.212733e+00 6.741045e+00
         vertex 4.592013e+00 4.175241e+00 6.687500e+00
      endloop
   endfacet
   facet normal 0.000000e+00 9.063083e-01 -4.226172e-01
      outer loop
         vertex 3.092013e+00 4.175241e+00 6.687500e+00
         vertex 4.592013e+00 4.175241e+00 6.687500e+00
         vertex 3.092013e+00 4.147616e+00 6.628258e+00
      endloop
   endfacet
   facet normal 0.000000e+00 9.063083e-01 -4.226172e-01
      outer loop
         vertex 3.092013e+00 4.147616e+00 6.628258e+00
         vertex 4.592013e+00 4.175241e+00 6.687500e+00
         vertex 4.592013e+00 4.147616e+00 6.628258e+00
      endloop
   endfacet
   facet normal 0.000000e+00 9.659249e-01 -2.588223e-01
      outer loop
         vertex 3.092013e+00 4.147616e+00 6.628258e+00
         vertex 4.592013e+00 4.147616e+00 6.628258e+00
         vertex 3.092013e+00 4.130697e+00 6.565118e+00
      endloop
   endfacet
   facet normal 0.000000e+00 9.659249e-01 -2.588223e-01
      outer loop
         vertex 3.092013e+00 4.130697e+00 6.565118e+00
         vertex 4.592013e+00 4.147616e+00 6.628258e+00
         vertex 4.592013e+00 4.130697e+00 6.565118e+00
      endloop
   endfacet
   facet normal 0.000000e+00 9.961950e-01 -8.715282e-02
      outer loop
         vertex 3.092013e+00 4.130697e+00 6.565118e+00
         vertex 4.592013e+00 4.130697e+00 6.565118e+00
         vertex 3.092013e+00 4.125000e+00 6.500000e+00
      endloop
   endfacet
   facet normal 0.000000e+00 9.961950e-01 -8.715282e-02
      outer loop
         vertex 3.092013e+00 4.125000e+00 6.500000e+00
         vertex 4.592013e+00 4.130697e+00 6.565118e+00
         vertex 4.592013e+00 4.125000e+00 6.500000e+00
      endloop
   endfacet
   facet normal -0.000000e+00 9.961950e-01 8.715282e-02
      outer loop
         vertex 3.092013e+00 4.125000e+00 6.500000e+00
         vertex 4.592013e+00 4.125000e+00 6.500000e+00
         vertex 3.092013e+00 4.130697e+00 6.434882e+00
      endloop
   endfacet
   facet normal -0.000000e+00 9.961950e-01 8.715282e-02
      outer loop
         vertex 3.092013e+00 4.130697e+00 6.434882e+00
         vertex 4.592013e+00 4.125000e+00 6.500000e+00
         vertex 4.592013e+00 4.130697e+00 6.434882e+00
      endloop
   endfacet
   facet normal -0.000000e+00 9.659249e-01 2.588223e-01
      outer loop
         vertex 3.092013e+00 4.130697e+00 6.434882e+00
         vertex 4.592013e+00 4.130697e+00 6.434882e+00
         vertex 3.092013e+00 4.147616e+00 6.371743e+00
      endloop
   endfacet
   facet normal -0.000000e+00 9.659249e-01 2.588223e-01
      outer loop
         vertex 3.092013e+00 4.147616e+00 6.371743e+00
         vertex 4.592013e+00 4.130697e+00 6.434882e+00
         vertex 4.592013e+00 4.147616e+00 6.371743e+00
      endloop
   endfacet
   facet normal -0.000000e+00 9.063083e-01 4.226172e-01
      outer loop
         vertex 3.092013e+00 4.147616e+00 6.371743e+00
         vertex 4.592013e+00 4.147616e+00 6.371743e+00
         vertex 3.092013e+00 4.175241e+00 6.312500e+00
      endloop
   endfacet
   facet normal -0.000000e+00 9.063083e-01 4.226172e-01
      outer loop
         vertex 3.092013e+00 4.175241e+00 6.312500e+00
         vertex 4.592013e+00 4.147616e+00 6.371743e+00
         vertex 4.592013e+00 4.175241e+00 6.312500e+00
      endloop
   endfacet
   facet normal -0.000000e+00 8.191531e-01 5.735749e-01
      outer loop
         vertex 3.092013e+00 4.175241e+00 6.312500e+00
         vertex 4.592013e+00 4.175241e+00 6.312500e+00
         vertex 3.092013e+00 4.212733e+00 6.258955e+00
      endloop
   endfacet
   facet normal -0.000000e+00 8.191531e-01 5.735749e-01
      outer loop
         vertex 3.092013e+00 4.212733e+00 6.258955e+00
         vertex 4.592013e+00 4.175241e+00 6.312500e+00
         vertex 4.592013e+00 4.212733e+00 6.258955e+00
      endloop
   endfacet
   facet normal -0.000000e+00 7.071067e-01 7.071069e-01
      outer loop
         vertex 3.092013e+00 4.212733e+00 6.258955e+00
         vertex 4.592013e+00 4.212733e+00 6.258955e+00
         vertex 3.092013e+00 4.258955e+00 6.212733e+00
      endloop
   endfacet
   facet normal -0.000000e+00 7.071067e-01 7.071069e-01
      outer loop
         vertex 3.092013e+00 4.258955e+00 6.212733e+00
         vertex 4.592013e+00 4.212733e+00 6.258955e+00
         vertex 4.592013e+00 4.258955e+00 6.212733e+00
      endloop
   endfacet
   facet normal -0.000000e+00 5.735757e-01 8.191526e-01
      outer loop
         vertex 3.092013e+00 4.258955e+00 6.212733e+00
         vertex 4.592013e+00 4.258955e+00 6.212733e+00
         vertex 3.092013e+00 4.312500e+00 6.175241e+00
      endloop
   endfacet
   facet normal -0.000000e+00 5.735757e-01 8.191526e-01
      outer loop
         vertex 3.092013e+00 4.312500e+00 6.175241e+00
         vertex 4.592013e+00 4.258955e+00 6.212733e+00
         vertex 4.592013e+00 4.312500e+00 6.175241e+00
      endloop
   endfacet
   facet normal -0.000000e+00 4.226188e-01 9.063075e-01
      outer loop
         vertex 3.092013e+00 4.312500e+00 6.175241e+00
         vertex 4.592013e+00 4.312500e+00 6.175241e+00
         vertex 3.092013e+00 4.371742e+00 6.147615e+00
      endloop
   endfacet
   facet normal -0.000000e+00 4.226188e-01 9.063075e-01
      outer loop
         vertex 3.092013e+00 4.371742e+00 6.147615e+00
         vertex 4.592013e+00 4.312500e+00 6.175241e+00
         vertex 4.592013e+00 4.371742e+00 6.147615e+00
      endloop
   endfacet
   facet normal -0.000000e+00 2.588191e-01 9.659258e-01
      outer loop
         vertex 3.092013e+00 4.371742e+00 6.147615e+00
         vertex 4.592013e+00 4.371742e+00 6.147615e+00
         vertex 3.092013e+00 4.434882e+00 6.130697e+00
      endloop
   endfacet
   facet normal -0.000000e+00 2.588191e-01 9.659258e-01
      outer loop
         vertex 3.092013e+00 4.434882e+00 6.130697e+00
         vertex 4.592013e+00 4.371742e+00 6.147615e+00
         vertex 4.592013e+00 4.434882e+00 6.130697e+00
      endloop
   endfacet
   facet normal -0.000000e+00 8.715590e-02 9.961947e-01
      outer loop
         vertex 3.092013e+00 4.434882e+00 6.130697e+00
         vertex 4.592013e+00 4.434882e+00 6.130697e+00
         vertex 3.092013e+00 4.500000e+00 6.125000e+00
      endloop
   endfacet
   facet normal -0.000000e+00 8.715590e-02 9.961947e-01
      outer loop
         vertex 3.092013e+00 4.500000e+00 6.125000e+00
         vertex 4.592013e+00 4.434882e+00 6.130697e+00
         vertex 4.592013e+00 4.500000e+00 6.125000e+00
      endloop
   endfacet
   facet normal 0.000000e+00 -8.715590e-02 9.961947e-01
      outer loop
         vertex 3.092013e+00 8.500000e+00 6.125000e+00
         vertex 4.592013e+00 8.500000e+00 6.125000e+00
         vertex 3.092013e+00 8.565118e+00 6.130697e+00
      endloop
   endfacet
   facet normal 0.000000e+00 -8.715590e-02 9.961947e-01
      outer loop
         vertex 3.092013e+00 8.565118e+00 6.130697e+00
         vertex 4.592013e+00 8.500000e+00 6.125000e+00
         vertex 4.592013e+00 8.565118e+00 6.130697e+00
      endloop
   endfacet
   facet normal 0.000000e+00 -2.588191e-01 9.659258e-01
      outer loop
         vertex 3.092013e+00 8.565118e+00 6.130697e+00
         vertex 4.592013e+00 8.565118e+00 6.130697e+00
         vertex 3.092013e+00 8.628258e+00 6.147615e+00
      endloop
   endfacet
   facet normal 0.000000e+00 -2.588191e-01 9.659258e-01
      outer loop
         vertex 3.092013e+00 8.628258e+00 6.147615e+00
         vertex 4.592013e+00 8.565118e+00 6.130697e+00
         vertex 4.592013e+00 8.628258e+00 6.147615e+00
      endloop
   endfacet
   facet normal 0.000000e+00 -4.226188e-01 9.063075e-01
      outer loop
         vertex 3.092013e+00 8.628258e+00 6.147615e+00
         vertex 4.592013e+00 8.628258e+00 6.147615e+00
         vertex 3.092013e+00 8.687500e+00 6.175241e+00
      endloop
   endfacet
   facet normal 0.000000e+00 -4.226188e-01 9.063075e-01
      outer loop
         vertex 3.092013e+00 8.687500e+00 6.175241e+00
         vertex 4.592013e+00 8.628258e+00 6.147615e+00
         vertex 4.592013e+00 8.687500e+00 6.175241e+00
      endloop
   endfacet
   facet normal 0.000000e+00 -5.735757e-01 8.191526e-01
      outer loop
         vertex 3.092013e+00 8.687500e+00 6.175241e+00
         vertex 4.592013e+00 8.687500e+00 6.175241e+00
         vertex 3.092013e+00 8.741046e+00 6.212733e+00
      endloop
   endfacet
   facet normal 0.000000e+00 -5.735757e-01 8.191526e-01
      outer loop
         vertex 3.092013e+00 8.741046e+00 6.212733e+00
         vertex 4.592013e+00 8.687500e+00 6.175241e+00
         vertex 4.592013e+00 8.741046e+00 6.212733e+00
      endloop
   endfacet
   facet normal 0.000000e+00 -7.071067e-01 7.071069e-01
      outer loop
         vertex 3.092013e+00 8.741046e+00 6.212733e+00
         vertex 4.592013e+00 8.741046e+00 6.212733e+00
         vertex 3.092013e+00 8.787267e+00 6.258955e+00
      endloop
   endfacet
   facet normal 0.000000e+00 -7.071067e-01 7.071069e-01
      outer loop
         vertex 3.092013e+00 8.787267e+00 6.258955e+00
         vertex 4.592013e+00 8.741046e+00 6.212733e+00
         vertex 4.592013e+00 8.787267e+00 6.258955e+00
      endloop
   endfacet
   facet normal 0.000000e+00 -8.191531e-01 5.735749e-01
      outer loop
         vertex 3.092013e+00 8.787267e+00 6.258955e+00
         vertex 4.592013e+00 8.787267e+00 6.258955e+00
         vertex 3.092013e+00 8.824760e+00 6.312500e+00
      endloop
   endfacet
   facet normal 0.000000e+00 -8.191531e-01 5.735749e-01
      outer loop
         vertex 3.092013e+00 8.824760e+00 6.312500e+00
         vertex 4.592013e+00 8.787267e+00 6.258955e+00
         vertex 4.592013e+00 8.824760e+00 6.312500e+00
      endloop
   endfacet
   facet normal 0.000000e+00 -9.063083e-01 4.226172e-01
      outer loop
         vertex 3.092013e+00 8.824760e+00 6.312500e+00
         vertex 4.592013e+00 8.824760e+00 6.312500e+00
         vertex 3.092013e+00 8.852385e+00 6.371743e+00
      endloop
   endfacet
   facet normal 0.000000e+00 -9.063083e-01 4.226172e-01
      outer loop
         vertex 3.092013e+00 8.852385e+00 6.371743e+00
         vertex 4.592013e+00 8.824760e+00 6.312500e+00
         vertex 4.592013e+00 8.852385e+00 6.371743e+00
      endloop
   endfacet
   facet normal 0.000000e+00 -9.659249e-01 2.588223e-01
      outer loop
         vertex 3.092013e+00 8.852385e+00 6.371743e+00
         vertex 4.592013e+00 8.852385e+00 6.371743e+00
         vertex 3.092013e+00 8.869303e+00 6.434882e+00
      endloop
   endfacet
   facet normal 0.000000e+00 -9.659249e-01 2.588223e-01
      outer loop
         vertex 3.092013e+00 8.869303e+00 6.434882e+00
         vertex 4.592013e+00 8.852385e+00 6.371743e+00
         vertex 4.592013e+00 8.869303e+00 6.434882e+00
      endloop
   endfacet
   facet normal 0.000000e+00 -9.961950e-01 8.715282e-02
      outer loop
         vertex 3.092013e+00 8.869303e+00 6.434882e+00
         vertex 4.592013e+00 8.869303e+00 6.434882e+00
         vertex 3.092013e+00 8.875000e+00 6.500000e+00
      endloop
   endfacet
   facet normal 0.000000e+00 -9.961950e-01 8.715282e-02
      outer loop
         vertex 3.092013e+00 8.875000e+00 6.500000e+00
         vertex 4.592013e+00 8.869303e+00 6.434882e+00
         vertex 4.592013e+00 8.875000e+00 6.500000e+00
      endloop
   endfacet
   facet normal 0.000000e+00 -9.961950e-01 -8.715282e-02
      outer loop
         vertex 3.092013e+00 8.875000e+00 6.500000e+00
         vertex 4.592013e+00 8.875000e+00 6.500000e+00
         vertex 3.092013e+00 8.869303e+00 6.565118e+00
      endloop
   endfacet
   facet normal 0.000000e+00 -9.961950e-01 -8.715282e-02
      outer loop
         vertex 3.092013e+00 8.869303e+00 6.565118e+00
         vertex 4.592013e+00 8.875000e+00 6.500000e+00
         vertex 4.592013e+00 8.869303e+00 6.565118e+00
      endloop
   endfacet
   facet normal 0.000000e+00 -9.659249e-01 -2.588223e-01
      outer loop
         vertex 3.092013e+00 8.869303e+00 6.565118e+00
         vertex 4.592013e+00 8.869303e+00 6.565118e+00
         vertex 3.092013e+00 8.852385e+00 6.628258e+00
      endloop
   endfacet
   facet normal 0.000000e+00 -9.659249e-01 -2.588223e-01
      outer loop
         vertex 3.092013e+00 8.852385e+00 6.628258e+00
         vertex 4.592013e+00 8.869303e+00 6.565118e+00
         vertex 4.592013e+00 8.852385e+00 6.628258e+00
      endloop
   endfacet
   facet normal 0.000000e+00 -9.063083e-01 -4.226172e-01
      outer loop
         vertex 3.092013e+00 8.852385e+00 6.628258e+00
         vertex 4.592013e+00 8.852385e+00 6.628258e+00
         vertex 3.092013e+00 8.824760e+00 6.687500e+00
      endloop
   endfacet
   facet normal 0.000000e+00 -9.063083e-01 -4.226172e-01
      outer loop
         vertex 3.092013e+00 8.824760e+00 6.687500e+00
         vertex 4.592013e+00 8.852385e+00 6.628258e+00
         vertex 4.592013e+00 8.824760e+00 6.687500e+00
      endloop
   endfacet
   facet normal 0.000000e+00 -8.191531e-01 -5.735749e-01
      outer loop
         vertex 3.092013e+00 8.824760e+00 6.687500e+00
         vertex 4.592013e+00 8.824760e+00 6.687500e+00
         vertex 3.092013e+00 8.787267e+00 6.741045e+00
      endloop
   endfacet
   facet normal 0.000000e+00 -8.191531e-01 -5.735749e-01
      outer loop
         vertex 3.092013e+00 8.787267e+00 6.741045e+00
         vertex 4.592013e+00 8.824760e+00 6.687500e+00
         vertex 4.592013e+00 8.787267e+00 6.741045e+00
      endloop
   endfacet
   facet normal 0.000000e+00 -7.071067e-01 -7.071069e-01
      outer loop
         vertex 3.092013e+00 8.787267e+00 6.741045e+00
         vertex 4.592013e+00 8.787267e+00 6.741045e+00
         vertex 3.092013e+00 8.741046e+00 6.787267e+00
      endloop
   endfacet
   facet normal 0.000000e+00 -7.071067e-01 -7.071069e-01
      outer loop
         vertex 3.092013e+00 8.741046e+00 6.787267e+00
         vertex 4.592013e+00 8.787267e+00 6.741045e+00
         vertex 4.592013e+00 8.741046e+00 6.787267e+00
      endloop
   endfacet
   facet normal 0.000000e+00 -5.735757e-01 -8.191526e-01
      outer loop
         vertex 3.092013e+00 8.741046e+00 6.787267e+00
         vertex 4.592013e+00 8.741046e+00 6.787267e+00
         vertex 3.092013e+00 8.687500e+00 6.824760e+00
      endloop
   endfacet
   facet normal 0.000000e+00 -5.735757e-01 -8.191526e-01
      outer loop
         vertex 3.092013e+00 8.687500e+00 6.824760e+00
         vertex 4.592013e+00 8.741046e+00 6.787267e+00
         vertex 4.592013e+00 8.687500e+00 6.824760e+00
      endloop
   endfacet
   facet normal 0.000000e+00 -4.226188e-01 -9.063075e-01
      outer loop
         vertex 3.092013e+00 8.687500e+00 6.824760e+00
         vertex 4.592013e+00 8.687500e+00 6.824760e+00
         vertex 3.092013e+00 8.628258e+00 6.852385e+00
      endloop
   endfacet
   facet normal 0.000000e+00 -4.226188e-01 -9.063075e-01
      outer loop
         vertex 3.092013e+00 8.628258e+00 6.852385e+00
         vertex 4.592013e+00 8.687500e+00 6.824760e+00
         vertex 4.592013e+00 8.628258e+00 6.852385e+00
      endloop
   endfacet
   facet normal 0.000000e+00 -2.588191e-01 -9.659258e-01
      outer loop
         vertex 3.092013e+00 8.628258e+00 6.852385e+00
         vertex 4.592013e+00 8.628258e+00 6.852385e+00
         vertex 3.092013e+00 8.565118e+00 6.869303e+00
      endloop
   endfacet
   facet normal 0.000000e+00 -2.588191e-01 -9.659258e-01
      outer loop
         vertex 3.092013e+00 8.565118e+00 6.869303e+00
         vertex 4.592013e+00 8.628258e+00 6.852385e+00
         vertex 4.592013e+00 8.565118e+00 6.869303e+00
      endloop
   endfacet
   facet normal 0.000000e+00 -8.715590e-02 -9.961947e-01
      outer loop
         vertex 3.092013e+00 8.565118e+00 6.869303e+00
         vertex 4.592013e+00 8.565118e+00 6.869303e+00
         vertex 3.092013e+00 8.500000e+00 6.875000e+00
      endloop
   endfacet
   facet normal 0.000000e+00 -8.715590e-02 -9.961947e-01
      outer loop
         vertex 3.092013e+00 8.500000e+00 6.875000e+00
         vertex 4.592013e+00 8.565118e+00 6.869303e+00
         vertex 4.592013e+00 8.500000e+00 6.875000e+00
      endloop
   endfacet
   facet normal 0.000000e+00 8.715575e-02 -9.961947e-01
      outer loop
         vertex 3.092013e+00 8.500000e+00 6.875000e+00
         vertex 4.592013e+00 8.500000e+00 6.875000e+00
         vertex 3.092013e+00 8.434882e+00 6.869303e+00
      endloop
   endfacet
   facet normal 0.000000e+00 8.715575e-02 -9.961947e-01
      outer loop
         vertex 3.092013e+00 8.434882e+00 6.869303e+00
         vertex 4.592013e+00 8.500000e+00 6.875000e+00
         vertex 4.592013e+00 8.434882e+00 6.869303e+00
      endloop
   endfacet
   facet normal 0.000000e+00 2.588191e-01 -9.659258e-01
      outer loop
         vertex 3.092013e+00 8.434882e+00 6.869303e+00
         vertex 4.592013e+00 8.434882e+00 6.869303e+00
         vertex 3.092013e+00 8.371743e+00 6.852385e+00
      endloop
   endfacet
   facet normal 0.000000e+00 2.588191e-01 -9.659258e-01
      outer loop
         vertex 3.092013e+00 8.371743e+00 6.852385e+00
         vertex 4.592013e+00 8.434882e+00 6.869303e+00
         vertex 4.592013e+00 8.371743e+00 6.852385e+00
      endloop
   endfacet
   facet normal 0.000000e+00 4.226181e-01 -9.063078e-01
      outer loop
         vertex 3.092013e+00 8.371743e+00 6.852385e+00
         vertex 4.592013e+00 8.371743e+00 6.852385e+00
         vertex 3.092013e+00 8.312500e+00 6.824760e+00
      endloop
   endfacet
   facet normal 0.000000e+00 4.226181e-01 -9.063078e-01
      outer loop
         vertex 3.092013e+00 8.312500e+00 6.824760e+00
         vertex 4.592013e+00 8.371743e+00 6.852385e+00
         vertex 4.592013e+00 8.312500e+00 6.824760e+00
      endloop
   endfacet
   facet normal 0.000000e+00 5.735765e-01 -8.191520e-01
      outer loop
         vertex 3.092013e+00 8.312500e+00 6.824760e+00
         vertex 4.592013e+00 8.312500e+00 6.824760e+00
         vertex 3.092013e+00 8.258955e+00 6.787267e+00
      endloop
   endfacet
   facet normal 0.000000e+00 5.735765e-01 -8.191520e-01
      outer loop
         vertex 3.092013e+00 8.258955e+00 6.787267e+00
         vertex 4.592013e+00 8.312500e+00 6.824760e+00
         vertex 4.592013e+00 8.258955e+00 6.787267e+00
      endloop
   endfacet
   facet normal 0.000000e+00 7.071067e-01 -7.071069e-01
      outer loop
         vertex 3.092013e+00 8.258955e+00 6.787267e+00
         vertex 4.592013e+00 8.258955e+00 6.787267e+00
         vertex 3.092013e+00 8.212733e+00 6.741045e+00
      endloop
   endfacet
   facet normal 0.000000e+00 7.071067e-01 -7.071069e-01
      outer loop
         vertex 3.092013e+00 8.212733e+00 6.741045e+00
         vertex 4.592013e+00 8.258955e+00 6.787267e+00
         vertex 4.592013e+00 8.212733e+00 6.741045e+00
      endloop
   endfacet
   facet normal 0.000000e+00 8.191522e-01 -5.735761e-01
      outer loop
         vertex 3.092013e+00 8.212733e+00 6.741045e+00
         vertex 4.592013e+00 8.212733e+00 6.741045e+00
         vertex 3.092013e+00 8.175241e+00 6.687500e+00
      endloop
   endfacet
   facet normal 0.000000e+00 8.191522e-01 -5.735761e-01
      outer loop
         vertex 3.092013e+00 8.175241e+00 6.687500e+00
         vertex 4.592013e+00 8.212733e+00 6.741045e+00
         vertex 4.592013e+00 8.175241e+00 6.687500e+00
      endloop
   endfacet
   facet normal 0.000000e+00 9.063076e-01 -4.226187e-01
      outer loop
         vertex 3.092013e+00 8.175241e+00 6.687500e+00
         vertex 4.592013e+00 8.175241e+00 6.687500e+00
         vertex 3.092013e+00 8.147615e+00 6.628258e+00
      endloop
   endfacet
   facet normal 0.000000e+00 9.063076e-01 -4.226187e-01
      outer loop
         vertex 3.092013e+00 8.147615e+00 6.628258e+00
         vertex 4.592013e+00 8.175241e+00 6.687500e+00
         vertex 4.592013e+00 8.147615e+00 6.628258e+00
      endloop
   endfacet
   facet normal 0.000000e+00 9.659258e-01 -2.588190e-01
      outer loop
         vertex 3.092013e+00 8.147615e+00 6.628258e+00
         vertex 4.592013e+00 8.147615e+00 6.628258e+00
         vertex 3.092013e+00 8.130697e+00 6.565118e+00
      endloop
   endfacet
   facet normal 0.000000e+00 9.659258e-01 -2.588190e-01
      outer loop
         vertex 3.092013e+00 8.130697e+00 6.565118e+00
         vertex 4.592013e+00 8.147615e+00 6.628258e+00
         vertex 4.592013e+00 8.130697e+00 6.565118e+00
      endloop
   endfacet
   facet normal 0.000000e+00 9.961948e-01 -8.715459e-02
      outer loop
         vertex 3.092013e+00 8.130697e+00 6.565118e+00
         vertex 4.592013e+00 8.130697e+00 6.565118e+00
         vertex 3.092013e+00 8.125000e+00 6.500000e+00
      endloop
   endfacet
   facet normal 0.000000e+00 9.961948e-01 -8.715459e-02
      outer loop
         vertex 3.092013e+00 8.125000e+00 6.500000e+00
         vertex 4.592013e+00 8.130697e+00 6.565118e+00
         vertex 4.592013e+00 8.125000e+00 6.500000e+00
      endloop
   endfacet
   facet normal -0.000000e+00 9.961948e-01 8.715459e-02
      outer loop
         vertex 3.092013e+00 8.125000e+00 6.500000e+00
         vertex 4.592013e+00 8.125000e+00 6.500000e+00
         vertex 3.092013e+00 8.130697e+00 6.434882e+00
      endloop
   endfacet
   facet normal -0.000000e+00 9.961948e-01 8.715459e-02
      outer loop
         vertex 3.092013e+00 8.130697e+00 6.434882e+00
         vertex 4.592013e+00 8.125000e+00 6.500000e+00
         vertex 4.592013e+00 8.130697e+00 6.434882e+00
      endloop
   endfacet
   facet normal -0.000000e+00 9.659258e-01 2.588190e-01
      outer loop
         vertex 3.092013e+00 8.130697e+00 6.434882e+00
         vertex 4.592013e+00 8.130697e+00 6.434882e+00
         vertex 3.092013e+00 8.147615e+00 6.371743e+00
      endloop
   endfacet
   facet normal -0.000000e+00 9.659258e-01 2.588190e-01
      outer loop
         vertex 3.092013e+00 8.147615e+00 6.371743e+00
         vertex 4.592013e+00 8.130697e+00 6.434882e+00
         vertex 4.592013e+00 8.147615e+00 6.371743e+00
      endloop
   endfacet
   facet normal -0.000000e+00 9.063076e-01 4.226187e-01
      outer loop
         vertex 3.092013e+00 8.147615e+00 6.371743e+00
         vertex 4.592013e+00 8.147615e+00 6.371743e+00
         vertex 3.092013e+00 8.175241e+00 6.312500e+00
      endloop
   endfacet
   facet normal -0.000000e+00 9.063076e-01 4.226187e-01
      outer loop
         vertex 3.092013e+00 8.175241e+00 6.312500e+00
         vertex 4.592013e+00 8.147615e+00 6.371743e+00
         vertex 4.592013e+00 8.175241e+00 6.312500e+00
      endloop
   endfacet
   facet normal -0.000000e+00 8.191522e-01 5.735761e-01
      outer loop
         vertex 3.092013e+00 8.175241e+00 6.312500e+00
         vertex 4.592013e+00 8.175241e+00 6.312500e+00
         vertex 3.092013e+00 8.212733e+00 6.258955e+00
      endloop
   endfacet
   facet normal -0.000000e+00 8.191522e-01 5.735761e-01
      outer loop
         vertex 3.092013e+00 8.212733e+00 6.258955e+00
         vertex 4.592013e+00 8.175241e+00 6.312500e+00
         vertex 4.592013e+00 8.212733e+00 6.258955e+00
      endloop
   endfacet
   facet normal -0.000000e+00 7.071067e-01 7.071069e-01
      outer loop
         vertex 3.092013e+00 8.212733e+00 6.258955e+00
         vertex 4.592013e+00 8.212733e+00 6.258955e+00
         vertex 3.092013e+00 8.258955e+00 6.212733e+00
      endloop
   endfacet
   facet normal -0.000000e+00 7.071067e-01 7.071069e-01
      outer loop
         vertex 3.092013e+00 8.258955e+00 6.212733e+00
         vertex 4.592013e+00 8.212733e+00 6.258955e+00
         vertex 4.592013e+00 8.258955e+00 6.212733e+00
      endloop
   endfacet
   facet normal -0.000000e+00 5.735765e-01 8.191520e-01
      outer loop
         vertex 3.092013e+00 8.258955e+00 6.212733e+00
         vertex 4.592013e+00 8.258955e+00 6.212733e+00
         vertex 3.092013e+00 8.312500e+00 6.175241e+00
      endloop
   endfacet
   facet normal -0.000000e+00 5.735765e-01 8.191520e-01
      outer loop
         vertex 3.092013e+00 8.312500e+00 6.175241e+00
         vertex 4.592013e+00 8.258955e+00 6.212733e+00
         vertex 4.592013e+00 8.312500e+00 6.175241e+00
      endloop
   endfacet
   facet normal -0.000000e+00 4.226181e-01 9.063078e-01
      outer loop
         vertex 3.092013e+00 8.312500e+00 6.175241e+00
         vertex 4.592013e+00 8.312500e+00 6.175241e+00
         vertex 3.092013e+00 8.371743e+00 6.147615e+00
      endloop
   endfacet
   facet normal -0.000000e+00 4.226181e-01 9.063078e-01
      outer loop
         vertex 3.092013e+00 8.371743e+00 6.147615e+00
         vertex 4.592013e+00 8.312500e+00 6.175241e+00
         vertex 4.592013e+00 8.371743e+00 6.147615e+00
      endloop
   endfacet
   facet normal -0.000000e+00 2.588191e-01 9.659258e-01
      outer loop
         vertex 3.092013e+00 8.371743e+00 6.147615e+00
         vertex 4.592013e+00 8.371743e+00 6.147615e+00
         vertex 3.092013e+00 8.434882e+00 6.130697e+00
      endloop
   endfacet
   facet normal -0.000000e+00 2.588191e-01 9.659258e-01
      outer loop
         vertex 3.092013e+00 8.434882e+00 6.130697e+00
         vertex 4.592013e+00 8.371743e+00 6.147615e+00
         vertex 4.592013e+00 8.434882e+00 6.130697e+00
      endloop
   endfacet
   facet normal -0.000000e+00 8.715575e-02 9.961947e-01
      outer loop
         vertex 3.092013e+00 8.434882e+00 6.130697e+00
         vertex 4.592013e+00 8.434882e+00 6.130697e+00
         vertex 3.092013e+00 8.500000e+00 6.125000e+00
      endloop
   endfacet
   facet normal -0.000000e+00 8.715575e-02 9.961947e-01
      outer loop
         vertex 3.092013e+00 8.500000e+00 6.125000e+00
         vertex 4.592013e+00 8.434882e+00 6.130697e+00
         vertex 4.592013e+00 8.500000e+00 6.125000e+00
      endloop
   endfacet
   facet normal 0.000000e+00 -8.715590e-02 9.961947e-01
      outer loop
         vertex 3.092013e+00 1.000000e+01 6.125000e+00
         vertex 4.592013e+00 1.000000e+01 6.125000e+00
         vertex 3.092013e+00 1.006512e+01 6.130697e+00
      endloop
   endfacet
   facet normal 0.000000e+00 -8.715590e-02 9.961947e-01
      outer loop
         vertex 3.092013e+00 1.006512e+01 6.130697e+00
         vertex 4.592013e+00 1.000000e+01 6.125000e+00
         vertex 4.592013e+00 1.006512e+01 6.130697e+00
      endloop
   endfacet
   facet normal 0.000000e+00 -2.588191e-01 9.659258e-01
      outer loop
         vertex 3.092013e+00 1.006512e+01 6.130697e+00
         vertex 4.592013e+00 1.006512e+01 6.130697e+00
         vertex 3.092013e+00 1.012826e+01 6.147615e+00
      endloop
   endfacet
   facet normal 0.000000e+00 -2.588191e-01 9.659258e-01
      outer loop
         vertex 3.092013e+00 1.012826e+01 6.147615e+00
         vertex 4.592013e+00 1.006512e+01 6.130697e+00
         vertex 4.592013e+00 1.012826e+01 6.147615e+00
      endloop
   endfacet
   facet normal 0.000000e+00 -4.226188e-01 9.063075e-01
      outer loop
         vertex 3.092013e+00 1.012826e+01 6.147615e+00
         vertex 4.592013e+00 1.012826e+01 6.147615e+00
         vertex 3.092013e+00 1.018750e+01 6.175241e+00
      endloop
   endfacet
   facet normal 0.000000e+00 -4.226188e-01 9.063075e-01
      outer loop
         vertex 3.092013e+00 1.018750e+01 6.175241e+00
         vertex 4.592013e+00 1.012826e+01 6.147615e+00
         vertex 4.592013e+00 1.018750e+01 6.175241e+00
      endloop
   endfacet
   facet normal 0.000000e+00 -5.735774e-01 8.191514e-01
      outer loop
         vertex 3.092013e+00 1.018750e+01 6.175241e+00
         vertex 4.592013e+00 1.018750e+01 6.175241e+00
         vertex 3.092013e+00 1.024105e+01 6.212733e+00
      endloop
   endfacet
   facet normal 0.000000e+00 -5.735774e-01 8.191514e-01
      outer loop
         vertex 3.092013e+00 1.024105e+01 6.212733e+00
         vertex 4.592013e+00 1.018750e+01 6.175241e+00
         vertex 4.592013e+00 1.024105e+01 6.212733e+00
      endloop
   endfacet
   facet normal 0.000000e+00 -7.071067e-01 7.071069e-01
      outer loop
         vertex 3.092013e+00 1.024105e+01 6.212733e+00
         vertex 4.592013e+00 1.024105e+01 6.212733e+00
         vertex 3.092013e+00 1.028727e+01 6.258955e+00
      endloop
   endfacet
   facet normal 0.000000e+00 -7.071067e-01 7.071069e-01
      outer loop
         vertex 3.092013e+00 1.028727e+01 6.258955e+00
         vertex 4.592013e+00 1.024105e+01 6.212733e+00
         vertex 4.592013e+00 1.028727e+01 6.258955e+00
      endloop
   endfacet
   facet normal 0.000000e+00 -8.191514e-01 5.735773e-01
      outer loop
         vertex 3.092013e+00 1.028727e+01 6.258955e+00
         vertex 4.592013e+00 1.028727e+01 6.258955e+00
         vertex 3.092013e+00 1.032476e+01 6.312500e+00
      endloop
   endfacet
   facet normal 0.000000e+00 -8.191514e-01 5.735773e-01
      outer loop
         vertex 3.092013e+00 1.032476e+01 6.312500e+00
         vertex 4.592013e+00 1.028727e+01 6.258955e+00
         vertex 4.592013e+00 1.032476e+01 6.312500e+00
      endloop
   endfacet
   facet normal 0.000000e+00 -9.063083e-01 4.226172e-01
      outer loop
         vertex 3.092013e+00 1.032476e+01 6.312500e+00
         vertex 4.592013e+00 1.032476e+01 6.312500e+00
         vertex 3.092013e+00 1.035238e+01 6.371743e+00
      endloop
   endfacet
   facet normal 0.000000e+00 -9.063083e-01 4.226172e-01
      outer loop
         vertex 3.092013e+00 1.035238e+01 6.371743e+00
         vertex 4.592013e+00 1.032476e+01 6.312500e+00
         vertex 4.592013e+00 1.035238e+01 6.371743e+00
      endloop
   endfacet
   facet normal 0.000000e+00 -9.659258e-01 2.588190e-01
      outer loop
         vertex 3.092013e+00 1.035238e+01 6.371743e+00
         vertex 4.592013e+00 1.035238e+01 6.371743e+00
         vertex 3.092013e+00 1.036930e+01 6.434882e+00
      endloop
   endfacet
   facet normal 0.000000e+00 -9.659258e-01 2.588190e-01
      outer loop
         vertex 3.092013e+00 1.036930e+01 6.434882e+00
         vertex 4.592013e+00 1.035238e+01 6.371743e+00
         vertex 4.592013e+00 1.036930e+01 6.434882e+00
      endloop
   endfacet
   facet normal 0.000000e+00 -9.961946e-01 8.715636e-02
      outer loop
         vertex 3.092013e+00 1.036930e+01 6.434882e+00
         vertex 4.592013e+00 1.036930e+01 6.434882e+00
         vertex 3.092013e+00 1.037500e+01 6.500000e+00
      endloop
   endfacet
   facet normal 0.000000e+00 -9.961946e-01 8.715636e-02
      outer loop
         vertex 3.092013e+00 1.037500e+01 6.500000e+00
         vertex 4.592013e+00 1.036930e+01 6.434882e+00
         vertex 4.592013e+00 1.037500e+01 6.500000e+00
      endloop
   endfacet
   facet normal 0.000000e+00 -9.961946e-01 -8.715636e-02
      outer loop
         vertex 3.092013e+00 1.037500e+01 6.500000e+00
         vertex 4.592013e+00 1.037500e+01 6.500000e+00
         vertex 3.092013e+00 1.036930e+01 6.565118e+00
      endloop
   endfacet
   facet normal 0.000000e+00 -9.961946e-01 -8.715636e-02
      outer loop
         vertex 3.092013e+00 1.036930e+01 6.565118e+00
         vertex 4.592013e+00 1.037500e+01 6.500000e+00
         vertex 4.592013e+00 1.036930e+01 6.565118e+00
      endloop
   endfacet
   facet normal 0.000000e+00 -9.659258e-01 -2.588190e-01
      outer loop
         vertex 3.092013e+00 1.036930e+01 6.565118e+00
         vertex 4.592013e+00 1.036930e+01 6.565118e+00
         vertex 3.092013e+00 1.035238e+01 6.628258e+00
      endloop
   endfacet
   facet normal 0.000000e+00 -9.659258e-01 -2.588190e-01
      outer loop
         vertex 3.092013e+00 1.035238e+01 6.628258e+00
         vertex 4.592013e+00 1.036930e+01 6.565118e+00
         vertex 4.592013e+00 1.035238e+01 6.628258e+00
      endloop
   endfacet
   facet normal 0.000000e+00 -9.063083e-01 -4.226172e-01
      outer loop
         vertex 3.092013e+00 1.035238e+01 6.628258e+00
         vertex 4.592013e+00 1.035238e+01 6.628258e+00
         vertex 3.092013e+00 1.032476e+01 6.687500e+00
      endloop
   endfacet
   facet normal 0.000000e+00 -9.063083e-01 -4.226172e-01
      outer loop
         vertex 3.092013e+00 1.032476e+01 6.687500e+00
         vertex 4.592013e+00 1.035238e+01 6.628258e+00
         vertex 4.592013e+00 1.032476e+01 6.687500e+00
      endloop
   endfacet
   facet normal 0.000000e+00 -8.191514e-01 -5.735773e-01
      outer loop
         vertex 3.092013e+00 1.032476e+01 6.687500e+00
         vertex 4.592013e+00 1.032476e+01 6.687500e+00
         vertex 3.092013e+00 1.028727e+01 6.741045e+00
      endloop
   endfacet
   facet normal 0.000000e+00 -8.191514e-01 -5.735773e-01
      outer loop
         vertex 3.092013e+00 1.028727e+01 6.741045e+00
         vertex 4.592013e+00 1.032476e+01 6.687500e+00
         vertex 4.592013e+00 1.028727e+01 6.741045e+00
      endloop
   endfacet
   facet normal 0.000000e+00 -7.071067e-01 -7.071069e-01
      outer loop
         vertex 3.092013e+00 1.028727e+01 6.741045e+00
         vertex 4.592013e+00 1.028727e+01 6.741045e+00
         vertex 3.092013e+00 1.024105e+01 6.787267e+00
      endloop
   endfacet
   facet normal 0.000000e+00 -7.071067e-01 -7.071069e-01
      outer loop
         vertex 3.092013e+00 1.024105e+01 6.787267e+00
         vertex 4.592013e+00 1.028727e+01 6.741045e+00
         vertex 4.592013e+00 1.024105e+01 6.787267e+00
      endloop
   endfacet
   facet normal 0.000000e+00 -5.735774e-01 -8.191514e-01
      outer loop
         vertex 3.092013e+00 1.024105e+01 6.787267e+00
         vertex 4.592013e+00 1.024105e+01 6.787267e+00
         vertex 3.092013e+00 1.018750e+01 6.824760e+00
      endloop
   endfacet
   facet normal 0.000000e+00 -5.735774e-01 -8.191514e-01
      outer loop
         vertex 3.092013e+00 1.018750e+01 6.824760e+00
         vertex 4.592013e+00 1.024105e+01 6.787267e+00
         vertex 4.592013e+00 1.018750e+01 6.824760e+00
      endloop
   endfacet
   facet normal 0.000000e+00 -4.226188e-01 -9.063075e-01
      outer loop
         vertex 3.092013e+00 1.018750e+01 6.824760e+00
         vertex 4.592013e+00 1.018750e+01 6.824760e+00
         vertex 3.092013e+00 1.012826e+01 6.852385e+00
      endloop
   endfacet
   facet normal 0.000000e+00 -4.226188e-01 -9.063075e-01
      outer loop
         vertex 3.092013e+00 1.012826e+01 6.852385e+00
         vertex 4.592013e+00 1.018750e+01 6.824760e+00
         vertex 4.592013e+00 1.012826e+01 6.852385e+00
      endloop
   endfacet
   facet normal 0.000000e+00 -2.588191e-01 -9.659258e-01
      outer loop
         vertex 3.092013e+00 1.012826e+01 6.852385e+00
         vertex 4.592013e+00 1.012826e+01 6.852385e+00
         vertex 3.092013e+00 1.006512e+01 6.869303e+00
      endloop
   endfacet
   facet normal 0.000000e+00 -2.588191e-01 -9.659258e-01
      outer loop
         vertex 3.092013e+00 1.006512e+01 6.869303e+00
         vertex 4.592013e+00 1.012826e+01 6.852385e+00
         vertex 4.592013e+00 1.006512e+01 6.869303e+00
      endloop
   endfacet
   facet normal 0.000000e+00 -8.715590e-02 -9.961947e-01
      outer loop
         vertex 3.092013e+00 1.006512e+01 6.869303e+00
         vertex 4.592013e+00 1.006512e+01 6.869303e+00
         vertex 3.092013e+00 1.000000e+01 6.875000e+00
      endloop
   endfacet
   facet normal 0.000000e+00 -8.715590e-02 -9.961947e-01
      outer loop
         vertex 3.092013e+00 1.000000e+01 6.875000e+00
         vertex 4.592013e+00 1.006512e+01 6.869303e+00
         vertex 4.592013e+00 1.000000e+01 6.875000e+00
      endloop
   endfacet
   facet normal 0.000000e+00 8.715590e-02 -9.961947e-01
      outer loop
         vertex 3.092013e+00 1.000000e+01 6.875000e+00
         vertex 4.592013e+00 1.000000e+01 6.875000e+00
         vertex 3.092013e+00 9.934882e+00 6.869303e+00
      endloop
   endfacet
   facet normal 0.000000e+00 8.715590e-02 -9.961947e-01
      outer loop
         vertex 3.092013e+00 9.934882e+00 6.869303e+00
         vertex 4.592013e+00 1.000000e+01 6.875000e+00
         vertex 4.592013e+00 9.934882e+00 6.869303e+00
      endloop
   endfacet
   facet normal 0.000000e+00 2.588191e-01 -9.659258e-01
      outer loop
         vertex 3.092013e+00 9.934882e+00 6.869303e+00
         vertex 4.592013e+00 9.934882e+00 6.869303e+00
         vertex 3.092013e+00 9.871743e+00 6.852385e+00
      endloop
   endfacet
   facet normal 0.000000e+00 2.588191e-01 -9.659258e-01
      outer loop
         vertex 3.092013e+00 9.871743e+00 6.852385e+00
         vertex 4.592013e+00 9.934882e+00 6.869303e+00
         vertex 4.592013e+00 9.871743e+00 6.852385e+00
      endloop
   endfacet
   facet normal 0.000000e+00 4.226175e-01 -9.063082e-01
      outer loop
         vertex 3.092013e+00 9.871743e+00 6.852385e+00
         vertex 4.592013e+00 9.871743e+00 6.852385e+00
         vertex 3.092013e+00 9.812500e+00 6.824760e+00
      endloop
   endfacet
   facet normal 0.000000e+00 4.226175e-01 -9.063082e-01
      outer loop
         vertex 3.092013e+00 9.812500e+00 6.824760e+00
         vertex 4.592013e+00 9.871743e+00 6.852385e+00
         vertex 4.592013e+00 9.812500e+00 6.824760e+00
      endloop
   endfacet
   facet normal 0.000000e+00 5.735774e-01 -8.191514e-01
      outer loop
         vertex 3.092013e+00 9.812500e+00 6.824760e+00
         vertex 4.592013e+00 9.812500e+00 6.824760e+00
         vertex 3.092013e+00 9.758955e+00 6.787267e+00
      endloop
   endfacet
   facet normal 0.000000e+00 5.735774e-01 -8.191514e-01
      outer loop
         vertex 3.092013e+00 9.758955e+00 6.787267e+00
         vertex 4.592013e+00 9.812500e+00 6.824760e+00
         vertex 4.592013e+00 9.758955e+00 6.787267e+00
      endloop
   endfacet
   facet normal 0.000000e+00 7.071067e-01 -7.071069e-01
      outer loop
         vertex 3.092013e+00 9.758955e+00 6.787267e+00
         vertex 4.592013e+00 9.758955e+00 6.787267e+00
         vertex 3.092013e+00 9.712734e+00 6.741045e+00
      endloop
   endfacet
   facet normal 0.000000e+00 7.071067e-01 -7.071069e-01
      outer loop
         vertex 3.092013e+00 9.712734e+00 6.741045e+00
         vertex 4.592013e+00 9.758955e+00 6.787267e+00
         vertex 4.592013e+00 9.712734e+00 6.741045e+00
      endloop
   endfacet
   facet normal 0.000000e+00 8.191514e-01 -5.735773e-01
      outer loop
         vertex 3.092013e+00 9.712734e+00 6.741045e+00
         vertex 4.592013e+00 9.712734e+00 6.741045e+00
         vertex 3.092013e+00 9.675241e+00 6.687500e+00
      endloop
   endfacet
   facet normal 0.000000e+00 8.191514e-01 -5.735773e-01
      outer loop
         vertex 3.092013e+00 9.675241e+00 6.687500e+00
         vertex 4.592013e+00 9.712734e+00 6.741045e+00
         vertex 4.592013e+00 9.675241e+00 6.687500e+00
      endloop
   endfacet
   facet normal 0.000000e+00 9.063083e-01 -4.226172e-01
      outer loop
         vertex 3.092013e+00 9.675241e+00 6.687500e+00
         vertex 4.592013e+00 9.675241e+00 6.687500e+00
         vertex 3.092013e+00 9.647615e+00 6.628258e+00
      endloop
   endfacet
   facet normal 0.000000e+00 9.063083e-01 -4.226172e-01
      outer loop
         vertex 3.092013e+00 9.647615e+00 6.628258e+00
         vertex 4.592013e+00 9.675241e+00 6.687500e+00
         vertex 4.592013e+00 9.647615e+00 6.628258e+00
      endloop
   endfacet
   facet normal 0.000000e+00 9.659258e-01 -2.588190e-01
      outer loop
         vertex 3.092013e+00 9.647615e+00 6.628258e+00
         vertex 4.592013e+00 9.647615e+00 6.628258e+00
         vertex 3.092013e+00 9.630697e+00 6.565118e+00
      endloop
   endfacet
   facet normal 0.000000e+00 9.659258e-01 -2.588190e-01
      outer loop
         vertex 3.092013e+00 9.630697e+00 6.565118e+00
         vertex 4.592013e+00 9.647615e+00 6.628258e+00
         vertex 4.592013e+00 9.630697e+00 6.565118e+00
      endloop
   endfacet
   facet normal 0.000000e+00 9.961946e-01 -8.715636e-02
      outer loop
         vertex 3.092013e+00 9.630697e+00 6.565118e+00
         vertex 4.592013e+00 9.630697e+00 6.565118e+00
         vertex 3.092013e+00 9.625000e+00 6.500000e+00
      endloop
   endfacet
   facet normal 0.000000e+00 9.961946e-01 -8.715636e-02
      outer loop
         vertex 3.092013e+00 9.625000e+00 6.500000e+00
         vertex 4.592013e+00 9.630697e+00 6.565118e+00
         vertex 4.592013e+00 9.625000e+00 6.500000e+00
      endloop
   endfacet
   facet normal -0.000000e+00 9.961946e-01 8.715636e-02
      outer loop
         vertex 3.092013e+00 9.625000e+00 6.500000e+00
         vertex 4.592013e+00 9.625000e+00 6.500000e+00
         vertex 3.092013e+00 9.630697e+00 6.434882e+00
      endloop
   endfacet
   facet normal -0.000000e+00 9.961946e-01 8.715636e-02
      outer loop
         vertex 3.092013e+00 9.630697e+00 6.434882e+00
         vertex 4.592013e+00 9.625000e+00 6.500000e+00
         vertex 4.592013e+00 9.630697e+00 6.434882e+00
      endloop
   endfacet
   facet normal -0.000000e+00 9.659258e-01 2.588190e-01
      outer loop
         vertex 3.092013e+00 9.630697e+00 6.434882e+00
         vertex 4.592013e+00 9.630697e+00 6.434882e+00
         vertex 3.092013e+00 9.647615e+00 6.371743e+00
      endloop
   endfacet
   facet normal -0.000000e+00 9.659258e-01 2.588190e-01
      outer loop
         vertex 3.092013e+00 9.647615e+00 6.371743e+00
         vertex 4.592013e+00 9.630697e+00 6.434882e+00
         vertex 4.592013e+00 9.647615e+00 6.371743e+00
      endloop
   endfacet
   facet normal -0.000000e+00 9.063083e-01 4.226172e-01
      outer loop
         vertex 3.092013e+00 9.647615e+00 6.371743e+00
         vertex 4.592013e+00 9.647615e+00 6.371743e+00
         vertex 3.092013e+00 9.675241e+00 6.312500e+00
      endloop
   endfacet
   facet normal -0.000000e+00 9.063083e-01 4.226172e-01
      outer loop
         vertex 3.092013e+00 9.675241e+00 6.312500e+00
         vertex 4.592013e+00 9.647615e+00 6.371743e+00
         vertex 4.592013e+00 9.675241e+00 6.312500e+00
      endloop
   endfacet
   facet normal -0.000000e+00 8.191514e-01 5.735773e-01
      outer loop
         vertex 3.092013e+00 9.675241e+00 6.312500e+00
         vertex 4.592013e+00 9.675241e+00 6.312500e+00
         vertex 3.092013e+00 9.712734e+00 6.258955e+00
      endloop
   endfacet
   facet normal -0.000000e+00 8.191514e-01 5.735773e-01
      outer loop
         vertex 3.092013e+00 9.712734e+00 6.258955e+00
         vertex 4.592013e+00 9.675241e+00 6.312500e+00
         vertex 4.592013e+00 9.712734e+00 6.258955e+00
      endloop
   endfacet
   facet normal -0.000000e+00 7.071067e-01 7.071069e-01
      outer loop
         vertex 3.092013e+00 9.712734e+00 6.258955e+00
         vertex 4.592013e+00 9.712734e+00 6.258955e+00
         vertex 3.092013e+00 9.758955e+00 6.212733e+00
      endloop
   endfacet
   facet normal -0.000000e+00 7.071067e-01 7.071069e-01
      outer loop
         vertex 3.092013e+00 9.758955e+00 6.212733e+00
         vertex 4.592013e+00 9.712734e+00 6.258955e+00
         vertex 4.592013e+00 9.758955e+00 6.212733e+00
      endloop
   endfacet
   facet normal -0.000000e+00 5.735774e-01 8.191514e-01
      outer loop
         vertex 3.092013e+00 9.758955e+00 6.212733e+00
         vertex 4.592013e+00 9.758955e+00 6.212733e+00
         vertex 3.092013e+00 9.812500e+00 6.175241e+00
      endloop
   endfacet
   facet normal -0.000000e+00 5.735774e-01 8.191514e-01
      outer loop
         vertex 3.092013e+00 9.812500e+00 6.175241e+00
         vertex 4.592013e+00 9.758955e+00 6.212733e+00
         vertex 4.592013e+00 9.812500e+00 6.175241e+00
      endloop
   endfacet
   facet normal -0.000000e+00 4.226175e-01 9.063082e-01
      outer loop
         vertex 3.092013e+00 9.812500e+00 6.175241e+00
         vertex 4.592013e+00 9.812500e+00 6.175241e+00
         vertex 3.092013e+00 9.871743e+00 6.147615e+00
      endloop
   endfacet
   facet normal -0.000000e+00 4.226175e-01 9.063082e-01
      outer loop
         vertex 3.092013e+00 9.871743e+00 6.147615e+00
         vertex 4.592013e+00 9.812500e+00 6.175241e+00
         vertex 4.592013e+00 9.871743e+00 6.147615e+00
      endloop
   endfacet
   facet normal -0.000000e+00 2.588191e-01 9.659258e-01
      outer loop
         vertex 3.092013e+00 9.871743e+00 6.147615e+00
         vertex 4.592013e+00 9.871743e+00 6.147615e+00
         vertex 3.092013e+00 9.934882e+00 6.130697e+00
      endloop
   endfacet
   facet normal -0.000000e+00 2.588191e-01 9.659258e-01
      outer loop
         vertex 3.092013e+00 9.934882e+00 6.130697e+00
         vertex 4.592013e+00 9.871743e+00 6.147615e+00
         vertex 4.592013e+00 9.934882e+00 6.130697e+00
      endloop
   endfacet
   facet normal -0.000000e+00 8.715590e-02 9.961947e-01
      outer loop
         vertex 3.092013e+00 9.934882e+00 6.130697e+00
         vertex 4.592013e+00 9.934882e+00 6.130697e+00
         vertex 3.092013e+00 1.000000e+01 6.125000e+00
      endloop
   endfacet
   facet normal -0.000000e+00 8.715590e-02 9.961947e-01
      outer loop
         vertex 3.092013e+00 1.000000e+01 6.125000e+00
         vertex 4.592013e+00 9.934882e+00 6.130697e+00
         vertex 4.592013e+00 1.000000e+01 6.125000e+00
      endloop
   endfacet
   facet normal 0.000000e+00 -8.715590e-02 9.961947e-01
      outer loop
         vertex 3.092013e+00 1.150000e+01 6.125000e+00
         vertex 4.592013e+00 1.150000e+01 6.125000e+00
         vertex 3.092013e+00 1.156512e+01 6.130697e+00
      endloop
   endfacet
   facet normal 0.000000e+00 -8.715590e-02 9.961947e-01
      outer loop
         vertex 3.092013e+00 1.156512e+01 6.130697e+00
         vertex 4.592013e+00 1.150000e+01 6.125000e+00
         vertex 4.592013e+00 1.156512e+01 6.130697e+00
      endloop
   endfacet
   facet normal 0.000000e+00 -2.588191e-01 9.659258e-01
      outer loop
         vertex 3.092013e+00 1.156512e+01 6.130697e+00
         vertex 4.592013e+00 1.156512e+01 6.130697e+00
         vertex 3.092013e+00 1.162826e+01 6.147615e+00
      endloop
   endfacet
   facet normal 0.000000e+00 -2.588191e-01 9.659258e-01
      outer loop
         vertex 3.092013e+00 1.162826e+01 6.147615e+00
         vertex 4.592013e+00 1.156512e+01 6.130697e+00
         vertex 4.592013e+00 1.162826e+01 6.147615e+00
      endloop
   endfacet
   facet normal 0.000000e+00 -4.226188e-01 9.063075e-01
      outer loop
         vertex 3.092013e+00 1.162826e+01 6.147615e+00
         vertex 4.592013e+00 1.162826e+01 6.147615e+00
         vertex 3.092013e+00 1.168750e+01 6.175241e+00
      endloop
   endfacet
   facet normal 0.000000e+00 -4.226188e-01 9.063075e-01
      outer loop
         vertex 3.092013e+00 1.168750e+01 6.175241e+00
         vertex 4.592013e+00 1.162826e+01 6.147615e+00
         vertex 4.592013e+00 1.168750e+01 6.175241e+00
      endloop
   endfacet
   facet normal 0.000000e+00 -5.735757e-01 8.191526e-01
      outer loop
         vertex 3.092013e+00 1.168750e+01 6.175241e+00
         vertex 4.592013e+00 1.168750e+01 6.175241e+00
         vertex 3.092013e+00 1.174105e+01 6.212733e+00
      endloop
   endfacet
   facet normal 0.000000e+00 -5.735757e-01 8.191526e-01
      outer loop
         vertex 3.092013e+00 1.174105e+01 6.212733e+00
         vertex 4.592013e+00 1.168750e+01 6.175241e+00
         vertex 4.592013e+00 1.174105e+01 6.212733e+00
      endloop
   endfacet
   facet normal 0.000000e+00 -7.071049e-01 7.071087e-01
      outer loop
         vertex 3.092013e+00 1.174105e+01 6.212733e+00
         vertex 4.592013e+00 1.174105e+01 6.212733e+00
         vertex 3.092013e+00 1.178727e+01 6.258955e+00
      endloop
   endfacet
   facet normal 0.000000e+00 -7.071049e-01 7.071087e-01
      outer loop
         vertex 3.092013e+00 1.178727e+01 6.258955e+00
         vertex 4.592013e+00 1.174105e+01 6.212733e+00
         vertex 4.592013e+00 1.178727e+01 6.258955e+00
      endloop
   endfacet
   facet normal 0.000000e+00 -8.191531e-01 5.735749e-01
      outer loop
         vertex 3.092013e+00 1.178727e+01 6.258955e+00
         vertex 4.592013e+00 1.178727e+01 6.258955e+00
         vertex 3.092013e+00 1.182476e+01 6.312500e+00
      endloop
   endfacet
   facet normal 0.000000e+00 -8.191531e-01 5.735749e-01
      outer loop
         vertex 3.092013e+00 1.182476e+01 6.312500e+00
         vertex 4.592013e+00 1.178727e+01 6.258955e+00
         vertex 4.592013e+00 1.182476e+01 6.312500e+00
      endloop
   endfacet
   facet normal 0.000000e+00 -9.063069e-01 4.226201e-01
      outer loop
         vertex 3.092013e+00 1.182476e+01 6.312500e+00
         vertex 4.592013e+00 1.182476e+01 6.312500e+00
         vertex 3.092013e+00 1.185239e+01 6.371743e+00
      endloop
   endfacet
   facet normal 0.000000e+00 -9.063069e-01 4.226201e-01
      outer loop
         vertex 3.092013e+00 1.185239e+01 6.371743e+00
         vertex 4.592013e+00 1.182476e+01 6.312500e+00
         vertex 4.592013e+00 1.185239e+01 6.371743e+00
      endloop
   endfacet
   facet normal 0.000000e+00 -9.659267e-01 2.588157e-01
      outer loop
         vertex 3.092013e+00 1.185239e+01 6.371743e+00
         vertex 4.592013e+00 1.185239e+01 6.371743e+00
         vertex 3.092013e+00 1.186930e+01 6.434882e+00
      endloop
   endfacet
   facet normal 0.000000e+00 -9.659267e-01 2.588157e-01
      outer loop
         vertex 3.092013e+00 1.186930e+01 6.434882e+00
         vertex 4.592013e+00 1.185239e+01 6.371743e+00
         vertex 4.592013e+00 1.186930e+01 6.434882e+00
      endloop
   endfacet
   facet normal 0.000000e+00 -9.961943e-01 8.715989e-02
      outer loop
         vertex 3.092013e+00 1.186930e+01 6.434882e+00
         vertex 4.592013e+00 1.186930e+01 6.434882e+00
         vertex 3.092013e+00 1.187500e+01 6.500000e+00
      endloop
   endfacet
   facet normal 0.000000e+00 -9.961943e-01 8.715989e-02
      outer loop
         vertex 3.092013e+00 1.187500e+01 6.500000e+00
         vertex 4.592013e+00 1.186930e+01 6.434882e+00
         vertex 4.592013e+00 1.187500e+01 6.500000e+00
      endloop
   endfacet
   facet normal 0.000000e+00 -9.961943e-01 -8.715989e-02
      outer loop
         vertex 3.092013e+00 1.187500e+01 6.500000e+00
         vertex 4.592013e+00 1.187500e+01 6.500000e+00
         vertex 3.092013e+00 1.186930e+01 6.565118e+00
      endloop
   endfacet
   facet normal 0.000000e+00 -9.961943e-01 -8.715989e-02
      outer loop
         vertex 3.092013e+00 1.186930e+01 6.565118e+00
         vertex 4.592013e+00 1.187500e+01 6.500000e+00
         vertex 4.592013e+00 1.186930e+01 6.565118e+00
      endloop
   endfacet
   facet normal 0.000000e+00 -9.659267e-01 -2.588157e-01
      outer loop
         vertex 3.092013e+00 1.186930e+01 6.565118e+00
         vertex 4.592013e+00 1.186930e+01 6.565118e+00
         vertex 3.092013e+00 1.185239e+01 6.628258e+00
      endloop
   endfacet
   facet normal 0.000000e+00 -9.659267e-01 -2.588157e-01
      outer loop
         vertex 3.092013e+00 1.185239e+01 6.628258e+00
         vertex 4.592013e+00 1.186930e+01 6.565118e+00
         vertex 4.592013e+00 1.185239e+01 6.628258e+00
      endloop
   endfacet
   facet normal 0.000000e+00 -9.063069e-01 -4.226201e-01
      outer loop
         vertex 3.092013e+00 1.185239e+01 6.628258e+00
         vertex 4.592013e+00 1.185239e+01 6.628258e+00
         vertex 3.092013e+00 1.182476e+01 6.687500e+00
      endloop
   endfacet
   facet normal 0.000000e+00 -9.063069e-01 -4.226201e-01
      outer loop
         vertex 3.092013e+00 1.182476e+01 6.687500e+00
         vertex 4.592013e+00 1.185239e+01 6.628258e+00
         vertex 4.592013e+00 1.182476e+01 6.687500e+00
      endloop
   endfacet
   facet normal 0.000000e+00 -8.191531e-01 -5.735749e-01
      outer loop
         vertex 3.092013e+00 1.182476e+01 6.687500e+00
         vertex 4.592013e+00 1.182476e+01 6.687500e+00
         vertex 3.092013e+00 1.178727e+01 6.741045e+00
      endloop
   endfacet
   facet normal 0.000000e+00 -8.191531e-01 -5.735749e-01
      outer loop
         vertex 3.092013e+00 1.178727e+01 6.741045e+00
         vertex 4.592013e+00 1.182476e+01 6.687500e+00
         vertex 4.592013e+00 1.178727e+01 6.741045e+00
      endloop
   endfacet
   facet normal 0.000000e+00 -7.071049e-01 -7.071087e-01
      outer loop
         vertex 3.092013e+00 1.178727e+01 6.741045e+00
         vertex 4.592013e+00 1.178727e+01 6.741045e+00
         vertex 3.092013e+00 1.174105e+01 6.787267e+00
      endloop
   endfacet
   facet normal 0.000000e+00 -7.071049e-01 -7.071087e-01
      outer loop
         vertex 3.092013e+00 1.174105e+01 6.787267e+00
         vertex 4.592013e+00 1.178727e+01 6.741045e+00
         vertex 4.592013e+00 1.174105e+01 6.787267e+00
      endloop
   endfacet
   facet normal 0.000000e+00 -5.735757e-01 -8.191526e-01
      outer loop
         vertex 3.092013e+00 1.174105e+01 6.787267e+00
         vertex 4.592013e+00 1.174105e+01 6.787267e+00
         vertex 3.092013e+00 1.168750e+01 6.824760e+00
      endloop
   endfacet
   facet normal 0.000000e+00 -5.735757e-01 -8.191526e-01
      outer loop
         vertex 3.092013e+00 1.168750e+01 6.824760e+00
         vertex 4.592013e+00 1.174105e+01 6.787267e+00
         vertex 4.592013e+00 1.168750e+01 6.824760e+00
      endloop
   endfacet
   facet normal 0.000000e+00 -4.226188e-01 -9.063075e-01
      outer loop
         vertex 3.092013e+00 1.168750e+01 6.824760e+00
         vertex 4.592013e+00 1.168750e+01 6.824760e+00
         vertex 3.092013e+00 1.162826e+01 6.852385e+00
      endloop
   endfacet
   facet normal 0.000000e+00 -4.226188e-01 -9.063075e-01
      outer loop
         vertex 3.092013e+00 1.162826e+01 6.852385e+00
         vertex 4.592013e+00 1.168750e+01 6.824760e+00
         vertex 4.592013e+00 1.162826e+01 6.852385e+00
      endloop
   endfacet
   facet normal 0.000000e+00 -2.588191e-01 -9.659258e-01
      outer loop
         vertex 3.092013e+00 1.162826e+01 6.852385e+00
         vertex 4.592013e+00 1.162826e+01 6.852385e+00
         vertex 3.092013e+00 1.156512e+01 6.869303e+00
      endloop
   endfacet
   facet normal 0.000000e+00 -2.588191e-01 -9.659258e-01
      outer loop
         vertex 3.092013e+00 1.156512e+01 6.869303e+00
         vertex 4.592013e+00 1.162826e+01 6.852385e+00
         vertex 4.592013e+00 1.156512e+01 6.869303e+00
      endloop
   endfacet
   facet normal 0.000000e+00 -8.715590e-02 -9.961947e-01
      outer loop
         vertex 3.092013e+00 1.156512e+01 6.869303e+00
         vertex 4.592013e+00 1.156512e+01 6.869303e+00
         vertex 3.092013e+00 1.150000e+01 6.875000e+00
      endloop
   endfacet
   facet normal 0.000000e+00 -8.715590e-02 -9.961947e-01
      outer loop
         vertex 3.092013e+00 1.150000e+01 6.875000e+00
         vertex 4.592013e+00 1.156512e+01 6.869303e+00
         vertex 4.592013e+00 1.150000e+01 6.875000e+00
      endloop
   endfacet
   facet normal 0.000000e+00 8.715590e-02 -9.961947e-01
      outer loop
         vertex 3.092013e+00 1.150000e+01 6.875000e+00
         vertex 4.592013e+00 1.150000e+01 6.875000e+00
         vertex 3.092013e+00 1.143488e+01 6.869303e+00
      endloop
   endfacet
   facet normal 0.000000e+00 8.715590e-02 -9.961947e-01
      outer loop
         vertex 3.092013e+00 1.143488e+01 6.869303e+00
         vertex 4.592013e+00 1.150000e+01 6.875000e+00
         vertex 4.592013e+00 1.143488e+01 6.869303e+00
      endloop
   endfacet
   facet normal 0.000000e+00 2.588191e-01 -9.659258e-01
      outer loop
         vertex 3.092013e+00 1.143488e+01 6.869303e+00
         vertex 4.592013e+00 1.143488e+01 6.869303e+00
         vertex 3.092013e+00 1.137174e+01 6.852385e+00
      endloop
   endfacet
   facet normal 0.000000e+00 2.588191e-01 -9.659258e-01
      outer loop
         vertex 3.092013e+00 1.137174e+01 6.852385e+00
         vertex 4.592013e+00 1.143488e+01 6.869303e+00
         vertex 4.592013e+00 1.137174e+01 6.852385e+00
      endloop
   endfacet
   facet normal 0.000000e+00 4.226188e-01 -9.063075e-01
      outer loop
         vertex 3.092013e+00 1.137174e+01 6.852385e+00
         vertex 4.592013e+00 1.137174e+01 6.852385e+00
         vertex 3.092013e+00 1.131250e+01 6.824760e+00
      endloop
   endfacet
   facet normal 0.000000e+00 4.226188e-01 -9.063075e-01
      outer loop
         vertex 3.092013e+00 1.131250e+01 6.824760e+00
         vertex 4.592013e+00 1.137174e+01 6.852385e+00
         vertex 4.592013e+00 1.131250e+01 6.824760e+00
      endloop
   endfacet
   facet normal 0.000000e+00 5.735757e-01 -8.191526e-01
      outer loop
         vertex 3.092013e+00 1.131250e+01 6.824760e+00
         vertex 4.592013e+00 1.131250e+01 6.824760e+00
         vertex 3.092013e+00 1.125895e+01 6.787267e+00
      endloop
   endfacet
   facet normal 0.000000e+00 5.735757e-01 -8.191526e-01
      outer loop
         vertex 3.092013e+00 1.125895e+01 6.787267e+00
         vertex 4.592013e+00 1.131250e+01 6.824760e+00
         vertex 4.592013e+00 1.125895e+01 6.787267e+00
      endloop
   endfacet
   facet normal 0.000000e+00 7.071085e-01 -7.071051e-01
      outer loop
         vertex 3.092013e+00 1.125895e+01 6.787267e+00
         vertex 4.592013e+00 1.125895e+01 6.787267e+00
         vertex 3.092013e+00 1.121273e+01 6.741045e+00
      endloop
   endfacet
   facet normal 0.000000e+00 7.071085e-01 -7.071051e-01
      outer loop
         vertex 3.092013e+00 1.121273e+01 6.741045e+00
         vertex 4.592013e+00 1.125895e+01 6.787267e+00
         vertex 4.592013e+00 1.121273e+01 6.741045e+00
      endloop
   endfacet
   facet normal 0.000000e+00 8.191497e-01 -5.735797e-01
      outer loop
         vertex 3.092013e+00 1.121273e+01 6.741045e+00
         vertex 4.592013e+00 1.121273e+01 6.741045e+00
         vertex 3.092013e+00 1.117524e+01 6.687500e+00
      endloop
   endfacet
   facet normal 0.000000e+00 8.191497e-01 -5.735797e-01
      outer loop
         vertex 3.092013e+00 1.117524e+01 6.687500e+00
         vertex 4.592013e+00 1.121273e+01 6.741045e+00
         vertex 4.592013e+00 1.117524e+01 6.687500e+00
      endloop
   endfacet
   facet normal 0.000000e+00 9.063096e-01 -4.226143e-01
      outer loop
         vertex 3.092013e+00 1.117524e+01 6.687500e+00
         vertex 4.592013e+00 1.117524e+01 6.687500e+00
         vertex 3.092013e+00 1.114762e+01 6.628258e+00
      endloop
   endfacet
   facet normal 0.000000e+00 9.063096e-01 -4.226143e-01
      outer loop
         vertex 3.092013e+00 1.114762e+01 6.628258e+00
         vertex 4.592013e+00 1.117524e+01 6.687500e+00
         vertex 4.592013e+00 1.114762e+01 6.628258e+00
      endloop
   endfacet
   facet normal 0.000000e+00 9.659249e-01 -2.588223e-01
      outer loop
         vertex 3.092013e+00 1.114762e+01 6.628258e+00
         vertex 4.592013e+00 1.114762e+01 6.628258e+00
         vertex 3.092013e+00 1.113070e+01 6.565118e+00
      endloop
   endfacet
   facet normal 0.000000e+00 9.659249e-01 -2.588223e-01
      outer loop
         vertex 3.092013e+00 1.113070e+01 6.565118e+00
         vertex 4.592013e+00 1.114762e+01 6.628258e+00
         vertex 4.592013e+00 1.113070e+01 6.565118e+00
      endloop
   endfacet
   facet normal 0.000000e+00 9.961950e-01 -8.715282e-02
      outer loop
         vertex 3.092013e+00 1.113070e+01 6.565118e+00
         vertex 4.592013e+00 1.113070e+01 6.565118e+00
         vertex 3.092013e+00 1.112500e+01 6.500000e+00
      endloop
   endfacet
   facet normal 0.000000e+00 9.961950e-01 -8.715282e-02
      outer loop
         vertex 3.092013e+00 1.112500e+01 6.500000e+00
         vertex 4.592013e+00 1.113070e+01 6.565118e+00
         vertex 4.592013e+00 1.112500e+01 6.500000e+00
      endloop
   endfacet
   facet normal -0.000000e+00 9.961950e-01 8.715282e-02
      outer loop
         vertex 3.092013e+00 1.112500e+01 6.500000e+00
         vertex 4.592013e+00 1.112500e+01 6.500000e+00
         vertex 3.092013e+00 1.113070e+01 6.434882e+00
      endloop
   endfacet
   facet normal -0.000000e+00 9.961950e-01 8.715282e-02
      outer loop
         vertex 3.092013e+00 1.113070e+01 6.434882e+00
         vertex 4.592013e+00 1.112500e+01 6.500000e+00
         vertex 4.592013e+00 1.113070e+01 6.434882e+00
      endloop
   endfacet
   facet normal -0.000000e+00 9.659249e-01 2.588223e-01
      outer loop
         vertex 3.092013e+00 1.113070e+01 6.434882e+00
         vertex 4.592013e+00 1.113070e+01 6.434882e+00
         vertex 3.092013e+00 1.114762e+01 6.371743e+00
      endloop
   endfacet
   facet normal -0.000000e+00 9.659249e-01 2.588223e-01
      outer loop
         vertex 3.092013e+00 1.114762e+01 6.371743e+00
         vertex 4.592013e+00 1.113070e+01 6.434882e+00
         vertex 4.592013e+00 1.114762e+01 6.371743e+00
      endloop
   endfacet
   facet normal -0.000000e+00 9.063096e-01 4.226143e-01
      outer loop
         vertex 3.092013e+00 1.114762e+01 6.371743e+00
         vertex 4.592013e+00 1.114762e+01 6.371743e+00
         vertex 3.092013e+00 1.117524e+01 6.312500e+00
      endloop
   endfacet
   facet normal -0.000000e+00 9.063096e-01 4.226143e-01
      outer loop
         vertex 3.092013e+00 1.117524e+01 6.312500e+00
         vertex 4.592013e+00 1.114762e+01 6.371743e+00
         vertex 4.592013e+00 1.117524e+01 6.312500e+00
      endloop
   endfacet
   facet normal -0.000000e+00 8.191497e-01 5.735797e-01
      outer loop
         vertex 3.092013e+00 1.117524e+01 6.312500e+00
         vertex 4.592013e+00 1.117524e+01 6.312500e+00
         vertex 3.092013e+00 1.121273e+01 6.258955e+00
      endloop
   endfacet
   facet normal -0.000000e+00 8.191497e-01 5.735797e-01
      outer loop
         vertex 3.092013e+00 1.121273e+01 6.258955e+00
         vertex 4.592013e+00 1.117524e+01 6.312500e+00
         vertex 4.592013e+00 1.121273e+01 6.258955e+00
      endloop
   endfacet
   facet normal -0.000000e+00 7.071085e-01 7.071051e-01
      outer loop
         vertex 3.092013e+00 1.121273e+01 6.258955e+00
         vertex 4.592013e+00 1.121273e+01 6.258955e+00
         vertex 3.092013e+00 1.125895e+01 6.212733e+00
      endloop
   endfacet
   facet normal -0.000000e+00 7.071085e-01 7.071051e-01
      outer loop
         vertex 3.092013e+00 1.125895e+01 6.212733e+00
         vertex 4.592013e+00 1.121273e+01 6.258955e+00
         vertex 4.592013e+00 1.125895e+01 6.212733e+00
      endloop
   endfacet
   facet normal -0.000000e+00 5.735757e-01 8.191526e-01
      outer loop
         vertex 3.092013e+00 1.125895e+01 6.212733e+00
         vertex 4.592013e+00 1.125895e+01 6.212733e+00
         vertex 3.092013e+00 1.131250e+01 6.175241e+00
      endloop
   endfacet
   facet normal -0.000000e+00 5.735757e-01 8.191526e-01
      outer loop
         vertex 3.092013e+00 1.131250e+01 6.175241e+00
         vertex 4.592013e+00 1.125895e+01 6.212733e+00
         vertex 4.592013e+00 1.131250e+01 6.175241e+00
      endloop
   endfacet
   facet normal -0.000000e+00 4.226188e-01 9.063075e-01
      outer loop
         vertex 3.092013e+00 1.131250e+01 6.175241e+00
         vertex 4.592013e+00 1.131250e+01 6.175241e+00
         vertex 3.092013e+00 1.137174e+01 6.147615e+00
      endloop
   endfacet
   facet normal -0.000000e+00 4.226188e-01 9.063075e-01
      outer loop
         vertex 3.092013e+00 1.137174e+01 6.147615e+00
         vertex 4.592013e+00 1.131250e+01 6.175241e+00
         vertex 4.592013e+00 1.137174e+01 6.147615e+00
      endloop
   endfacet
   facet normal -0.000000e+00 2.588191e-01 9.659258e-01
      outer loop
         vertex 3.092013e+00 1.137174e+01 6.147615e+00
         vertex 4.592013e+00 1.137174e+01 6.147615e+00
         vertex 3.092013e+00 1.143488e+01 6.130697e+00
      endloop
   endfacet
   facet normal -0.000000e+00 2.588191e-01 9.659258e-01
      outer loop
         vertex 3.092013e+00 1.143488e+01 6.130697e+00
         vertex 4.592013e+00 1.137174e+01 6.147615e+00
         vertex 4.592013e+00 1.143488e+01 6.130697e+00
      endloop
   endfacet
   facet normal -0.000000e+00 8.715590e-02 9.961947e-01
      outer loop
         vertex 3.092013e+00 1.143488e+01 6.130697e+00
         vertex 4.592013e+00 1.143488e+01 6.130697e+00
         vertex 3.092013e+00 1.150000e+01 6.125000e+00
      endloop
   endfacet
   facet normal -0.000000e+00 8.715590e-02 9.961947e-01
      outer loop
         vertex 3.092013e+00 1.150000e+01 6.125000e+00
         vertex 4.592013e+00 1.143488e+01 6.130697e+00
         vertex 4.592013e+00 1.150000e+01 6.125000e+00
      endloop
   endfacet
   facet normal 6.246951e-01 7.808688e-01 2.418914e-16
      outer loop
         vertex 3.092013e+00 5.500000e+00 8.300000e+00
         vertex 1.842013e+00 6.500000e+00 8.300000e+00
         vertex 3.092013e+00 5.500000e+00 9.700000e+00
      endloop
   endfacet
   facet normal 6.246951e-01 7.808688e-01 0.000000e+00
      outer loop
         vertex 3.092013e+00 5.500000e+00 9.700000e+00
         vertex 1.842013e+00 6.500000e+00 8.300000e+00
         vertex 1.842013e+00 6.500000e+00 9.700000e+00
      endloop
   endfacet
   facet normal -3.987261e-01 -9.170700e-01 0.000000e+00
      outer loop
         vertex 6.012740e-01 5.582930e+00 8.300000e+00
         vertex 3.092013e+00 4.500000e+00 8.300000e+00
         vertex 6.012740e-01 5.582930e+00 9.700000e+00
      endloop
   endfacet
   facet normal -3.987261e-01 -9.170700e-01 0.000000e+00
      outer loop
         vertex 6.012740e-01 5.582930e+00 9.700000e+00
         vertex 3.092013e+00 4.500000e+00 8.300000e+00
         vertex 3.092013e+00 4.500000e+00 9.700000e+00
      endloop
   endfacet
   facet normal -3.987261e-01 9.170700e-01 0.000000e+00
      outer loop
         vertex 6.012740e-01 7.417070e+00 9.700000e+00
         vertex 3.092013e+00 8.500000e+00 9.700000e+00
         vertex 6.012740e-01 7.417070e+00 8.300000e+00
      endloop
   endfacet
   facet normal -3.987261e-01 9.170700e-01 0.000000e+00
      outer loop
         vertex 6.012740e-01 7.417070e+00 8.300000e+00
         vertex 3.092013e+00 8.500000e+00 9.700000e+00
         vertex 3.092013e+00 8.500000e+00 8.300000e+00
      endloop
   endfacet
   facet normal -9.961947e-01 -8.715547e-02 0.000000e+00
      outer loop
         vertex 1.542013e+00 6.500000e+00 8.300000e+00
         vertex 1.542013e+00 6.500000e+00 9.700000e+00
         vertex 1.533657e+00 6.595507e+00 8.300000e+00
      endloop
   endfacet
   facet normal -9.961947e-01 -8.715547e-02 0.000000e+00
      outer loop
         vertex 1.533657e+00 6.595507e+00 8.300000e+00
         vertex 1.542013e+00 6.500000e+00 9.700000e+00
         vertex 1.533657e+00 6.595507e+00 9.700000e+00
      endloop
   endfacet
   facet normal -9.659258e-01 -2.588192e-01 0.000000e+00
      outer loop
         vertex 1.533657e+00 6.595507e+00 8.300000e+00
         vertex 1.533657e+00 6.595507e+00 9.700000e+00
         vertex 1.508844e+00 6.688111e+00 8.300000e+00
      endloop
   endfacet
   facet normal -9.659258e-01 -2.588192e-01 0.000000e+00
      outer loop
         vertex 1.508844e+00 6.688111e+00 8.300000e+00
         vertex 1.533657e+00 6.595507e+00 9.700000e+00
         vertex 1.508844e+00 6.688111e+00 9.700000e+00
      endloop
   endfacet
   facet normal -9.063078e-01 -4.226182e-01 0.000000e+00
      outer loop
         vertex 1.508844e+00 6.688111e+00 8.300000e+00
         vertex 1.508844e+00 6.688111e+00 9.700000e+00
         vertex 1.468327e+00 6.775000e+00 8.300000e+00
      endloop
   endfacet
   facet normal -9.063078e-01 -4.226182e-01 0.000000e+00
      outer loop
         vertex 1.468327e+00 6.775000e+00 8.300000e+00
         vertex 1.508844e+00 6.688111e+00 9.700000e+00
         vertex 1.468327e+00 6.775000e+00 9.700000e+00
      endloop
   endfacet
   facet normal -8.191523e-01 -5.735760e-01 0.000000e+00
      outer loop
         vertex 1.468327e+00 6.775000e+00 8.300000e+00
         vertex 1.468327e+00 6.775000e+00 9.700000e+00
         vertex 1.413337e+00 6.853533e+00 8.300000e+00
      endloop
   endfacet
   facet normal -8.191523e-01 -5.735760e-01 0.000000e+00
      outer loop
         vertex 1.413337e+00 6.853533e+00 8.300000e+00
         vertex 1.468327e+00 6.775000e+00 9.700000e+00
         vertex 1.413337e+00 6.853533e+00 9.700000e+00
      endloop
   endfacet
   facet normal -7.071065e-01 -7.071071e-01 0.000000e+00
      outer loop
         vertex 1.413337e+00 6.853533e+00 8.300000e+00
         vertex 1.413337e+00 6.853533e+00 9.700000e+00
         vertex 1.345546e+00 6.921325e+00 8.300000e+00
      endloop
   endfacet
   facet normal -7.071065e-01 -7.071071e-01 0.000000e+00
      outer loop
         vertex 1.345546e+00 6.921325e+00 8.300000e+00
         vertex 1.413337e+00 6.853533e+00 9.700000e+00
         vertex 1.345546e+00 6.921325e+00 9.700000e+00
      endloop
   endfacet
   facet normal -5.735762e-01 -8.191522e-01 0.000000e+00
      outer loop
         vertex 1.345546e+00 6.921325e+00 8.300000e+00
         vertex 1.345546e+00 6.921325e+00 9.700000e+00
         vertex 1.267013e+00 6.976314e+00 8.300000e+00
      endloop
   endfacet
   facet normal -5.735762e-01 -8.191522e-01 0.000000e+00
      outer loop
         vertex 1.267013e+00 6.976314e+00 8.300000e+00
         vertex 1.345546e+00 6.921325e+00 9.700000e+00
         vertex 1.267013e+00 6.976314e+00 9.700000e+00
      endloop
   endfacet
   facet normal -4.226185e-01 -9.063077e-01 0.000000e+00
      outer loop
         vertex 1.267013e+00 6.976314e+00 8.300000e+00
         vertex 1.267013e+00 6.976314e+00 9.700000e+00
         vertex 1.180124e+00 7.016831e+00 8.300000e+00
      endloop
   endfacet
   facet normal -4.226185e-01 -9.063077e-01 0.000000e+00
      outer loop
         vertex 1.180124e+00 7.016831e+00 8.300000e+00
         vertex 1.267013e+00 6.976314e+00 9.700000e+00
         vertex 1.180124e+00 7.016831e+00 9.700000e+00
      endloop
   endfacet
   facet normal -2.588193e-01 -9.659257e-01 0.000000e+00
      outer loop
         vertex 1.180124e+00 7.016831e+00 8.300000e+00
         vertex 1.180124e+00 7.016831e+00 9.700000e+00
         vertex 1.087519e+00 7.041644e+00 8.300000e+00
      endloop
   endfacet
   facet normal -2.588193e-01 -9.659257e-01 0.000000e+00
      outer loop
         vertex 1.087519e+00 7.041644e+00 8.300000e+00
         vertex 1.180124e+00 7.016831e+00 9.700000e+00
         vertex 1.087519e+00 7.041644e+00 9.700000e+00
      endloop
   endfacet
   facet normal -8.715553e-02 -9.961947e-01 0.000000e+00
      outer loop
         vertex 1.087519e+00 7.041644e+00 8.300000e+00
         vertex 1.087519e+00 7.041644e+00 9.700000e+00
         vertex 9.920129e-01 7.050000e+00 8.300000e+00
      endloop
   endfacet
   facet normal -8.715553e-02 -9.961947e-01 0.000000e+00
      outer loop
         vertex 9.920129e-01 7.050000e+00 8.300000e+00
         vertex 1.087519e+00 7.041644e+00 9.700000e+00
         vertex 9.920129e-01 7.050000e+00 9.700000e+00
      endloop
   endfacet
   facet normal 8.715532e-02 -9.961947e-01 0.000000e+00
      outer loop
         vertex 9.920129e-01 7.050000e+00 8.300000e+00
         vertex 9.920129e-01 7.050000e+00 9.700000e+00
         vertex 8.965062e-01 7.041644e+00 8.300000e+00
      endloop
   endfacet
   facet normal 8.715532e-02 -9.961947e-01 0.000000e+00
      outer loop
         vertex 8.965062e-01 7.041644e+00 8.300000e+00
         vertex 9.920129e-01 7.050000e+00 9.700000e+00
         vertex 8.965062e-01 7.041644e+00 9.700000e+00
      endloop
   endfacet
   facet normal 2.588196e-01 -9.659257e-01 0.000000e+00
      outer loop
         vertex 8.965062e-01 7.041644e+00 8.300000e+00
         vertex 8.965062e-01 7.041644e+00 9.700000e+00
         vertex 8.039018e-01 7.016831e+00 8.300000e+00
      endloop
   endfacet
   facet normal 2.588196e-01 -9.659257e-01 0.000000e+00
      outer loop
         vertex 8.039018e-01 7.016831e+00 8.300000e+00
         vertex 8.965062e-01 7.041644e+00 9.700000e+00
         vertex 8.039018e-01 7.016831e+00 9.700000e+00
      endloop
   endfacet
   facet normal 4.226185e-01 -9.063077e-01 0.000000e+00
      outer loop
         vertex 8.039018e-01 7.016831e+00 8.300000e+00
         vertex 8.039018e-01 7.016831e+00 9.700000e+00
         vertex 7.170129e-01 6.976314e+00 8.300000e+00
      endloop
   endfacet
   facet normal 4.226185e-01 -9.063077e-01 0.000000e+00
      outer loop
         vertex 7.170129e-01 6.976314e+00 8.300000e+00
         vertex 8.039018e-01 7.016831e+00 9.700000e+00
         vertex 7.170129e-01 6.976314e+00 9.700000e+00
      endloop
   endfacet
   facet normal 5.735757e-01 -8.191526e-01 0.000000e+00
      outer loop
         vertex 7.170129e-01 6.976314e+00 8.300000e+00
         vertex 7.170129e-01 6.976314e+00 9.700000e+00
         vertex 6.384796e-01 6.921325e+00 8.300000e+00
      endloop
   endfacet
   facet normal 5.735757e-01 -8.191526e-01 0.000000e+00
      outer loop
         vertex 6.384796e-01 6.921325e+00 8.300000e+00
         vertex 7.170129e-01 6.976314e+00 9.700000e+00
         vertex 6.384796e-01 6.921325e+00 9.700000e+00
      endloop
   endfacet
   facet normal 7.071071e-01 -7.071065e-01 0.000000e+00
      outer loop
         vertex 6.384796e-01 6.921325e+00 8.300000e+00
         vertex 6.384796e-01 6.921325e+00 9.700000e+00
         vertex 5.706884e-01 6.853533e+00 8.300000e+00
      endloop
   endfacet
   facet normal 7.071071e-01 -7.071065e-01 0.000000e+00
      outer loop
         vertex 5.706884e-01 6.853533e+00 8.300000e+00
         vertex 6.384796e-01 6.921325e+00 9.700000e+00
         vertex 5.706884e-01 6.853533e+00 9.700000e+00
      endloop
   endfacet
   facet normal 8.191523e-01 -5.735760e-01 0.000000e+00
      outer loop
         vertex 5.706884e-01 6.853533e+00 8.300000e+00
         vertex 5.706884e-01 6.853533e+00 9.700000e+00
         vertex 5.156989e-01 6.775000e+00 8.300000e+00
      endloop
   endfacet
   facet normal 8.191523e-01 -5.735760e-01 0.000000e+00
      outer loop
         vertex 5.156989e-01 6.775000e+00 8.300000e+00
         vertex 5.706884e-01 6.853533e+00 9.700000e+00
         vertex 5.156989e-01 6.775000e+00 9.700000e+00
      endloop
   endfacet
   facet normal 9.063078e-01 -4.226182e-01 0.000000e+00
      outer loop
         vertex 5.156989e-01 6.775000e+00 8.300000e+00
         vertex 5.156989e-01 6.775000e+00 9.700000e+00
         vertex 4.751820e-01 6.688111e+00 8.300000e+00
      endloop
   endfacet
   facet normal 9.063078e-01 -4.226182e-01 0.000000e+00
      outer loop
         vertex 4.751820e-01 6.688111e+00 8.300000e+00
         vertex 5.156989e-01 6.775000e+00 9.700000e+00
         vertex 4.751820e-01 6.688111e+00 9.700000e+00
      endloop
   endfacet
   facet normal 9.659255e-01 -2.588204e-01 0.000000e+00
      outer loop
         vertex 4.751820e-01 6.688111e+00 8.300000e+00
         vertex 4.751820e-01 6.688111e+00 9.700000e+00
         vertex 4.503685e-01 6.595507e+00 8.300000e+00
      endloop
   endfacet
   facet normal 9.659255e-01 -2.588204e-01 0.000000e+00
      outer loop
         vertex 4.503685e-01 6.595507e+00 8.300000e+00
         vertex 4.751820e-01 6.688111e+00 9.700000e+00
         vertex 4.503685e-01 6.595507e+00 9.700000e+00
      endloop
   endfacet
   facet normal 9.961948e-01 -8.715427e-02 0.000000e+00
      outer loop
         vertex 4.503685e-01 6.595507e+00 8.300000e+00
         vertex 4.503685e-01 6.595507e+00 9.700000e+00
         vertex 4.420129e-01 6.500000e+00 8.300000e+00
      endloop
   endfacet
   facet normal 9.961948e-01 -8.715427e-02 0.000000e+00
      outer loop
         vertex 4.420129e-01 6.500000e+00 8.300000e+00
         vertex 4.503685e-01 6.595507e+00 9.700000e+00
         vertex 4.420129e-01 6.500000e+00 9.700000e+00
      endloop
   endfacet
   facet normal 9.961948e-01 8.715427e-02 -0.000000e+00
      outer loop
         vertex 4.420129e-01 6.500000e+00 8.300000e+00
         vertex 4.420129e-01 6.500000e+00 9.700000e+00
         vertex 4.503685e-01 6.404494e+00 8.300000e+00
      endloop
   endfacet
   facet normal 9.961948e-01 8.715427e-02 -0.000000e+00
      outer loop
         vertex 4.503685e-01 6.404494e+00 8.300000e+00
         vertex 4.420129e-01 6.500000e+00 9.700000e+00
         vertex 4.503685e-01 6.404494e+00 9.700000e+00
      endloop
   endfacet
   facet normal 9.659255e-01 2.588204e-01 -0.000000e+00
      outer loop
         vertex 4.503685e-01 6.404494e+00 8.300000e+00
         vertex 4.503685e-01 6.404494e+00 9.700000e+00
         vertex 4.751820e-01 6.311889e+00 8.300000e+00
      endloop
   endfacet
   facet normal 9.659255e-01 2.588204e-01 -0.000000e+00
      outer loop
         vertex 4.751820e-01 6.311889e+00 8.300000e+00
         vertex 4.503685e-01 6.404494e+00 9.700000e+00
         vertex 4.751820e-01 6.311889e+00 9.700000e+00
      endloop
   endfacet
   facet normal 9.063078e-01 4.226182e-01 -0.000000e+00
      outer loop
         vertex 4.751820e-01 6.311889e+00 8.300000e+00
         vertex 4.751820e-01 6.311889e+00 9.700000e+00
         vertex 5.156989e-01 6.225000e+00 8.300000e+00
      endloop
   endfacet
   facet normal 9.063078e-01 4.226182e-01 -0.000000e+00
      outer loop
         vertex 5.156989e-01 6.225000e+00 8.300000e+00
         vertex 4.751820e-01 6.311889e+00 9.700000e+00
         vertex 5.156989e-01 6.225000e+00 9.700000e+00
      endloop
   endfacet
   facet normal 8.191523e-01 5.735760e-01 -0.000000e+00
      outer loop
         vertex 5.156989e-01 6.225000e+00 8.300000e+00
         vertex 5.156989e-01 6.225000e+00 9.700000e+00
         vertex 5.706884e-01 6.146467e+00 8.300000e+00
      endloop
   endfacet
   facet normal 8.191523e-01 5.735760e-01 -0.000000e+00
      outer loop
         vertex 5.706884e-01 6.146467e+00 8.300000e+00
         vertex 5.156989e-01 6.225000e+00 9.700000e+00
         vertex 5.706884e-01 6.146467e+00 9.700000e+00
      endloop
   endfacet
   facet normal 7.071071e-01 7.071065e-01 -0.000000e+00
      outer loop
         vertex 5.706884e-01 6.146467e+00 8.300000e+00
         vertex 5.706884e-01 6.146467e+00 9.700000e+00
         vertex 6.384796e-01 6.078676e+00 8.300000e+00
      endloop
   endfacet
   facet normal 7.071071e-01 7.071065e-01 -0.000000e+00
      outer loop
         vertex 6.384796e-01 6.078676e+00 8.300000e+00
         vertex 5.706884e-01 6.146467e+00 9.700000e+00
         vertex 6.384796e-01 6.078676e+00 9.700000e+00
      endloop
   endfacet
   facet normal 5.735757e-01 8.191526e-01 -0.000000e+00
      outer loop
         vertex 6.384796e-01 6.078676e+00 8.300000e+00
         vertex 6.384796e-01 6.078676e+00 9.700000e+00
         vertex 7.170129e-01 6.023686e+00 8.300000e+00
      endloop
   endfacet
   facet normal 5.735757e-01 8.191526e-01 -0.000000e+00
      outer loop
         vertex 7.170129e-01 6.023686e+00 8.300000e+00
         vertex 6.384796e-01 6.078676e+00 9.700000e+00
         vertex 7.170129e-01 6.023686e+00 9.700000e+00
      endloop
   endfacet
   facet normal 4.226185e-01 9.063077e-01 -0.000000e+00
      outer loop
         vertex 7.170129e-01 6.023686e+00 8.300000e+00
         vertex 7.170129e-01 6.023686e+00 9.700000e+00
         vertex 8.039018e-01 5.983169e+00 8.300000e+00
      endloop
   endfacet
   facet normal 4.226185e-01 9.063077e-01 -0.000000e+00
      outer loop
         vertex 8.039018e-01 5.983169e+00 8.300000e+00
         vertex 7.170129e-01 6.023686e+00 9.700000e+00
         vertex 8.039018e-01 5.983169e+00 9.700000e+00
      endloop
   endfacet
   facet normal 2.588196e-01 9.659257e-01 -0.000000e+00
      outer loop
         vertex 8.039018e-01 5.983169e+00 8.300000e+00
         vertex 8.039018e-01 5.983169e+00 9.700000e+00
         vertex 8.965062e-01 5.958356e+00 8.300000e+00
      endloop
   endfacet
   facet normal 2.588196e-01 9.659257e-01 -0.000000e+00
      outer loop
         vertex 8.965062e-01 5.958356e+00 8.300000e+00
         vertex 8.039018e-01 5.983169e+00 9.700000e+00
         vertex 8.965062e-01 5.958356e+00 9.700000e+00
      endloop
   endfacet
   facet normal 8.715532e-02 9.961947e-01 -0.000000e+00
      outer loop
         vertex 8.965062e-01 5.958356e+00 8.300000e+00
         vertex 8.965062e-01 5.958356e+00 9.700000e+00
         vertex 9.920129e-01 5.950000e+00 8.300000e+00
      endloop
   endfacet
   facet normal 8.715532e-02 9.961947e-01 -0.000000e+00
      outer loop
         vertex 9.920129e-01 5.950000e+00 8.300000e+00
         vertex 8.965062e-01 5.958356e+00 9.700000e+00
         vertex 9.920129e-01 5.950000e+00 9.700000e+00
      endloop
   endfacet
   facet normal -8.715553e-02 9.961947e-01 0.000000e+00
      outer loop
         vertex 9.920129e-01 5.950000e+00 8.300000e+00
         vertex 9.920129e-01 5.950000e+00 9.700000e+00
         vertex 1.087519e+00 5.958356e+00 8.300000e+00
      endloop
   endfacet
   facet normal -8.715553e-02 9.961947e-01 0.000000e+00
      outer loop
         vertex 1.087519e+00 5.958356e+00 8.300000e+00
         vertex 9.920129e-01 5.950000e+00 9.700000e+00
         vertex 1.087519e+00 5.958356e+00 9.700000e+00
      endloop
   endfacet
   facet normal -2.588193e-01 9.659257e-01 0.000000e+00
      outer loop
         vertex 1.087519e+00 5.958356e+00 8.300000e+00
         vertex 1.087519e+00 5.958356e+00 9.700000e+00
         vertex 1.180124e+00 5.983169e+00 8.300000e+00
      endloop
   endfacet
   facet normal -2.588193e-01 9.659257e-01 0.000000e+00
      outer loop
         vertex 1.180124e+00 5.983169e+00 8.300000e+00
         vertex 1.087519e+00 5.958356e+00 9.700000e+00
         vertex 1.180124e+00 5.983169e+00 9.700000e+00
      endloop
   endfacet
   facet normal -4.226185e-01 9.063077e-01 0.000000e+00
      outer loop
         vertex 1.180124e+00 5.983169e+00 8.300000e+00
         vertex 1.180124e+00 5.983169e+00 9.700000e+00
         vertex 1.267013e+00 6.023686e+00 8.300000e+00
      endloop
   endfacet
   facet normal -4.226185e-01 9.063077e-01 0.000000e+00
      outer loop
         vertex 1.267013e+00 6.023686e+00 8.300000e+00
         vertex 1.180124e+00 5.983169e+00 9.700000e+00
         vertex 1.267013e+00 6.023686e+00 9.700000e+00
      endloop
   endfacet
   facet normal -5.735762e-01 8.191522e-01 0.000000e+00
      outer loop
         vertex 1.267013e+00 6.023686e+00 8.300000e+00
         vertex 1.267013e+00 6.023686e+00 9.700000e+00
         vertex 1.345546e+00 6.078676e+00 8.300000e+00
      endloop
   endfacet
   facet normal -5.735762e-01 8.191522e-01 0.000000e+00
      outer loop
         vertex 1.345546e+00 6.078676e+00 8.300000e+00
         vertex 1.267013e+00 6.023686e+00 9.700000e+00
         vertex 1.345546e+00 6.078676e+00 9.700000e+00
      endloop
   endfacet
   facet normal -7.071065e-01 7.071071e-01 0.000000e+00
      outer loop
         vertex 1.345546e+00 6.078676e+00 8.300000e+00
         vertex 1.345546e+00 6.078676e+00 9.700000e+00
         vertex 1.413337e+00 6.146467e+00 8.300000e+00
      endloop
   endfacet
   facet normal -7.071065e-01 7.071071e-01 0.000000e+00
      outer loop
         vertex 1.413337e+00 6.146467e+00 8.300000e+00
         vertex 1.345546e+00 6.078676e+00 9.700000e+00
         vertex 1.413337e+00 6.146467e+00 9.700000e+00
      endloop
   endfacet
   facet normal -8.191523e-01 5.735760e-01 0.000000e+00
      outer loop
         vertex 1.413337e+00 6.146467e+00 8.300000e+00
         vertex 1.413337e+00 6.146467e+00 9.700000e+00
         vertex 1.468327e+00 6.225000e+00 8.300000e+00
      endloop
   endfacet
   facet normal -8.191523e-01 5.735760e-01 0.000000e+00
      outer loop
         vertex 1.468327e+00 6.225000e+00 8.300000e+00
         vertex 1.413337e+00 6.146467e+00 9.700000e+00
         vertex 1.468327e+00 6.225000e+00 9.700000e+00
      endloop
   endfacet
   facet normal -9.063078e-01 4.226182e-01 0.000000e+00
      outer loop
         vertex 1.468327e+00 6.225000e+00 8.300000e+00
         vertex 1.468327e+00 6.225000e+00 9.700000e+00
         vertex 1.508844e+00 6.311889e+00 8.300000e+00
      endloop
   endfacet
   facet normal -9.063078e-01 4.226182e-01 0.000000e+00
      outer loop
         vertex 1.508844e+00 6.311889e+00 8.300000e+00
         vertex 1.468327e+00 6.225000e+00 9.700000e+00
         vertex 1.508844e+00 6.311889e+00 9.700000e+00
      endloop
   endfacet
   facet normal -9.659258e-01 2.588192e-01 0.000000e+00
      outer loop
         vertex 1.508844e+00 6.311889e+00 8.300000e+00
         vertex 1.508844e+00 6.311889e+00 9.700000e+00
         vertex 1.533657e+00 6.404494e+00 8.300000e+00
      endloop
   endfacet
   facet normal -9.659258e-01 2.588192e-01 0.000000e+00
      outer loop
         vertex 1.533657e+00 6.404494e+00 8.300000e+00
         vertex 1.508844e+00 6.311889e+00 9.700000e+00
         vertex 1.533657e+00 6.404494e+00 9.700000e+00
      endloop
   endfacet
   facet normal -9.961947e-01 8.715547e-02 0.000000e+00
      outer loop
         vertex 1.533657e+00 6.404494e+00 8.300000e+00
         vertex 1.533657e+00 6.404494e+00 9.700000e+00
         vertex 1.542013e+00 6.500000e+00 8.300000e+00
      endloop
   endfacet
   facet normal -9.961947e-01 8.715547e-02 0.000000e+00
      outer loop
         vertex 1.542013e+00 6.500000e+00 8.300000e+00
         vertex 1.533657e+00 6.404494e+00 9.700000e+00
         vertex 1.542013e+00 6.500000e+00 9.700000e+00
      endloop
   endfacet
   facet normal 6.246951e-01 -7.808688e-01 0.000000e+00
      outer loop
         vertex 1.842013e+00 6.500000e+00 8.300000e+00
         vertex 3.092013e+00 7.500000e+00 8.300000e+00
         vertex 1.842013e+00 6.500000e+00 9.700000e+00
      endloop
   endfacet
   facet normal 6.246951e-01 -7.808688e-01 0.000000e+00
      outer loop
         vertex 1.842013e+00 6.500000e+00 9.700000e+00
         vertex 3.092013e+00 7.500000e+00 8.300000e+00
         vertex 3.092013e+00 7.500000e+00 9.700000e+00
      endloop
   endfacet
   facet normal 0.000000e+00 0.000000e+00 -1.000000e+00
      outer loop
         vertex 6.012740e-01 5.582930e+00 8.300000e+00
         vertex 8.965062e-01 5.958356e+00 8.300000e+00
         vertex 9.920129e-01 5.950000e+00 8.300000e+00
      endloop
   endfacet
   facet normal 0.000000e+00 0.000000e+00 -1.000000e+00
      outer loop
         vertex 1.180124e+00 5.983169e+00 8.300000e+00
         vertex 1.267013e+00 6.023686e+00 8.300000e+00
         vertex 3.092013e+00 4.500000e+00 8.300000e+00
      endloop
   endfacet
   facet normal 0.000000e+00 0.000000e+00 -1.000000e+00
      outer loop
         vertex 3.092013e+00 4.500000e+00 8.300000e+00
         vertex 1.267013e+00 6.023686e+00 8.300000e+00
         vertex 1.345546e+00 6.078676e+00 8.300000e+00
      endloop
   endfacet
   facet normal 0.000000e+00 0.000000e+00 -1.000000e+00
      outer loop
         vertex 3.092013e+00 4.500000e+00 8.300000e+00
         vertex 1.345546e+00 6.078676e+00 8.300000e+00
         vertex 3.092013e+00 5.500000e+00 8.300000e+00
      endloop
   endfacet
   facet normal 0.000000e+00 0.000000e+00 -1.000000e+00
      outer loop
         vertex 1.468327e+00 6.225000e+00 8.300000e+00
         vertex 1.508844e+00 6.311889e+00 8.300000e+00
         vertex 1.842013e+00 6.500000e+00 8.300000e+00
      endloop
   endfacet
   facet normal 0.000000e+00 0.000000e+00 -1.000000e+00
      outer loop
         vertex 3.092013e+00 5.500000e+00 8.300000e+00
         vertex 1.345546e+00 6.078676e+00 8.300000e+00
         vertex 1.842013e+00 6.500000e+00 8.300000e+00
      endloop
   endfacet
   facet normal 0.000000e+00 0.000000e+00 -1.000000e+00
      outer loop
         vertex 1.842013e+00 6.500000e+00 8.300000e+00
         vertex 1.345546e+00 6.078676e+00 8.300000e+00
         vertex 1.413337e+00 6.146467e+00 8.300000e+00
      endloop
   endfacet
   facet normal 0.000000e+00 0.000000e+00 -1.000000e+00
      outer loop
         vertex 1.842013e+00 6.500000e+00 8.300000e+00
         vertex 1.413337e+00 6.146467e+00 8.300000e+00
         vertex 1.468327e+00 6.225000e+00 8.300000e+00
      endloop
   endfacet
   facet normal 0.000000e+00 0.000000e+00 -1.000000e+00
      outer loop
         vertex 1.508844e+00 6.311889e+00 8.300000e+00
         vertex 1.533657e+00 6.404494e+00 8.300000e+00
         vertex 1.842013e+00 6.500000e+00 8.300000e+00
      endloop
   endfacet
   facet normal 0.000000e+00 0.000000e+00 -1.000000e+00
      outer loop
         vertex 1.842013e+00 6.500000e+00 8.300000e+00
         vertex 1.533657e+00 6.404494e+00 8.300000e+00
         vertex 1.542013e+00 6.500000e+00 8.300000e+00
      endloop
   endfacet
   facet normal -0.000000e+00 0.000000e+00 -1.000000e+00
      outer loop
         vertex 1.842013e+00 6.500000e+00 8.300000e+00
         vertex 1.542013e+00 6.500000e+00 8.300000e+00
         vertex 3.092013e+00 7.500000e+00 8.300000e+00
      endloop
   endfacet
   facet normal 0.000000e+00 0.000000e+00 -1.000000e+00
      outer loop
         vertex 1.345546e+00 6.921325e+00 8.300000e+00
         vertex 1.267013e+00 6.976314e+00 8.300000e+00
         vertex 3.092013e+00 8.500000e+00 8.300000e+00
      endloop
   endfacet
   facet normal 0.000000e+00 0.000000e+00 -1.000000e+00
      outer loop
         vertex 6.012740e-01 5.582930e+00 8.300000e+00
         vertex 9.920129e-01 5.950000e+00 8.300000e+00
         vertex 3.092013e+00 4.500000e+00 8.300000e+00
      endloop
   endfacet
   facet normal 0.000000e+00 0.000000e+00 -1.000000e+00
      outer loop
         vertex 3.092013e+00 4.500000e+00 8.300000e+00
         vertex 9.920129e-01 5.950000e+00 8.300000e+00
         vertex 1.087519e+00 5.958356e+00 8.300000e+00
      endloop
   endfacet
   facet normal 0.000000e+00 0.000000e+00 -1.000000e+00
      outer loop
         vertex 3.092013e+00 4.500000e+00 8.300000e+00
         vertex 1.087519e+00 5.958356e+00 8.300000e+00
         vertex 1.180124e+00 5.983169e+00 8.300000e+00
      endloop
   endfacet
   facet normal 0.000000e+00 0.000000e+00 -1.000000e+00
      outer loop
         vertex 1.267013e+00 6.976314e+00 8.300000e+00
         vertex 1.180124e+00 7.016831e+00 8.300000e+00
         vertex 3.092013e+00 8.500000e+00 8.300000e+00
      endloop
   endfacet
   facet normal 0.000000e+00 0.000000e+00 -1.000000e+00
      outer loop
         vertex 3.092013e+00 8.500000e+00 8.300000e+00
         vertex 1.180124e+00 7.016831e+00 8.300000e+00
         vertex 1.087519e+00 7.041644e+00 8.300000e+00
      endloop
   endfacet
   facet normal 0.000000e+00 0.000000e+00 -1.000000e+00
      outer loop
         vertex 3.092013e+00 8.500000e+00 8.300000e+00
         vertex 1.087519e+00 7.041644e+00 8.300000e+00
         vertex 6.012740e-01 7.417070e+00 8.300000e+00
      endloop
   endfacet
   facet normal 0.000000e+00 0.000000e+00 -1.000000e+00
      outer loop
         vertex 6.012740e-01 7.417070e+00 8.300000e+00
         vertex 1.087519e+00 7.041644e+00 8.300000e+00
         vertex 9.920129e-01 7.050000e+00 8.300000e+00
      endloop
   endfacet
   facet normal -0.000000e+00 0.000000e+00 -1.000000e+00
      outer loop
         vertex 9.920129e-01 7.050000e+00 8.300000e+00
         vertex 8.965062e-01 7.041644e+00 8.300000e+00
         vertex 6.012740e-01 7.417070e+00 8.300000e+00
      endloop
   endfacet
   facet normal 0.000000e+00 0.000000e+00 -1.000000e+00
      outer loop
         vertex 6.012740e-01 7.417070e+00 8.300000e+00
         vertex 8.965062e-01 7.041644e+00 8.300000e+00
         vertex 8.039018e-01 7.016831e+00 8.300000e+00
      endloop
   endfacet
   facet normal 0.000000e+00 -0.000000e+00 -1.000000e+00
      outer loop
         vertex 6.012740e-01 7.417070e+00 8.300000e+00
         vertex 8.039018e-01 7.016831e+00 8.300000e+00
         vertex 4.553790e-01 7.338682e+00 8.300000e+00
      endloop
   endfacet
   facet normal 0.000000e+00 0.000000e+00 -1.000000e+00
      outer loop
         vertex 4.553790e-01 7.338682e+00 8.300000e+00
         vertex 8.039018e-01 7.016831e+00 8.300000e+00
         vertex 7.170129e-01 6.976314e+00 8.300000e+00
      endloop
   endfacet
   facet normal 0.000000e+00 -0.000000e+00 -1.000000e+00
      outer loop
         vertex 4.553790e-01 7.338682e+00 8.300000e+00
         vertex 7.170129e-01 6.976314e+00 8.300000e+00
         vertex 3.244230e-01 7.237290e+00 8.300000e+00
      endloop
   endfacet
   facet normal 0.000000e+00 0.000000e+00 -1.000000e+00
      outer loop
         vertex 3.244230e-01 7.237290e+00 8.300000e+00
         vertex 7.170129e-01 6.976314e+00 8.300000e+00
         vertex 6.384796e-01 6.921325e+00 8.300000e+00
      endloop
   endfacet
   facet normal 0.000000e+00 -0.000000e+00 -1.000000e+00
      outer loop
         vertex 3.244230e-01 7.237290e+00 8.300000e+00
         vertex 6.384796e-01 6.921325e+00 8.300000e+00
         vertex 2.119981e-01 7.115673e+00 8.300000e+00
      endloop
   endfacet
   facet normal 0.000000e+00 0.000000e+00 -1.000000e+00
      outer loop
         vertex 2.119981e-01 7.115673e+00 8.300000e+00
         vertex 6.384796e-01 6.921325e+00 8.300000e+00
         vertex 5.706884e-01 6.853533e+00 8.300000e+00
      endloop
   endfacet
   facet normal 0.000000e+00 -0.000000e+00 -1.000000e+00
      outer loop
         vertex 2.119981e-01 7.115673e+00 8.300000e+00
         vertex 5.706884e-01 6.853533e+00 8.300000e+00
         vertex 1.211881e-01 6.977168e+00 8.300000e+00
      endloop
   endfacet
   facet normal 0.000000e+00 0.000000e+00 -1.000000e+00
      outer loop
         vertex 1.211881e-01 6.977168e+00 8.300000e+00
         vertex 5.706884e-01 6.853533e+00 8.300000e+00
         vertex 5.156989e-01 6.775000e+00 8.300000e+00
      endloop
   endfacet
   facet normal 0.000000e+00 -0.000000e+00 -1.000000e+00
      outer loop
         vertex 1.211881e-01 6.977168e+00 8.300000e+00
         vertex 5.156989e-01 6.775000e+00 8.300000e+00
         vertex 5.448377e-02 6.825575e+00 8.300000e+00
      endloop
   endfacet
   facet normal 0.000000e+00 0.000000e+00 -1.000000e+00
      outer loop
         vertex 5.448377e-02 6.825575e+00 8.300000e+00
         vertex 5.156989e-01 6.775000e+00 8.300000e+00
         vertex 4.751820e-01 6.688111e+00 8.300000e+00
      endloop
   endfacet
   facet normal 0.000000e+00 -0.000000e+00 -1.000000e+00
      outer loop
         vertex 5.448377e-02 6.825575e+00 8.300000e+00
         vertex 4.751820e-01 6.688111e+00 8.300000e+00
         vertex 1.371512e-02 6.665051e+00 8.300000e+00
      endloop
   endfacet
   facet normal 0.000000e+00 0.000000e+00 -1.000000e+00
      outer loop
         vertex 1.371512e-02 6.665051e+00 8.300000e+00
         vertex 4.751820e-01 6.688111e+00 8.300000e+00
         vertex 4.503685e-01 6.595507e+00 8.300000e+00
      endloop
   endfacet
   facet normal 0.000000e+00 -0.000000e+00 -1.000000e+00
      outer loop
         vertex 1.371512e-02 6.665051e+00 8.300000e+00
         vertex 4.503685e-01 6.595507e+00 8.300000e+00
         vertex 0.000000e+00 6.500000e+00 8.300000e+00
      endloop
   endfacet
   facet normal 0.000000e+00 0.000000e+00 -1.000000e+00
      outer loop
         vertex 0.000000e+00 6.500000e+00 8.300000e+00
         vertex 4.503685e-01 6.595507e+00 8.300000e+00
         vertex 4.420129e-01 6.500000e+00 8.300000e+00
      endloop
   endfacet
   facet normal 0.000000e+00 0.000000e+00 -1.000000e+00
      outer loop
         vertex 0.000000e+00 6.500000e+00 8.300000e+00
         vertex 4.420129e-01 6.500000e+00 8.300000e+00
         vertex 1.371512e-02 6.334949e+00 8.300000e+00
      endloop
   endfacet
   facet normal 0.000000e+00 0.000000e+00 -1.000000e+00
      outer loop
         vertex 1.371512e-02 6.334949e+00 8.300000e+00
         vertex 4.420129e-01 6.500000e+00 8.300000e+00
         vertex 4.503685e-01 6.404494e+00 8.300000e+00
      endloop
   endfacet
   facet normal 0.000000e+00 0.000000e+00 -1.000000e+00
      outer loop
         vertex 1.371512e-02 6.334949e+00 8.300000e+00
         vertex 4.503685e-01 6.404494e+00 8.300000e+00
         vertex 5.448377e-02 6.174425e+00 8.300000e+00
      endloop
   endfacet
   facet normal 0.000000e+00 0.000000e+00 -1.000000e+00
      outer loop
         vertex 5.448377e-02 6.174425e+00 8.300000e+00
         vertex 4.503685e-01 6.404494e+00 8.300000e+00
         vertex 4.751820e-01 6.311889e+00 8.300000e+00
      endloop
   endfacet
   facet normal 0.000000e+00 0.000000e+00 -1.000000e+00
      outer loop
         vertex 5.448377e-02 6.174425e+00 8.300000e+00
         vertex 4.751820e-01 6.311889e+00 8.300000e+00
         vertex 1.211881e-01 6.022832e+00 8.300000e+00
      endloop
   endfacet
   facet normal 0.000000e+00 0.000000e+00 -1.000000e+00
      outer loop
         vertex 1.211881e-01 6.022832e+00 8.300000e+00
         vertex 4.751820e-01 6.311889e+00 8.300000e+00
         vertex 5.156989e-01 6.225000e+00 8.300000e+00
      endloop
   endfacet
   facet normal 0.000000e+00 0.000000e+00 -1.000000e+00
      outer loop
         vertex 1.211881e-01 6.022832e+00 8.300000e+00
         vertex 5.156989e-01 6.225000e+00 8.300000e+00
         vertex 2.119981e-01 5.884327e+00 8.300000e+00
      endloop
   endfacet
   facet normal 0.000000e+00 0.000000e+00 -1.000000e+00
      outer loop
         vertex 2.119981e-01 5.884327e+00 8.300000e+00
         vertex 5.156989e-01 6.225000e+00 8.300000e+00
         vertex 5.706884e-01 6.146467e+00 8.300000e+00
      endloop
   endfacet
   facet normal 0.000000e+00 0.000000e+00 -1.000000e+00
      outer loop
         vertex 2.119981e-01 5.884327e+00 8.300000e+00
         vertex 5.706884e-01 6.146467e+00 8.300000e+00
         vertex 3.244230e-01 5.762711e+00 8.300000e+00
      endloop
   endfacet
   facet normal 0.000000e+00 0.000000e+00 -1.000000e+00
      outer loop
         vertex 3.244230e-01 5.762711e+00 8.300000e+00
         vertex 5.706884e-01 6.146467e+00 8.300000e+00
         vertex 6.384796e-01 6.078676e+00 8.300000e+00
      endloop
   endfacet
   facet normal 0.000000e+00 0.000000e+00 -1.000000e+00
      outer loop
         vertex 3.244230e-01 5.762711e+00 8.300000e+00
         vertex 6.384796e-01 6.078676e+00 8.300000e+00
         vertex 4.553790e-01 5.661318e+00 8.300000e+00
      endloop
   endfacet
   facet normal 0.000000e+00 0.000000e+00 -1.000000e+00
      outer loop
         vertex 4.553790e-01 5.661318e+00 8.300000e+00
         vertex 6.384796e-01 6.078676e+00 8.300000e+00
         vertex 7.170129e-01 6.023686e+00 8.300000e+00
      endloop
   endfacet
   facet normal 0.000000e+00 0.000000e+00 -1.000000e+00
      outer loop
         vertex 4.553790e-01 5.661318e+00 8.300000e+00
         vertex 7.170129e-01 6.023686e+00 8.300000e+00
         vertex 6.012740e-01 5.582930e+00 8.300000e+00
      endloop
   endfacet
   facet normal 0.000000e+00 0.000000e+00 -1.000000e+00
      outer loop
         vertex 6.012740e-01 5.582930e+00 8.300000e+00
         vertex 7.170129e-01 6.023686e+00 8.300000e+00
         vertex 8.039018e-01 5.983169e+00 8.300000e+00
      endloop
   endfacet
   facet normal 0.000000e+00 0.000000e+00 -1.000000e+00
      outer loop
         vertex 6.012740e-01 5.582930e+00 8.300000e+00
         vertex 8.039018e-01 5.983169e+00 8.300000e+00
         vertex 8.965062e-01 5.958356e+00 8.300000e+00
      endloop
   endfacet
   facet normal 0.000000e+00 0.000000e+00 -1.000000e+00
      outer loop
         vertex 1.542013e+00 6.500000e+00 8.300000e+00
         vertex 1.533657e+00 6.595507e+00 8.300000e+00
         vertex 3.092013e+00 7.500000e+00 8.300000e+00
      endloop
   endfacet
   facet normal 0.000000e+00 0.000000e+00 -1.000000e+00
      outer loop
         vertex 3.092013e+00 7.500000e+00 8.300000e+00
         vertex 1.533657e+00 6.595507e+00 8.300000e+00
         vertex 1.508844e+00 6.688111e+00 8.300000e+00
      endloop
   endfacet
   facet normal -0.000000e+00 0.000000e+00 -1.000000e+00
      outer loop
         vertex 3.092013e+00 7.500000e+00 8.300000e+00
         vertex 1.508844e+00 6.688111e+00 8.300000e+00
         vertex 3.092013e+00 7.812500e+00 8.300000e+00
      endloop
   endfacet
   facet normal 0.000000e+00 0.000000e+00 -1.000000e+00
      outer loop
         vertex 3.092013e+00 7.812500e+00 8.300000e+00
         vertex 1.508844e+00 6.688111e+00 8.300000e+00
         vertex 1.468327e+00 6.775000e+00 8.300000e+00
      endloop
   endfacet
   facet normal -0.000000e+00 0.000000e+00 -1.000000e+00
      outer loop
         vertex 3.092013e+00 7.812500e+00 8.300000e+00
         vertex 1.468327e+00 6.775000e+00 8.300000e+00
         vertex 3.092013e+00 8.500000e+00 8.300000e+00
      endloop
   endfacet
   facet normal 0.000000e+00 0.000000e+00 -1.000000e+00
      outer loop
         vertex 3.092013e+00 8.500000e+00 8.300000e+00
         vertex 1.468327e+00 6.775000e+00 8.300000e+00
         vertex 1.413337e+00 6.853533e+00 8.300000e+00
      endloop
   endfacet
   facet normal 0.000000e+00 0.000000e+00 -1.000000e+00
      outer loop
         vertex 3.092013e+00 8.500000e+00 8.300000e+00
         vertex 1.413337e+00 6.853533e+00 8.300000e+00
         vertex 1.345546e+00 6.921325e+00 8.300000e+00
      endloop
   endfacet
   facet normal -0.000000e+00 0.000000e+00 1.000000e+00
      outer loop
         vertex 1.267013e+00 6.023686e+00 9.700000e+00
         vertex 3.092013e+00 4.500000e+00 9.700000e+00
         vertex 1.345546e+00 6.078676e+00 9.700000e+00
      endloop
   endfacet
   facet normal -0.000000e+00 0.000000e+00 1.000000e+00
      outer loop
         vertex 1.345546e+00 6.078676e+00 9.700000e+00
         vertex 3.092013e+00 4.500000e+00 9.700000e+00
         vertex 1.413337e+00 6.146467e+00 9.700000e+00
      endloop
   endfacet
   facet normal -0.000000e+00 0.000000e+00 1.000000e+00
      outer loop
         vertex 1.413337e+00 6.146467e+00 9.700000e+00
         vertex 3.092013e+00 4.500000e+00 9.700000e+00
         vertex 1.468327e+00 6.225000e+00 9.700000e+00
      endloop
   endfacet
   facet normal 0.000000e+00 0.000000e+00 1.000000e+00
      outer loop
         vertex 1.468327e+00 6.225000e+00 9.700000e+00
         vertex 3.092013e+00 4.500000e+00 9.700000e+00
         vertex 3.092013e+00 5.500000e+00 9.700000e+00
      endloop
   endfacet
   facet normal -0.000000e+00 0.000000e+00 1.000000e+00
      outer loop
         vertex 1.468327e+00 6.225000e+00 9.700000e+00
         vertex 3.092013e+00 5.500000e+00 9.700000e+00
         vertex 1.508844e+00 6.311889e+00 9.700000e+00
      endloop
   endfacet
   facet normal -0.000000e+00 0.000000e+00 1.000000e+00
      outer loop
         vertex 9.920129e-01 5.950000e+00 9.700000e+00
         vertex 6.012740e-01 5.582930e+00 9.700000e+00
         vertex 1.087519e+00 5.958356e+00 9.700000e+00
      endloop
   endfacet
   facet normal 0.000000e+00 0.000000e+00 1.000000e+00
      outer loop
         vertex 1.087519e+00 5.958356e+00 9.700000e+00
         vertex 6.012740e-01 5.582930e+00 9.700000e+00
         vertex 3.092013e+00 4.500000e+00 9.700000e+00
      endloop
   endfacet
   facet normal -0.000000e+00 0.000000e+00 1.000000e+00
      outer loop
         vertex 1.087519e+00 5.958356e+00 9.700000e+00
         vertex 3.092013e+00 4.500000e+00 9.700000e+00
         vertex 1.180124e+00 5.983169e+00 9.700000e+00
      endloop
   endfacet
   facet normal -0.000000e+00 0.000000e+00 1.000000e+00
      outer loop
         vertex 1.180124e+00 5.983169e+00 9.700000e+00
         vertex 3.092013e+00 4.500000e+00 9.700000e+00
         vertex 1.267013e+00 6.023686e+00 9.700000e+00
      endloop
   endfacet
   facet normal 0.000000e+00 -0.000000e+00 1.000000e+00
      outer loop
         vertex 1.267013e+00 6.976314e+00 9.700000e+00
         vertex 3.092013e+00 8.500000e+00 9.700000e+00
         vertex 1.180124e+00 7.016831e+00 9.700000e+00
      endloop
   endfacet
   facet normal 0.000000e+00 -0.000000e+00 1.000000e+00
      outer loop
         vertex 1.180124e+00 7.016831e+00 9.700000e+00
         vertex 3.092013e+00 8.500000e+00 9.700000e+00
         vertex 1.087519e+00 7.041644e+00 9.700000e+00
      endloop
   endfacet
   facet normal 0.000000e+00 -0.000000e+00 1.000000e+00
      outer loop
         vertex 1.087519e+00 7.041644e+00 9.700000e+00
         vertex 3.092013e+00 8.500000e+00 9.700000e+00
         vertex 9.920129e-01 7.050000e+00 9.700000e+00
      endloop
   endfacet
   facet normal 0.000000e+00 -0.000000e+00 1.000000e+00
      outer loop
         vertex 9.920129e-01 7.050000e+00 9.700000e+00
         vertex 3.092013e+00 8.500000e+00 9.700000e+00
         vertex 6.012740e-01 7.417070e+00 9.700000e+00
      endloop
   endfacet
   facet normal 0.000000e+00 0.000000e+00 1.000000e+00
      outer loop
         vertex 9.920129e-01 7.050000e+00 9.700000e+00
         vertex 6.012740e-01 7.417070e+00 9.700000e+00
         vertex 8.965062e-01 7.041644e+00 9.700000e+00
      endloop
   endfacet
   facet normal 0.000000e+00 0.000000e+00 1.000000e+00
      outer loop
         vertex 9.920129e-01 5.950000e+00 9.700000e+00
         vertex 8.965062e-01 5.958356e+00 9.700000e+00
         vertex 6.012740e-01 5.582930e+00 9.700000e+00
      endloop
   endfacet
   facet normal 0.000000e+00 0.000000e+00 1.000000e+00
      outer loop
         vertex 6.012740e-01 5.582930e+00 9.700000e+00
         vertex 8.965062e-01 5.958356e+00 9.700000e+00
         vertex 8.039018e-01 5.983169e+00 9.700000e+00
      endloop
   endfacet
   facet normal 0.000000e+00 -0.000000e+00 1.000000e+00
      outer loop
         vertex 6.012740e-01 5.582930e+00 9.700000e+00
         vertex 8.039018e-01 5.983169e+00 9.700000e+00
         vertex 4.553790e-01 5.661318e+00 9.700000e+00
      endloop
   endfacet
   facet normal 0.000000e+00 0.000000e+00 1.000000e+00
      outer loop
         vertex 4.553790e-01 5.661318e+00 9.700000e+00
         vertex 8.039018e-01 5.983169e+00 9.700000e+00
         vertex 7.170129e-01 6.023686e+00 9.700000e+00
      endloop
   endfacet
   facet normal 0.000000e+00 -0.000000e+00 1.000000e+00
      outer loop
         vertex 4.553790e-01 5.661318e+00 9.700000e+00
         vertex 7.170129e-01 6.023686e+00 9.700000e+00
         vertex 3.244230e-01 5.762711e+00 9.700000e+00
      endloop
   endfacet
   facet normal 0.000000e+00 0.000000e+00 1.000000e+00
      outer loop
         vertex 3.244230e-01 5.762711e+00 9.700000e+00
         vertex 7.170129e-01 6.023686e+00 9.700000e+00
         vertex 6.384796e-01 6.078676e+00 9.700000e+00
      endloop
   endfacet
   facet normal 0.000000e+00 -0.000000e+00 1.000000e+00
      outer loop
         vertex 3.244230e-01 5.762711e+00 9.700000e+00
         vertex 6.384796e-01 6.078676e+00 9.700000e+00
         vertex 2.119981e-01 5.884327e+00 9.700000e+00
      endloop
   endfacet
   facet normal 0.000000e+00 0.000000e+00 1.000000e+00
      outer loop
         vertex 2.119981e-01 5.884327e+00 9.700000e+00
         vertex 6.384796e-01 6.078676e+00 9.700000e+00
         vertex 5.706884e-01 6.146467e+00 9.700000e+00
      endloop
   endfacet
   facet normal 0.000000e+00 -0.000000e+00 1.000000e+00
      outer loop
         vertex 2.119981e-01 5.884327e+00 9.700000e+00
         vertex 5.706884e-01 6.146467e+00 9.700000e+00
         vertex 1.211881e-01 6.022832e+00 9.700000e+00
      endloop
   endfacet
   facet normal 0.000000e+00 0.000000e+00 1.000000e+00
      outer loop
         vertex 1.211881e-01 6.022832e+00 9.700000e+00
         vertex 5.706884e-01 6.146467e+00 9.700000e+00
         vertex 5.156989e-01 6.225000e+00 9.700000e+00
      endloop
   endfacet
   facet normal 0.000000e+00 -0.000000e+00 1.000000e+00
      outer loop
         vertex 1.211881e-01 6.022832e+00 9.700000e+00
         vertex 5.156989e-01 6.225000e+00 9.700000e+00
         vertex 5.448377e-02 6.174425e+00 9.700000e+00
      endloop
   endfacet
   facet normal 0.000000e+00 0.000000e+00 1.000000e+00
      outer loop
         vertex 5.448377e-02 6.174425e+00 9.700000e+00
         vertex 5.156989e-01 6.225000e+00 9.700000e+00
         vertex 4.751820e-01 6.311889e+00 9.700000e+00
      endloop
   endfacet
   facet normal 0.000000e+00 -0.000000e+00 1.000000e+00
      outer loop
         vertex 5.448377e-02 6.174425e+00 9.700000e+00
         vertex 4.751820e-01 6.311889e+00 9.700000e+00
         vertex 1.371512e-02 6.334949e+00 9.700000e+00
      endloop
   endfacet
   facet normal -0.000000e+00 0.000000e+00 1.000000e+00
      outer loop
         vertex 1.371512e-02 6.334949e+00 9.700000e+00
         vertex 4.751820e-01 6.311889e+00 9.700000e+00
         vertex 4.503685e-01 6.404494e+00 9.700000e+00
      endloop
   endfacet
   facet normal 0.000000e+00 -0.000000e+00 1.000000e+00
      outer loop
         vertex 1.371512e-02 6.334949e+00 9.700000e+00
         vertex 4.503685e-01 6.404494e+00 9.700000e+00
         vertex 0.000000e+00 6.500000e+00 9.700000e+00
      endloop
   endfacet
   facet normal 0.000000e+00 0.000000e+00 1.000000e+00
      outer loop
         vertex 0.000000e+00 6.500000e+00 9.700000e+00
         vertex 4.503685e-01 6.404494e+00 9.700000e+00
         vertex 4.420129e-01 6.500000e+00 9.700000e+00
      endloop
   endfacet
   facet normal -0.000000e+00 0.000000e+00 1.000000e+00
      outer loop
         vertex 0.000000e+00 6.500000e+00 9.700000e+00
         vertex 4.420129e-01 6.500000e+00 9.700000e+00
         vertex 1.371512e-02 6.665051e+00 9.700000e+00
      endloop
   endfacet
   facet normal 0.000000e+00 0.000000e+00 1.000000e+00
      outer loop
         vertex 1.371512e-02 6.665051e+00 9.700000e+00
         vertex 4.420129e-01 6.500000e+00 9.700000e+00
         vertex 4.503685e-01 6.595507e+00 9.700000e+00
      endloop
   endfacet
   facet normal -0.000000e+00 0.000000e+00 1.000000e+00
      outer loop
         vertex 1.371512e-02 6.665051e+00 9.700000e+00
         vertex 4.503685e-01 6.595507e+00 9.700000e+00
         vertex 5.448377e-02 6.825575e+00 9.700000e+00
      endloop
   endfacet
   facet normal 0.000000e+00 0.000000e+00 1.000000e+00
      outer loop
         vertex 5.448377e-02 6.825575e+00 9.700000e+00
         vertex 4.503685e-01 6.595507e+00 9.700000e+00
         vertex 4.751820e-01 6.688111e+00 9.700000e+00
      endloop
   endfacet
   facet normal -0.000000e+00 0.000000e+00 1.000000e+00
      outer loop
         vertex 5.448377e-02 6.825575e+00 9.700000e+00
         vertex 4.751820e-01 6.688111e+00 9.700000e+00
         vertex 1.211881e-01 6.977168e+00 9.700000e+00
      endloop
   endfacet
   facet normal 0.000000e+00 0.000000e+00 1.000000e+00
      outer loop
         vertex 1.211881e-01 6.977168e+00 9.700000e+00
         vertex 4.751820e-01 6.688111e+00 9.700000e+00
         vertex 5.156989e-01 6.775000e+00 9.700000e+00
      endloop
   endfacet
   facet normal -0.000000e+00 0.000000e+00 1.000000e+00
      outer loop
         vertex 1.211881e-01 6.977168e+00 9.700000e+00
         vertex 5.156989e-01 6.775000e+00 9.700000e+00
         vertex 2.119981e-01 7.115673e+00 9.700000e+00
      endloop
   endfacet
   facet normal 0.000000e+00 0.000000e+00 1.000000e+00
      outer loop
         vertex 2.119981e-01 7.115673e+00 9.700000e+00
         vertex 5.156989e-01 6.775000e+00 9.700000e+00
         vertex 5.706884e-01 6.853533e+00 9.700000e+00
      endloop
   endfacet
   facet normal -0.000000e+00 0.000000e+00 1.000000e+00
      outer loop
         vertex 2.119981e-01 7.115673e+00 9.700000e+00
         vertex 5.706884e-01 6.853533e+00 9.700000e+00
         vertex 3.244230e-01 7.237290e+00 9.700000e+00
      endloop
   endfacet
   facet normal 0.000000e+00 0.000000e+00 1.000000e+00
      outer loop
         vertex 3.244230e-01 7.237290e+00 9.700000e+00
         vertex 5.706884e-01 6.853533e+00 9.700000e+00
         vertex 6.384796e-01 6.921325e+00 9.700000e+00
      endloop
   endfacet
   facet normal -0.000000e+00 0.000000e+00 1.000000e+00
      outer loop
         vertex 3.244230e-01 7.237290e+00 9.700000e+00
         vertex 6.384796e-01 6.921325e+00 9.700000e+00
         vertex 4.553790e-01 7.338682e+00 9.700000e+00
      endloop
   endfacet
   facet normal 0.000000e+00 0.000000e+00 1.000000e+00
      outer loop
         vertex 4.553790e-01 7.338682e+00 9.700000e+00
         vertex 6.384796e-01 6.921325e+00 9.700000e+00
         vertex 7.170129e-01 6.976314e+00 9.700000e+00
      endloop
   endfacet
   facet normal -0.000000e+00 0.000000e+00 1.000000e+00
      outer loop
         vertex 4.553790e-01 7.338682e+00 9.700000e+00
         vertex 7.170129e-01 6.976314e+00 9.700000e+00
         vertex 6.012740e-01 7.417070e+00 9.700000e+00
      endloop
   endfacet
   facet normal 0.000000e+00 0.000000e+00 1.000000e+00
      outer loop
         vertex 6.012740e-01 7.417070e+00 9.700000e+00
         vertex 7.170129e-01 6.976314e+00 9.700000e+00
         vertex 8.039018e-01 7.016831e+00 9.700000e+00
      endloop
   endfacet
   facet normal 0.000000e+00 0.000000e+00 1.000000e+00
      outer loop
         vertex 6.012740e-01 7.417070e+00 9.700000e+00
         vertex 8.039018e-01 7.016831e+00 9.700000e+00
         vertex 8.965062e-01 7.041644e+00 9.700000e+00
      endloop
   endfacet
   facet normal 0.000000e+00 0.000000e+00 1.000000e+00
      outer loop
         vertex 3.092013e+00 7.500000e+00 9.700000e+00
         vertex 1.533657e+00 6.595507e+00 9.700000e+00
         vertex 1.842013e+00 6.500000e+00 9.700000e+00
      endloop
   endfacet
   facet normal 0.000000e+00 0.000000e+00 1.000000e+00
      outer loop
         vertex 1.842013e+00 6.500000e+00 9.700000e+00
         vertex 1.533657e+00 6.595507e+00 9.700000e+00
         vertex 1.542013e+00 6.500000e+00 9.700000e+00
      endloop
   endfacet
   facet normal 0.000000e+00 0.000000e+00 1.000000e+00
      outer loop
         vertex 1.842013e+00 6.500000e+00 9.700000e+00
         vertex 1.542013e+00 6.500000e+00 9.700000e+00
         vertex 3.092013e+00 5.500000e+00 9.700000e+00
      endloop
   endfacet
   facet normal 0.000000e+00 0.000000e+00 1.000000e+00
      outer loop
         vertex 3.092013e+00 5.500000e+00 9.700000e+00
         vertex 1.542013e+00 6.500000e+00 9.700000e+00
         vertex 1.533657e+00 6.404494e+00 9.700000e+00
      endloop
   endfacet
   facet normal 0.000000e+00 0.000000e+00 1.000000e+00
      outer loop
         vertex 3.092013e+00 5.500000e+00 9.700000e+00
         vertex 1.533657e+00 6.404494e+00 9.700000e+00
         vertex 1.508844e+00 6.311889e+00 9.700000e+00
      endloop
   endfacet
   facet normal -0.000000e+00 0.000000e+00 1.000000e+00
      outer loop
         vertex 1.267013e+00 6.976314e+00 9.700000e+00
         vertex 1.345546e+00 6.921325e+00 9.700000e+00
         vertex 3.092013e+00 8.500000e+00 9.700000e+00
      endloop
   endfacet
   facet normal 0.000000e+00 0.000000e+00 1.000000e+00
      outer loop
         vertex 3.092013e+00 8.500000e+00 9.700000e+00
         vertex 1.345546e+00 6.921325e+00 9.700000e+00
         vertex 1.413337e+00 6.853533e+00 9.700000e+00
      endloop
   endfacet
   facet normal 0.000000e+00 0.000000e+00 1.000000e+00
      outer loop
         vertex 3.092013e+00 8.500000e+00 9.700000e+00
         vertex 1.413337e+00 6.853533e+00 9.700000e+00
         vertex 3.092013e+00 7.812500e+00 9.700000e+00
      endloop
   endfacet
   facet normal 0.000000e+00 0.000000e+00 1.000000e+00
      outer loop
         vertex 3.092013e+00 7.812500e+00 9.700000e+00
         vertex 1.413337e+00 6.853533e+00 9.700000e+00
         vertex 1.468327e+00 6.775000e+00 9.700000e+00
      endloop
   endfacet
   facet normal 0.000000e+00 0.000000e+00 1.000000e+00
      outer loop
         vertex 3.092013e+00 7.812500e+00 9.700000e+00
         vertex 1.468327e+00 6.775000e+00 9.700000e+00
         vertex 3.092013e+00 7.500000e+00 9.700000e+00
      endloop
   endfacet
   facet normal 0.000000e+00 0.000000e+00 1.000000e+00
      outer loop
         vertex 3.092013e+00 7.500000e+00 9.700000e+00
         vertex 1.468327e+00 6.775000e+00 9.700000e+00
         vertex 1.508844e+00 6.688111e+00 9.700000e+00
      endloop
   endfacet
   facet normal 0.000000e+00 0.000000e+00 1.000000e+00
      outer loop
         vertex 3.092013e+00 7.500000e+00 9.700000e+00
         vertex 1.508844e+00 6.688111e+00 9.700000e+00
         vertex 1.533657e+00 6.595507e+00 9.700000e+00
      endloop
   endfacet
   facet normal -4.732994e-01 -8.809016e-01 0.000000e+00
      outer loop
         vertex 6.012740e-01 5.582930e+00 8.300000e+00
         vertex 6.012740e-01 5.582930e+00 9.700000e+00
         vertex 4.553790e-01 5.661318e+00 9.700000e+00
      endloop
   endfacet
   facet normal -4.732994e-01 -8.809016e-01 0.000000e+00
      outer loop
         vertex 6.012740e-01 5.582930e+00 8.300000e+00
         vertex 4.553790e-01 5.661318e+00 9.700000e+00
         vertex 4.553790e-01 5.661318e+00 8.300000e+00
      endloop
   endfacet
   facet normal -6.122014e-01 -7.907019e-01 0.000000e+00
      outer loop
         vertex 4.553790e-01 5.661318e+00 8.300000e+00
         vertex 4.553790e-01 5.661318e+00 9.700000e+00
         vertex 3.244230e-01 5.762711e+00 9.700000e+00
      endloop
   endfacet
   facet normal -6.122014e-01 -7.907019e-01 0.000000e+00
      outer loop
         vertex 4.553790e-01 5.661318e+00 8.300000e+00
         vertex 3.244230e-01 5.762711e+00 9.700000e+00
         vertex 3.244230e-01 5.762711e+00 8.300000e+00
      endloop
   endfacet
   facet normal -7.343119e-01 -6.788122e-01 0.000000e+00
      outer loop
         vertex 3.244230e-01 5.762711e+00 8.300000e+00
         vertex 3.244230e-01 5.762711e+00 9.700000e+00
         vertex 2.119981e-01 5.884327e+00 9.700000e+00
      endloop
   endfacet
   facet normal -7.343119e-01 -6.788122e-01 0.000000e+00
      outer loop
         vertex 3.244230e-01 5.762711e+00 8.300000e+00
         vertex 2.119981e-01 5.884327e+00 9.700000e+00
         vertex 2.119981e-01 5.884327e+00 8.300000e+00
      endloop
   endfacet
   facet normal -8.362794e-01 -5.483036e-01 0.000000e+00
      outer loop
         vertex 2.119981e-01 5.884327e+00 8.300000e+00
         vertex 2.119981e-01 5.884327e+00 9.700000e+00
         vertex 1.211881e-01 6.022832e+00 9.700000e+00
      endloop
   endfacet
   facet normal -8.362794e-01 -5.483036e-01 0.000000e+00
      outer loop
         vertex 2.119981e-01 5.884327e+00 8.300000e+00
         vertex 1.211881e-01 6.022832e+00 9.700000e+00
         vertex 1.211881e-01 6.022832e+00 8.300000e+00
      endloop
   endfacet
   facet normal -9.153077e-01 -4.027554e-01 0.000000e+00
      outer loop
         vertex 1.211881e-01 6.022832e+00 8.300000e+00
         vertex 1.211881e-01 6.022832e+00 9.700000e+00
         vertex 5.448377e-02 6.174425e+00 9.700000e+00
      endloop
   endfacet
   facet normal -9.153077e-01 -4.027554e-01 0.000000e+00
      outer loop
         vertex 1.211881e-01 6.022832e+00 8.300000e+00
         vertex 5.448377e-02 6.174425e+00 9.700000e+00
         vertex 5.448377e-02 6.174425e+00 8.300000e+00
      endloop
   endfacet
   facet normal -9.692298e-01 -2.461578e-01 0.000000e+00
      outer loop
         vertex 5.448377e-02 6.174425e+00 8.300000e+00
         vertex 5.448377e-02 6.174425e+00 9.700000e+00
         vertex 1.371512e-02 6.334949e+00 9.700000e+00
      endloop
   endfacet
   facet normal -9.692298e-01 -2.461578e-01 0.000000e+00
      outer loop
         vertex 5.448377e-02 6.174425e+00 8.300000e+00
         vertex 1.371512e-02 6.334949e+00 9.700000e+00
         vertex 1.371512e-02 6.334949e+00 8.300000e+00
      endloop
   endfacet
   facet normal -9.965653e-01 -8.281079e-02 0.000000e+00
      outer loop
         vertex 1.371512e-02 6.334949e+00 8.300000e+00
         vertex 1.371512e-02 6.334949e+00 9.700000e+00
         vertex 0.000000e+00 6.500000e+00 9.700000e+00
      endloop
   endfacet
   facet normal -9.965653e-01 -8.281079e-02 0.000000e+00
      outer loop
         vertex 1.371512e-02 6.334949e+00 8.300000e+00
         vertex 0.000000e+00 6.500000e+00 9.700000e+00
         vertex 0.000000e+00 6.500000e+00 8.300000e+00
      endloop
   endfacet
   facet normal -9.965653e-01 8.281079e-02 0.000000e+00
      outer loop
         vertex 0.000000e+00 6.500000e+00 8.300000e+00
         vertex 0.000000e+00 6.500000e+00 9.700000e+00
         vertex 1.371512e-02 6.665051e+00 9.700000e+00
      endloop
   endfacet
   facet normal -9.965653e-01 8.281079e-02 0.000000e+00
      outer loop
         vertex 0.000000e+00 6.500000e+00 8.300000e+00
         vertex 1.371512e-02 6.665051e+00 9.700000e+00
         vertex 1.371512e-02 6.665051e+00 8.300000e+00
      endloop
   endfacet
   facet normal -9.692298e-01 2.461578e-01 0.000000e+00
      outer loop
         vertex 1.371512e-02 6.665051e+00 8.300000e+00
         vertex 1.371512e-02 6.665051e+00 9.700000e+00
         vertex 5.448377e-02 6.825575e+00 9.700000e+00
      endloop
   endfacet
   facet normal -9.692298e-01 2.461578e-01 0.000000e+00
      outer loop
         vertex 1.371512e-02 6.665051e+00 8.300000e+00
         vertex 5.448377e-02 6.825575e+00 9.700000e+00
         vertex 5.448377e-02 6.825575e+00 8.300000e+00
      endloop
   endfacet
   facet normal -9.153077e-01 4.027554e-01 0.000000e+00
      outer loop
         vertex 5.448377e-02 6.825575e+00 8.300000e+00
         vertex 5.448377e-02 6.825575e+00 9.700000e+00
         vertex 1.211881e-01 6.977168e+00 9.700000e+00
      endloop
   endfacet
   facet normal -9.153077e-01 4.027554e-01 0.000000e+00
      outer loop
         vertex 5.448377e-02 6.825575e+00 8.300000e+00
         vertex 1.211881e-01 6.977168e+00 9.700000e+00
         vertex 1.211881e-01 6.977168e+00 8.300000e+00
      endloop
   endfacet
   facet normal -8.362794e-01 5.483036e-01 0.000000e+00
      outer loop
         vertex 1.211881e-01 6.977168e+00 8.300000e+00
         vertex 1.211881e-01 6.977168e+00 9.700000e+00
         vertex 2.119981e-01 7.115673e+00 9.700000e+00
      endloop
   endfacet
   facet normal -8.362794e-01 5.483036e-01 0.000000e+00
      outer loop
         vertex 1.211881e-01 6.977168e+00 8.300000e+00
         vertex 2.119981e-01 7.115673e+00 9.700000e+00
         vertex 2.119981e-01 7.115673e+00 8.300000e+00
      endloop
   endfacet
   facet normal -7.343119e-01 6.788122e-01 0.000000e+00
      outer loop
         vertex 2.119981e-01 7.115673e+00 8.300000e+00
         vertex 2.119981e-01 7.115673e+00 9.700000e+00
         vertex 3.244230e-01 7.237290e+00 9.700000e+00
      endloop
   endfacet
   facet normal -7.343119e-01 6.788122e-01 0.000000e+00
      outer loop
         vertex 2.119981e-01 7.115673e+00 8.300000e+00
         vertex 3.244230e-01 7.237290e+00 9.700000e+00
         vertex 3.244230e-01 7.237290e+00 8.300000e+00
      endloop
   endfacet
   facet normal -6.122014e-01 7.907019e-01 0.000000e+00
      outer loop
         vertex 3.244230e-01 7.237290e+00 8.300000e+00
         vertex 3.244230e-01 7.237290e+00 9.700000e+00
         vertex 4.553790e-01 7.338682e+00 9.700000e+00
      endloop
   endfacet
   facet normal -6.122014e-01 7.907019e-01 0.000000e+00
      outer loop
         vertex 3.244230e-01 7.237290e+00 8.300000e+00
         vertex 4.553790e-01 7.338682e+00 9.700000e+00
         vertex 4.553790e-01 7.338682e+00 8.300000e+00
      endloop
   endfacet
   facet normal -4.732994e-01 8.809016e-01 0.000000e+00
      outer loop
         vertex 4.553790e-01 7.338682e+00 8.300000e+00
         vertex 4.553790e-01 7.338682e+00 9.700000e+00
         vertex 6.012740e-01 7.417070e+00 9.700000e+00
      endloop
   endfacet
   facet normal -4.732994e-01 8.809016e-01 0.000000e+00
      outer loop
         vertex 4.553790e-01 7.338682e+00 8.300000e+00
         vertex 6.012740e-01 7.417070e+00 9.700000e+00
         vertex 6.012740e-01 7.417070e+00 8.300000e+00
      endloop
   endfacet
   facet normal 6.246951e-01 7.808688e-01 0.000000e+00
      outer loop
         vertex 1.842013e+00 6.500000e+00 4.700000e+00
         vertex 3.092013e+00 5.500000e+00 4.700000e+00
         vertex 1.842013e+00 6.500000e+00 3.300000e+00
      endloop
   endfacet
   facet normal 6.246951e-01 7.808688e-01 0.000000e+00
      outer loop
         vertex 1.842013e+00 6.500000e+00 3.300000e+00
         vertex 3.092013e+00 5.500000e+00 4.700000e+00
         vertex 3.092013e+00 5.500000e+00 3.300000e+00
      endloop
   endfacet
   facet normal 6.246951e-01 -7.808688e-01 -2.418914e-16
      outer loop
         vertex 3.092013e+00 7.500000e+00 4.700000e+00
         vertex 1.842013e+00 6.500000e+00 4.700000e+00
         vertex 3.092013e+00 7.500000e+00 3.300000e+00
      endloop
   endfacet
   facet normal 6.246951e-01 -7.808688e-01 0.000000e+00
      outer loop
         vertex 3.092013e+00 7.500000e+00 3.300000e+00
         vertex 1.842013e+00 6.500000e+00 4.700000e+00
         vertex 1.842013e+00 6.500000e+00 3.300000e+00
      endloop
   endfacet
   facet normal -3.987261e-01 9.170700e-01 0.000000e+00
      outer loop
         vertex 6.012740e-01 7.417070e+00 4.700000e+00
         vertex 3.092013e+00 8.500000e+00 4.700000e+00
         vertex 6.012740e-01 7.417070e+00 3.300000e+00
      endloop
   endfacet
   facet normal -3.987261e-01 9.170700e-01 0.000000e+00
      outer loop
         vertex 6.012740e-01 7.417070e+00 3.300000e+00
         vertex 3.092013e+00 8.500000e+00 4.700000e+00
         vertex 3.092013e+00 8.500000e+00 3.300000e+00
      endloop
   endfacet
   facet normal -3.987261e-01 -9.170700e-01 0.000000e+00
      outer loop
         vertex 6.012740e-01 5.582930e+00 3.300000e+00
         vertex 3.092013e+00 4.500000e+00 3.300000e+00
         vertex 6.012740e-01 5.582930e+00 4.700000e+00
      endloop
   endfacet
   facet normal -3.987261e-01 -9.170700e-01 0.000000e+00
      outer loop
         vertex 6.012740e-01 5.582930e+00 4.700000e+00
         vertex 3.092013e+00 4.500000e+00 3.300000e+00
         vertex 3.092013e+00 4.500000e+00 4.700000e+00
      endloop
   endfacet
   facet normal 9.961948e-01 -8.715427e-02 0.000000e+00
      outer loop
         vertex 4.420129e-01 6.500000e+00 4.700000e+00
         vertex 4.420129e-01 6.500000e+00 3.300000e+00
         vertex 4.503685e-01 6.595507e+00 4.700000e+00
      endloop
   endfacet
   facet normal 9.961948e-01 -8.715427e-02 0.000000e+00
      outer loop
         vertex 4.503685e-01 6.595507e+00 4.700000e+00
         vertex 4.420129e-01 6.500000e+00 3.300000e+00
         vertex 4.503685e-01 6.595507e+00 3.300000e+00
      endloop
   endfacet
   facet normal 9.659255e-01 -2.588204e-01 0.000000e+00
      outer loop
         vertex 4.503685e-01 6.595507e+00 4.700000e+00
         vertex 4.503685e-01 6.595507e+00 3.300000e+00
         vertex 4.751820e-01 6.688111e+00 4.700000e+00
      endloop
   endfacet
   facet normal 9.659255e-01 -2.588204e-01 0.000000e+00
      outer loop
         vertex 4.751820e-01 6.688111e+00 4.700000e+00
         vertex 4.503685e-01 6.595507e+00 3.300000e+00
         vertex 4.751820e-01 6.688111e+00 3.300000e+00
      endloop
   endfacet
   facet normal 9.063078e-01 -4.226182e-01 0.000000e+00
      outer loop
         vertex 4.751820e-01 6.688111e+00 4.700000e+00
         vertex 4.751820e-01 6.688111e+00 3.300000e+00
         vertex 5.156989e-01 6.775000e+00 4.700000e+00
      endloop
   endfacet
   facet normal 9.063078e-01 -4.226182e-01 0.000000e+00
      outer loop
         vertex 5.156989e-01 6.775000e+00 4.700000e+00
         vertex 4.751820e-01 6.688111e+00 3.300000e+00
         vertex 5.156989e-01 6.775000e+00 3.300000e+00
      endloop
   endfacet
   facet normal 8.191523e-01 -5.735760e-01 0.000000e+00
      outer loop
         vertex 5.156989e-01 6.775000e+00 4.700000e+00
         vertex 5.156989e-01 6.775000e+00 3.300000e+00
         vertex 5.706884e-01 6.853533e+00 4.700000e+00
      endloop
   endfacet
   facet normal 8.191523e-01 -5.735760e-01 0.000000e+00
      outer loop
         vertex 5.706884e-01 6.853533e+00 4.700000e+00
         vertex 5.156989e-01 6.775000e+00 3.300000e+00
         vertex 5.706884e-01 6.853533e+00 3.300000e+00
      endloop
   endfacet
   facet normal 7.071071e-01 -7.071065e-01 0.000000e+00
      outer loop
         vertex 5.706884e-01 6.853533e+00 4.700000e+00
         vertex 5.706884e-01 6.853533e+00 3.300000e+00
         vertex 6.384796e-01 6.921325e+00 4.700000e+00
      endloop
   endfacet
   facet normal 7.071071e-01 -7.071065e-01 0.000000e+00
      outer loop
         vertex 6.384796e-01 6.921325e+00 4.700000e+00
         vertex 5.706884e-01 6.853533e+00 3.300000e+00
         vertex 6.384796e-01 6.921325e+00 3.300000e+00
      endloop
   endfacet
   facet normal 5.735757e-01 -8.191526e-01 0.000000e+00
      outer loop
         vertex 6.384796e-01 6.921325e+00 4.700000e+00
         vertex 6.384796e-01 6.921325e+00 3.300000e+00
         vertex 7.170129e-01 6.976314e+00 4.700000e+00
      endloop
   endfacet
   facet normal 5.735757e-01 -8.191526e-01 0.000000e+00
      outer loop
         vertex 7.170129e-01 6.976314e+00 4.700000e+00
         vertex 6.384796e-01 6.921325e+00 3.300000e+00
         vertex 7.170129e-01 6.976314e+00 3.300000e+00
      endloop
   endfacet
   facet normal 4.226185e-01 -9.063077e-01 0.000000e+00
      outer loop
         vertex 7.170129e-01 6.976314e+00 4.700000e+00
         vertex 7.170129e-01 6.976314e+00 3.300000e+00
         vertex 8.039018e-01 7.016831e+00 4.700000e+00
      endloop
   endfacet
   facet normal 4.226185e-01 -9.063077e-01 0.000000e+00
      outer loop
         vertex 8.039018e-01 7.016831e+00 4.700000e+00
         vertex 7.170129e-01 6.976314e+00 3.300000e+00
         vertex 8.039018e-01 7.016831e+00 3.300000e+00
      endloop
   endfacet
   facet normal 2.588196e-01 -9.659257e-01 0.000000e+00
      outer loop
         vertex 8.039018e-01 7.016831e+00 4.700000e+00
         vertex 8.039018e-01 7.016831e+00 3.300000e+00
         vertex 8.965062e-01 7.041644e+00 4.700000e+00
      endloop
   endfacet
   facet normal 2.588196e-01 -9.659257e-01 0.000000e+00
      outer loop
         vertex 8.965062e-01 7.041644e+00 4.700000e+00
         vertex 8.039018e-01 7.016831e+00 3.300000e+00
         vertex 8.965062e-01 7.041644e+00 3.300000e+00
      endloop
   endfacet
   facet normal 8.715532e-02 -9.961947e-01 0.000000e+00
      outer loop
         vertex 8.965062e-01 7.041644e+00 4.700000e+00
         vertex 8.965062e-01 7.041644e+00 3.300000e+00
         vertex 9.920129e-01 7.050000e+00 4.700000e+00
      endloop
   endfacet
   facet normal 8.715532e-02 -9.961947e-01 0.000000e+00
      outer loop
         vertex 9.920129e-01 7.050000e+00 4.700000e+00
         vertex 8.965062e-01 7.041644e+00 3.300000e+00
         vertex 9.920129e-01 7.050000e+00 3.300000e+00
      endloop
   endfacet
   facet normal -8.715553e-02 -9.961947e-01 -0.000000e+00
      outer loop
         vertex 9.920129e-01 7.050000e+00 4.700000e+00
         vertex 9.920129e-01 7.050000e+00 3.300000e+00
         vertex 1.087519e+00 7.041644e+00 4.700000e+00
      endloop
   endfacet
   facet normal -8.715553e-02 -9.961947e-01 -0.000000e+00
      outer loop
         vertex 1.087519e+00 7.041644e+00 4.700000e+00
         vertex 9.920129e-01 7.050000e+00 3.300000e+00
         vertex 1.087519e+00 7.041644e+00 3.300000e+00
      endloop
   endfacet
   facet normal -2.588193e-01 -9.659257e-01 -0.000000e+00
      outer loop
         vertex 1.087519e+00 7.041644e+00 4.700000e+00
         vertex 1.087519e+00 7.041644e+00 3.300000e+00
         vertex 1.180124e+00 7.016831e+00 4.700000e+00
      endloop
   endfacet
   facet normal -2.588193e-01 -9.659257e-01 -0.000000e+00
      outer loop
         vertex 1.180124e+00 7.016831e+00 4.700000e+00
         vertex 1.087519e+00 7.041644e+00 3.300000e+00
         vertex 1.180124e+00 7.016831e+00 3.300000e+00
      endloop
   endfacet
   facet normal -4.226185e-01 -9.063077e-01 -0.000000e+00
      outer loop
         vertex 1.180124e+00 7.016831e+00 4.700000e+00
         vertex 1.180124e+00 7.016831e+00 3.300000e+00
         vertex 1.267013e+00 6.976314e+00 4.700000e+00
      endloop
   endfacet
   facet normal -4.226185e-01 -9.063077e-01 -0.000000e+00
      outer loop
         vertex 1.267013e+00 6.976314e+00 4.700000e+00
         vertex 1.180124e+00 7.016831e+00 3.300000e+00
         vertex 1.267013e+00 6.976314e+00 3.300000e+00
      endloop
   endfacet
   facet normal -5.735762e-01 -8.191522e-01 -0.000000e+00
      outer loop
         vertex 1.267013e+00 6.976314e+00 4.700000e+00
         vertex 1.267013e+00 6.976314e+00 3.300000e+00
         vertex 1.345546e+00 6.921325e+00 4.700000e+00
      endloop
   endfacet
   facet normal -5.735762e-01 -8.191522e-01 -0.000000e+00
      outer loop
         vertex 1.345546e+00 6.921325e+00 4.700000e+00
         vertex 1.267013e+00 6.976314e+00 3.300000e+00
         vertex 1.345546e+00 6.921325e+00 3.300000e+00
      endloop
   endfacet
   facet normal -7.071065e-01 -7.071071e-01 -0.000000e+00
      outer loop
         vertex 1.345546e+00 6.921325e+00 4.700000e+00
         vertex 1.345546e+00 6.921325e+00 3.300000e+00
         vertex 1.413337e+00 6.853533e+00 4.700000e+00
      endloop
   endfacet
   facet normal -7.071065e-01 -7.071071e-01 -0.000000e+00
      outer loop
         vertex 1.413337e+00 6.853533e+00 4.700000e+00
         vertex 1.345546e+00 6.921325e+00 3.300000e+00
         vertex 1.413337e+00 6.853533e+00 3.300000e+00
      endloop
   endfacet
   facet normal -8.191523e-01 -5.735760e-01 -0.000000e+00
      outer loop
         vertex 1.413337e+00 6.853533e+00 4.700000e+00
         vertex 1.413337e+00 6.853533e+00 3.300000e+00
         vertex 1.468327e+00 6.775000e+00 4.700000e+00
      endloop
   endfacet
   facet normal -8.191523e-01 -5.735760e-01 -0.000000e+00
      outer loop
         vertex 1.468327e+00 6.775000e+00 4.700000e+00
         vertex 1.413337e+00 6.853533e+00 3.300000e+00
         vertex 1.468327e+00 6.775000e+00 3.300000e+00
      endloop
   endfacet
   facet normal -9.063078e-01 -4.226182e-01 -0.000000e+00
      outer loop
         vertex 1.468327e+00 6.775000e+00 4.700000e+00
         vertex 1.468327e+00 6.775000e+00 3.300000e+00
         vertex 1.508844e+00 6.688111e+00 4.700000e+00
      endloop
   endfacet
   facet normal -9.063078e-01 -4.226182e-01 -0.000000e+00
      outer loop
         vertex 1.508844e+00 6.688111e+00 4.700000e+00
         vertex 1.468327e+00 6.775000e+00 3.300000e+00
         vertex 1.508844e+00 6.688111e+00 3.300000e+00
      endloop
   endfacet
   facet normal -9.659258e-01 -2.588192e-01 -0.000000e+00
      outer loop
         vertex 1.508844e+00 6.688111e+00 4.700000e+00
         vertex 1.508844e+00 6.688111e+00 3.300000e+00
         vertex 1.533657e+00 6.595507e+00 4.700000e+00
      endloop
   endfacet
   facet normal -9.659258e-01 -2.588192e-01 -0.000000e+00
      outer loop
         vertex 1.533657e+00 6.595507e+00 4.700000e+00
         vertex 1.508844e+00 6.688111e+00 3.300000e+00
         vertex 1.533657e+00 6.595507e+00 3.300000e+00
      endloop
   endfacet
   facet normal -9.961947e-01 -8.715547e-02 -0.000000e+00
      outer loop
         vertex 1.533657e+00 6.595507e+00 4.700000e+00
         vertex 1.533657e+00 6.595507e+00 3.300000e+00
         vertex 1.542013e+00 6.500000e+00 4.700000e+00
      endloop
   endfacet
   facet normal -9.961947e-01 -8.715547e-02 -0.000000e+00
      outer loop
         vertex 1.542013e+00 6.500000e+00 4.700000e+00
         vertex 1.533657e+00 6.595507e+00 3.300000e+00
         vertex 1.542013e+00 6.500000e+00 3.300000e+00
      endloop
   endfacet
   facet normal -9.961947e-01 8.715547e-02 0.000000e+00
      outer loop
         vertex 1.542013e+00 6.500000e+00 4.700000e+00
         vertex 1.542013e+00 6.500000e+00 3.300000e+00
         vertex 1.533657e+00 6.404494e+00 4.700000e+00
      endloop
   endfacet
   facet normal -9.961947e-01 8.715547e-02 0.000000e+00
      outer loop
         vertex 1.533657e+00 6.404494e+00 4.700000e+00
         vertex 1.542013e+00 6.500000e+00 3.300000e+00
         vertex 1.533657e+00 6.404494e+00 3.300000e+00
      endloop
   endfacet
   facet normal -9.659258e-01 2.588192e-01 0.000000e+00
      outer loop
         vertex 1.533657e+00 6.404494e+00 4.700000e+00
         vertex 1.533657e+00 6.404494e+00 3.300000e+00
         vertex 1.508844e+00 6.311889e+00 4.700000e+00
      endloop
   endfacet
   facet normal -9.659258e-01 2.588192e-01 0.000000e+00
      outer loop
         vertex 1.508844e+00 6.311889e+00 4.700000e+00
         vertex 1.533657e+00 6.404494e+00 3.300000e+00
         vertex 1.508844e+00 6.311889e+00 3.300000e+00
      endloop
   endfacet
   facet normal -9.063078e-01 4.226182e-01 0.000000e+00
      outer loop
         vertex 1.508844e+00 6.311889e+00 4.700000e+00
         vertex 1.508844e+00 6.311889e+00 3.300000e+00
         vertex 1.468327e+00 6.225000e+00 4.700000e+00
      endloop
   endfacet
   facet normal -9.063078e-01 4.226182e-01 0.000000e+00
      outer loop
         vertex 1.468327e+00 6.225000e+00 4.700000e+00
         vertex 1.508844e+00 6.311889e+00 3.300000e+00
         vertex 1.468327e+00 6.225000e+00 3.300000e+00
      endloop
   endfacet
   facet normal -8.191523e-01 5.735760e-01 0.000000e+00
      outer loop
         vertex 1.468327e+00 6.225000e+00 4.700000e+00
         vertex 1.468327e+00 6.225000e+00 3.300000e+00
         vertex 1.413337e+00 6.146467e+00 4.700000e+00
      endloop
   endfacet
   facet normal -8.191523e-01 5.735760e-01 0.000000e+00
      outer loop
         vertex 1.413337e+00 6.146467e+00 4.700000e+00
         vertex 1.468327e+00 6.225000e+00 3.300000e+00
         vertex 1.413337e+00 6.146467e+00 3.300000e+00
      endloop
   endfacet
   facet normal -7.071065e-01 7.071071e-01 0.000000e+00
      outer loop
         vertex 1.413337e+00 6.146467e+00 4.700000e+00
         vertex 1.413337e+00 6.146467e+00 3.300000e+00
         vertex 1.345546e+00 6.078676e+00 4.700000e+00
      endloop
   endfacet
   facet normal -7.071065e-01 7.071071e-01 0.000000e+00
      outer loop
         vertex 1.345546e+00 6.078676e+00 4.700000e+00
         vertex 1.413337e+00 6.146467e+00 3.300000e+00
         vertex 1.345546e+00 6.078676e+00 3.300000e+00
      endloop
   endfacet
   facet normal -5.735762e-01 8.191522e-01 0.000000e+00
      outer loop
         vertex 1.345546e+00 6.078676e+00 4.700000e+00
         vertex 1.345546e+00 6.078676e+00 3.300000e+00
         vertex 1.267013e+00 6.023686e+00 4.700000e+00
      endloop
   endfacet
   facet normal -5.735762e-01 8.191522e-01 0.000000e+00
      outer loop
         vertex 1.267013e+00 6.023686e+00 4.700000e+00
         vertex 1.345546e+00 6.078676e+00 3.300000e+00
         vertex 1.267013e+00 6.023686e+00 3.300000e+00
      endloop
   endfacet
   facet normal -4.226185e-01 9.063077e-01 0.000000e+00
      outer loop
         vertex 1.267013e+00 6.023686e+00 4.700000e+00
         vertex 1.267013e+00 6.023686e+00 3.300000e+00
         vertex 1.180124e+00 5.983169e+00 4.700000e+00
      endloop
   endfacet
   facet normal -4.226185e-01 9.063077e-01 0.000000e+00
      outer loop
         vertex 1.180124e+00 5.983169e+00 4.700000e+00
         vertex 1.267013e+00 6.023686e+00 3.300000e+00
         vertex 1.180124e+00 5.983169e+00 3.300000e+00
      endloop
   endfacet
   facet normal -2.588193e-01 9.659257e-01 0.000000e+00
      outer loop
         vertex 1.180124e+00 5.983169e+00 4.700000e+00
         vertex 1.180124e+00 5.983169e+00 3.300000e+00
         vertex 1.087519e+00 5.958356e+00 4.700000e+00
      endloop
   endfacet
   facet normal -2.588193e-01 9.659257e-01 0.000000e+00
      outer loop
         vertex 1.087519e+00 5.958356e+00 4.700000e+00
         vertex 1.180124e+00 5.983169e+00 3.300000e+00
         vertex 1.087519e+00 5.958356e+00 3.300000e+00
      endloop
   endfacet
   facet normal -8.715553e-02 9.961947e-01 0.000000e+00
      outer loop
         vertex 1.087519e+00 5.958356e+00 4.700000e+00
         vertex 1.087519e+00 5.958356e+00 3.300000e+00
         vertex 9.920129e-01 5.950000e+00 4.700000e+00
      endloop
   endfacet
   facet normal -8.715553e-02 9.961947e-01 0.000000e+00
      outer loop
         vertex 9.920129e-01 5.950000e+00 4.700000e+00
         vertex 1.087519e+00 5.958356e+00 3.300000e+00
         vertex 9.920129e-01 5.950000e+00 3.300000e+00
      endloop
   endfacet
   facet normal 8.715532e-02 9.961947e-01 0.000000e+00
      outer loop
         vertex 9.920129e-01 5.950000e+00 4.700000e+00
         vertex 9.920129e-01 5.950000e+00 3.300000e+00
         vertex 8.965062e-01 5.958356e+00 4.700000e+00
      endloop
   endfacet
   facet normal 8.715532e-02 9.961947e-01 0.000000e+00
      outer loop
         vertex 8.965062e-01 5.958356e+00 4.700000e+00
         vertex 9.920129e-01 5.950000e+00 3.300000e+00
         vertex 8.965062e-01 5.958356e+00 3.300000e+00
      endloop
   endfacet
   facet normal 2.588196e-01 9.659257e-01 0.000000e+00
      outer loop
         vertex 8.965062e-01 5.958356e+00 4.700000e+00
         vertex 8.965062e-01 5.958356e+00 3.300000e+00
         vertex 8.039018e-01 5.983169e+00 4.700000e+00
      endloop
   endfacet
   facet normal 2.588196e-01 9.659257e-01 0.000000e+00
      outer loop
         vertex 8.039018e-01 5.983169e+00 4.700000e+00
         vertex 8.965062e-01 5.958356e+00 3.300000e+00
         vertex 8.039018e-01 5.983169e+00 3.300000e+00
      endloop
   endfacet
   facet normal 4.226185e-01 9.063077e-01 0.000000e+00
      outer loop
         vertex 8.039018e-01 5.983169e+00 4.700000e+00
         vertex 8.039018e-01 5.983169e+00 3.300000e+00
         vertex 7.170129e-01 6.023686e+00 4.700000e+00
      endloop
   endfacet
   facet normal 4.226185e-01 9.063077e-01 0.000000e+00
      outer loop
         vertex 7.170129e-01 6.023686e+00 4.700000e+00
         vertex 8.039018e-01 5.983169e+00 3.300000e+00
         vertex 7.170129e-01 6.023686e+00 3.300000e+00
      endloop
   endfacet
   facet normal 5.735757e-01 8.191526e-01 0.000000e+00
      outer loop
         vertex 7.170129e-01 6.023686e+00 4.700000e+00
         vertex 7.170129e-01 6.023686e+00 3.300000e+00
         vertex 6.384796e-01 6.078676e+00 4.700000e+00
      endloop
   endfacet
   facet normal 5.735757e-01 8.191526e-01 0.000000e+00
      outer loop
         vertex 6.384796e-01 6.078676e+00 4.700000e+00
         vertex 7.170129e-01 6.023686e+00 3.300000e+00
         vertex 6.384796e-01 6.078676e+00 3.300000e+00
      endloop
   endfacet
   facet normal 7.071071e-01 7.071065e-01 0.000000e+00
      outer loop
         vertex 6.384796e-01 6.078676e+00 4.700000e+00
         vertex 6.384796e-01 6.078676e+00 3.300000e+00
         vertex 5.706884e-01 6.146467e+00 4.700000e+00
      endloop
   endfacet
   facet normal 7.071071e-01 7.071065e-01 0.000000e+00
      outer loop
         vertex 5.706884e-01 6.146467e+00 4.700000e+00
         vertex 6.384796e-01 6.078676e+00 3.300000e+00
         vertex 5.706884e-01 6.146467e+00 3.300000e+00
      endloop
   endfacet
   facet normal 8.191523e-01 5.735760e-01 0.000000e+00
      outer loop
         vertex 5.706884e-01 6.146467e+00 4.700000e+00
         vertex 5.706884e-01 6.146467e+00 3.300000e+00
         vertex 5.156989e-01 6.225000e+00 4.700000e+00
      endloop
   endfacet
   facet normal 8.191523e-01 5.735760e-01 0.000000e+00
      outer loop
         vertex 5.156989e-01 6.225000e+00 4.700000e+00
         vertex 5.706884e-01 6.146467e+00 3.300000e+00
         vertex 5.156989e-01 6.225000e+00 3.300000e+00
      endloop
   endfacet
   facet normal 9.063078e-01 4.226182e-01 0.000000e+00
      outer loop
         vertex 5.156989e-01 6.225000e+00 4.700000e+00
         vertex 5.156989e-01 6.225000e+00 3.300000e+00
         vertex 4.751820e-01 6.311889e+00 4.700000e+00
      endloop
   endfacet
   facet normal 9.063078e-01 4.226182e-01 0.000000e+00
      outer loop
         vertex 4.751820e-01 6.311889e+00 4.700000e+00
         vertex 5.156989e-01 6.225000e+00 3.300000e+00
         vertex 4.751820e-01 6.311889e+00 3.300000e+00
      endloop
   endfacet
   facet normal 9.659255e-01 2.588204e-01 0.000000e+00
      outer loop
         vertex 4.751820e-01 6.311889e+00 4.700000e+00
         vertex 4.751820e-01 6.311889e+00 3.300000e+00
         vertex 4.503685e-01 6.404494e+00 4.700000e+00
      endloop
   endfacet
   facet normal 9.659255e-01 2.588204e-01 0.000000e+00
      outer loop
         vertex 4.503685e-01 6.404494e+00 4.700000e+00
         vertex 4.751820e-01 6.311889e+00 3.300000e+00
         vertex 4.503685e-01 6.404494e+00 3.300000e+00
      endloop
   endfacet
   facet normal 9.961948e-01 8.715427e-02 0.000000e+00
      outer loop
         vertex 4.503685e-01 6.404494e+00 4.700000e+00
         vertex 4.503685e-01 6.404494e+00 3.300000e+00
         vertex 4.420129e-01 6.500000e+00 4.700000e+00
      endloop
   endfacet
   facet normal 9.961948e-01 8.715427e-02 0.000000e+00
      outer loop
         vertex 4.420129e-01 6.500000e+00 4.700000e+00
         vertex 4.503685e-01 6.404494e+00 3.300000e+00
         vertex 4.420129e-01 6.500000e+00 3.300000e+00
      endloop
   endfacet
   facet normal -0.000000e+00 0.000000e+00 1.000000e+00
      outer loop
         vertex 1.267013e+00 6.023686e+00 4.700000e+00
         vertex 3.092013e+00 4.500000e+00 4.700000e+00
         vertex 1.345546e+00 6.078676e+00 4.700000e+00
      endloop
   endfacet
   facet normal -0.000000e+00 0.000000e+00 1.000000e+00
      outer loop
         vertex 1.345546e+00 6.078676e+00 4.700000e+00
         vertex 3.092013e+00 4.500000e+00 4.700000e+00
         vertex 1.413337e+00 6.146467e+00 4.700000e+00
      endloop
   endfacet
   facet normal 0.000000e+00 0.000000e+00 1.000000e+00
      outer loop
         vertex 6.012740e-01 7.417070e+00 4.700000e+00
         vertex 8.965062e-01 7.041644e+00 4.700000e+00
         vertex 9.920129e-01 7.050000e+00 4.700000e+00
      endloop
   endfacet
   facet normal -0.000000e+00 0.000000e+00 1.000000e+00
      outer loop
         vertex 1.413337e+00 6.146467e+00 4.700000e+00
         vertex 3.092013e+00 4.500000e+00 4.700000e+00
         vertex 1.468327e+00 6.225000e+00 4.700000e+00
      endloop
   endfacet
   facet normal 0.000000e+00 0.000000e+00 1.000000e+00
      outer loop
         vertex 1.468327e+00 6.225000e+00 4.700000e+00
         vertex 3.092013e+00 4.500000e+00 4.700000e+00
         vertex 3.092013e+00 5.500000e+00 4.700000e+00
      endloop
   endfacet
   facet normal -0.000000e+00 0.000000e+00 1.000000e+00
      outer loop
         vertex 1.468327e+00 6.225000e+00 4.700000e+00
         vertex 3.092013e+00 5.500000e+00 4.700000e+00
         vertex 1.508844e+00 6.311889e+00 4.700000e+00
      endloop
   endfacet
   facet normal -0.000000e+00 0.000000e+00 1.000000e+00
      outer loop
         vertex 6.012740e-01 7.417070e+00 4.700000e+00
         vertex 9.920129e-01 7.050000e+00 4.700000e+00
         vertex 3.092013e+00 8.500000e+00 4.700000e+00
      endloop
   endfacet
   facet normal 0.000000e+00 0.000000e+00 1.000000e+00
      outer loop
         vertex 1.267013e+00 6.023686e+00 4.700000e+00
         vertex 1.180124e+00 5.983169e+00 4.700000e+00
         vertex 3.092013e+00 4.500000e+00 4.700000e+00
      endloop
   endfacet
   facet normal 0.000000e+00 0.000000e+00 1.000000e+00
      outer loop
         vertex 3.092013e+00 4.500000e+00 4.700000e+00
         vertex 1.180124e+00 5.983169e+00 4.700000e+00
         vertex 1.087519e+00 5.958356e+00 4.700000e+00
      endloop
   endfacet
   facet normal 0.000000e+00 0.000000e+00 1.000000e+00
      outer loop
         vertex 3.092013e+00 4.500000e+00 4.700000e+00
         vertex 1.087519e+00 5.958356e+00 4.700000e+00
         vertex 6.012740e-01 5.582930e+00 4.700000e+00
      endloop
   endfacet
   facet normal 0.000000e+00 0.000000e+00 1.000000e+00
      outer loop
         vertex 6.012740e-01 5.582930e+00 4.700000e+00
         vertex 1.087519e+00 5.958356e+00 4.700000e+00
         vertex 9.920129e-01 5.950000e+00 4.700000e+00
      endloop
   endfacet
   facet normal -0.000000e+00 0.000000e+00 1.000000e+00
      outer loop
         vertex 9.920129e-01 7.050000e+00 4.700000e+00
         vertex 1.087519e+00 7.041644e+00 4.700000e+00
         vertex 3.092013e+00 8.500000e+00 4.700000e+00
      endloop
   endfacet
   facet normal 0.000000e+00 0.000000e+00 1.000000e+00
      outer loop
         vertex 3.092013e+00 8.500000e+00 4.700000e+00
         vertex 1.087519e+00 7.041644e+00 4.700000e+00
         vertex 1.180124e+00 7.016831e+00 4.700000e+00
      endloop
   endfacet
   facet normal 0.000000e+00 0.000000e+00 1.000000e+00
      outer loop
         vertex 3.092013e+00 8.500000e+00 4.700000e+00
         vertex 1.180124e+00 7.016831e+00 4.700000e+00
         vertex 1.267013e+00 6.976314e+00 4.700000e+00
      endloop
   endfacet
   facet normal 0.000000e+00 0.000000e+00 1.000000e+00
      outer loop
         vertex 3.092013e+00 7.500000e+00 4.700000e+00
         vertex 1.533657e+00 6.595507e+00 4.700000e+00
         vertex 1.842013e+00 6.500000e+00 4.700000e+00
      endloop
   endfacet
   facet normal 0.000000e+00 0.000000e+00 1.000000e+00
      outer loop
         vertex 1.842013e+00 6.500000e+00 4.700000e+00
         vertex 1.533657e+00 6.595507e+00 4.700000e+00
         vertex 1.542013e+00 6.500000e+00 4.700000e+00
      endloop
   endfacet
   facet normal 0.000000e+00 0.000000e+00 1.000000e+00
      outer loop
         vertex 1.842013e+00 6.500000e+00 4.700000e+00
         vertex 1.542013e+00 6.500000e+00 4.700000e+00
         vertex 3.092013e+00 5.500000e+00 4.700000e+00
      endloop
   endfacet
   facet normal 0.000000e+00 0.000000e+00 1.000000e+00
      outer loop
         vertex 3.092013e+00 5.500000e+00 4.700000e+00
         vertex 1.542013e+00 6.500000e+00 4.700000e+00
         vertex 1.533657e+00 6.404494e+00 4.700000e+00
      endloop
   endfacet
   facet normal 0.000000e+00 0.000000e+00 1.000000e+00
      outer loop
         vertex 3.092013e+00 5.500000e+00 4.700000e+00
         vertex 1.533657e+00 6.404494e+00 4.700000e+00
         vertex 1.508844e+00 6.311889e+00 4.700000e+00
      endloop
   endfacet
   facet normal 0.000000e+00 0.000000e+00 1.000000e+00
      outer loop
         vertex 9.920129e-01 5.950000e+00 4.700000e+00
         vertex 8.965062e-01 5.958356e+00 4.700000e+00
         vertex 6.012740e-01 5.582930e+00 4.700000e+00
      endloop
   endfacet
   facet normal 0.000000e+00 0.000000e+00 1.000000e+00
      outer loop
         vertex 6.012740e-01 5.582930e+00 4.700000e+00
         vertex 8.965062e-01 5.958356e+00 4.700000e+00
         vertex 8.039018e-01 5.983169e+00 4.700000e+00
      endloop
   endfacet
   facet normal 0.000000e+00 -0.000000e+00 1.000000e+00
      outer loop
         vertex 6.012740e-01 5.582930e+00 4.700000e+00
         vertex 8.039018e-01 5.983169e+00 4.700000e+00
         vertex 4.553790e-01 5.661318e+00 4.700000e+00
      endloop
   endfacet
   facet normal 0.000000e+00 0.000000e+00 1.000000e+00
      outer loop
         vertex 4.553790e-01 5.661318e+00 4.700000e+00
         vertex 8.039018e-01 5.983169e+00 4.700000e+00
         vertex 7.170129e-01 6.023686e+00 4.700000e+00
      endloop
   endfacet
   facet normal 0.000000e+00 -0.000000e+00 1.000000e+00
      outer loop
         vertex 4.553790e-01 5.661318e+00 4.700000e+00
         vertex 7.170129e-01 6.023686e+00 4.700000e+00
         vertex 3.244230e-01 5.762711e+00 4.700000e+00
      endloop
   endfacet
   facet normal 0.000000e+00 0.000000e+00 1.000000e+00
      outer loop
         vertex 3.244230e-01 5.762711e+00 4.700000e+00
         vertex 7.170129e-01 6.023686e+00 4.700000e+00
         vertex 6.384796e-01 6.078676e+00 4.700000e+00
      endloop
   endfacet
   facet normal 0.000000e+00 -0.000000e+00 1.000000e+00
      outer loop
         vertex 3.244230e-01 5.762711e+00 4.700000e+00
         vertex 6.384796e-01 6.078676e+00 4.700000e+00
         vertex 2.119981e-01 5.884327e+00 4.700000e+00
      endloop
   endfacet
   facet normal 0.000000e+00 0.000000e+00 1.000000e+00
      outer loop
         vertex 2.119981e-01 5.884327e+00 4.700000e+00
         vertex 6.384796e-01 6.078676e+00 4.700000e+00
         vertex 5.706884e-01 6.146467e+00 4.700000e+00
      endloop
   endfacet
   facet normal 0.000000e+00 -0.000000e+00 1.000000e+00
      outer loop
         vertex 2.119981e-01 5.884327e+00 4.700000e+00
         vertex 5.706884e-01 6.146467e+00 4.700000e+00
         vertex 1.211881e-01 6.022832e+00 4.700000e+00
      endloop
   endfacet
   facet normal 0.000000e+00 0.000000e+00 1.000000e+00
      outer loop
         vertex 1.211881e-01 6.022832e+00 4.700000e+00
         vertex 5.706884e-01 6.146467e+00 4.700000e+00
         vertex 5.156989e-01 6.225000e+00 4.700000e+00
      endloop
   endfacet
   facet normal 0.000000e+00 -0.000000e+00 1.000000e+00
      outer loop
         vertex 1.211881e-01 6.022832e+00 4.700000e+00
         vertex 5.156989e-01 6.225000e+00 4.700000e+00
         vertex 5.448377e-02 6.174425e+00 4.700000e+00
      endloop
   endfacet
   facet normal 0.000000e+00 0.000000e+00 1.000000e+00
      outer loop
         vertex 5.448377e-02 6.174425e+00 4.700000e+00
         vertex 5.156989e-01 6.225000e+00 4.700000e+00
         vertex 4.751820e-01 6.311889e+00 4.700000e+00
      endloop
   endfacet
   facet normal 0.000000e+00 -0.000000e+00 1.000000e+00
      outer loop
         vertex 5.448377e-02 6.174425e+00 4.700000e+00
         vertex 4.751820e-01 6.311889e+00 4.700000e+00
         vertex 1.371512e-02 6.334949e+00 4.700000e+00
      endloop
   endfacet
   facet normal -0.000000e+00 0.000000e+00 1.000000e+00
      outer loop
         vertex 1.371512e-02 6.334949e+00 4.700000e+00
         vertex 4.751820e-01 6.311889e+00 4.700000e+00
         vertex 4.503685e-01 6.404494e+00 4.700000e+00
      endloop
   endfacet
   facet normal 0.000000e+00 -0.000000e+00 1.000000e+00
      outer loop
         vertex 1.371512e-02 6.334949e+00 4.700000e+00
         vertex 4.503685e-01 6.404494e+00 4.700000e+00
         vertex 0.000000e+00 6.500000e+00 4.700000e+00
      endloop
   endfacet
   facet normal 0.000000e+00 0.000000e+00 1.000000e+00
      outer loop
         vertex 0.000000e+00 6.500000e+00 4.700000e+00
         vertex 4.503685e-01 6.404494e+00 4.700000e+00
         vertex 4.420129e-01 6.500000e+00 4.700000e+00
      endloop
   endfacet
   facet normal -0.000000e+00 0.000000e+00 1.000000e+00
      outer loop
         vertex 0.000000e+00 6.500000e+00 4.700000e+00
         vertex 4.420129e-01 6.500000e+00 4.700000e+00
         vertex 1.371512e-02 6.665051e+00 4.700000e+00
      endloop
   endfacet
   facet normal 0.000000e+00 0.000000e+00 1.000000e+00
      outer loop
         vertex 1.371512e-02 6.665051e+00 4.700000e+00
         vertex 4.420129e-01 6.500000e+00 4.700000e+00
         vertex 4.503685e-01 6.595507e+00 4.700000e+00
      endloop
   endfacet
   facet normal -0.000000e+00 0.000000e+00 1.000000e+00
      outer loop
         vertex 1.371512e-02 6.665051e+00 4.700000e+00
         vertex 4.503685e-01 6.595507e+00 4.700000e+00
         vertex 5.448377e-02 6.825575e+00 4.700000e+00
      endloop
   endfacet
   facet normal 0.000000e+00 0.000000e+00 1.000000e+00
      outer loop
         vertex 5.448377e-02 6.825575e+00 4.700000e+00
         vertex 4.503685e-01 6.595507e+00 4.700000e+00
         vertex 4.751820e-01 6.688111e+00 4.700000e+00
      endloop
   endfacet
   facet normal -0.000000e+00 0.000000e+00 1.000000e+00
      outer loop
         vertex 5.448377e-02 6.825575e+00 4.700000e+00
         vertex 4.751820e-01 6.688111e+00 4.700000e+00
         vertex 1.211881e-01 6.977168e+00 4.700000e+00
      endloop
   endfacet
   facet normal 0.000000e+00 0.000000e+00 1.000000e+00
      outer loop
         vertex 1.211881e-01 6.977168e+00 4.700000e+00
         vertex 4.751820e-01 6.688111e+00 4.700000e+00
         vertex 5.156989e-01 6.775000e+00 4.700000e+00
      endloop
   endfacet
   facet normal -0.000000e+00 0.000000e+00 1.000000e+00
      outer loop
         vertex 1.211881e-01 6.977168e+00 4.700000e+00
         vertex 5.156989e-01 6.775000e+00 4.700000e+00
         vertex 2.119981e-01 7.115673e+00 4.700000e+00
      endloop
   endfacet
   facet normal 0.000000e+00 0.000000e+00 1.000000e+00
      outer loop
         vertex 2.119981e-01 7.115673e+00 4.700000e+00
         vertex 5.156989e-01 6.775000e+00 4.700000e+00
         vertex 5.706884e-01 6.853533e+00 4.700000e+00
      endloop
   endfacet
   facet normal -0.000000e+00 0.000000e+00 1.000000e+00
      outer loop
         vertex 2.119981e-01 7.115673e+00 4.700000e+00
         vertex 5.706884e-01 6.853533e+00 4.700000e+00
         vertex 3.244230e-01 7.237290e+00 4.700000e+00
      endloop
   endfacet
   facet normal 0.000000e+00 0.000000e+00 1.000000e+00
      outer loop
         vertex 3.244230e-01 7.237290e+00 4.700000e+00
         vertex 5.706884e-01 6.853533e+00 4.700000e+00
         vertex 6.384796e-01 6.921325e+00 4.700000e+00
      endloop
   endfacet
   facet normal -0.000000e+00 0.000000e+00 1.000000e+00
      outer loop
         vertex 3.244230e-01 7.237290e+00 4.700000e+00
         vertex 6.384796e-01 6.921325e+00 4.700000e+00
         vertex 4.553790e-01 7.338682e+00 4.700000e+00
      endloop
   endfacet
   facet normal 0.000000e+00 0.000000e+00 1.000000e+00
      outer loop
         vertex 4.553790e-01 7.338682e+00 4.700000e+00
         vertex 6.384796e-01 6.921325e+00 4.700000e+00
         vertex 7.170129e-01 6.976314e+00 4.700000e+00
      endloop
   endfacet
   facet normal -0.000000e+00 0.000000e+00 1.000000e+00
      outer loop
         vertex 4.553790e-01 7.338682e+00 4.700000e+00
         vertex 7.170129e-01 6.976314e+00 4.700000e+00
         vertex 6.012740e-01 7.417070e+00 4.700000e+00
      endloop
   endfacet
   facet normal 0.000000e+00 0.000000e+00 1.000000e+00
      outer loop
         vertex 6.012740e-01 7.417070e+00 4.700000e+00
         vertex 7.170129e-01 6.976314e+00 4.700000e+00
         vertex 8.039018e-01 7.016831e+00 4.700000e+00
      endloop
   endfacet
   facet normal 0.000000e+00 0.000000e+00 1.000000e+00
      outer loop
         vertex 6.012740e-01 7.417070e+00 4.700000e+00
         vertex 8.039018e-01 7.016831e+00 4.700000e+00
         vertex 8.965062e-01 7.041644e+00 4.700000e+00
      endloop
   endfacet
   facet normal -0.000000e+00 0.000000e+00 1.000000e+00
      outer loop
         vertex 1.267013e+00 6.976314e+00 4.700000e+00
         vertex 1.345546e+00 6.921325e+00 4.700000e+00
         vertex 3.092013e+00 8.500000e+00 4.700000e+00
      endloop
   endfacet
   facet normal 0.000000e+00 0.000000e+00 1.000000e+00
      outer loop
         vertex 3.092013e+00 8.500000e+00 4.700000e+00
         vertex 1.345546e+00 6.921325e+00 4.700000e+00
         vertex 1.413337e+00 6.853533e+00 4.700000e+00
      endloop
   endfacet
   facet normal 0.000000e+00 0.000000e+00 1.000000e+00
      outer loop
         vertex 3.092013e+00 8.500000e+00 4.700000e+00
         vertex 1.413337e+00 6.853533e+00 4.700000e+00
         vertex 3.092013e+00 7.812500e+00 4.700000e+00
      endloop
   endfacet
   facet normal 0.000000e+00 0.000000e+00 1.000000e+00
      outer loop
         vertex 3.092013e+00 7.812500e+00 4.700000e+00
         vertex 1.413337e+00 6.853533e+00 4.700000e+00
         vertex 1.468327e+00 6.775000e+00 4.700000e+00
      endloop
   endfacet
   facet normal 0.000000e+00 0.000000e+00 1.000000e+00
      outer loop
         vertex 3.092013e+00 7.812500e+00 4.700000e+00
         vertex 1.468327e+00 6.775000e+00 4.700000e+00
         vertex 3.092013e+00 7.500000e+00 4.700000e+00
      endloop
   endfacet
   facet normal 0.000000e+00 0.000000e+00 1.000000e+00
      outer loop
         vertex 3.092013e+00 7.500000e+00 4.700000e+00
         vertex 1.468327e+00 6.775000e+00 4.700000e+00
         vertex 1.508844e+00 6.688111e+00 4.700000e+00
      endloop
   endfacet
   facet normal 0.000000e+00 0.000000e+00 1.000000e+00
      outer loop
         vertex 3.092013e+00 7.500000e+00 4.700000e+00
         vertex 1.508844e+00 6.688111e+00 4.700000e+00
         vertex 1.533657e+00 6.595507e+00 4.700000e+00
      endloop
   endfacet
   facet normal 0.000000e+00 -0.000000e+00 -1.000000e+00
      outer loop
         vertex 8.965062e-01 5.958356e+00 3.300000e+00
         vertex 9.920129e-01 5.950000e+00 3.300000e+00
         vertex 6.012740e-01 5.582930e+00 3.300000e+00
      endloop
   endfacet
   facet normal 0.000000e+00 -0.000000e+00 -1.000000e+00
      outer loop
         vertex 1.842013e+00 6.500000e+00 3.300000e+00
         vertex 3.092013e+00 5.500000e+00 3.300000e+00
         vertex 1.345546e+00 6.078676e+00 3.300000e+00
      endloop
   endfacet
   facet normal 0.000000e+00 0.000000e+00 -1.000000e+00
      outer loop
         vertex 1.345546e+00 6.078676e+00 3.300000e+00
         vertex 3.092013e+00 5.500000e+00 3.300000e+00
         vertex 3.092013e+00 4.500000e+00 3.300000e+00
      endloop
   endfacet
   facet normal 0.000000e+00 -0.000000e+00 -1.000000e+00
      outer loop
         vertex 1.345546e+00 6.078676e+00 3.300000e+00
         vertex 3.092013e+00 4.500000e+00 3.300000e+00
         vertex 1.267013e+00 6.023686e+00 3.300000e+00
      endloop
   endfacet
   facet normal 0.000000e+00 -0.000000e+00 -1.000000e+00
      outer loop
         vertex 1.267013e+00 6.023686e+00 3.300000e+00
         vertex 3.092013e+00 4.500000e+00 3.300000e+00
         vertex 1.180124e+00 5.983169e+00 3.300000e+00
      endloop
   endfacet
   facet normal 0.000000e+00 0.000000e+00 -1.000000e+00
      outer loop
         vertex 1.345546e+00 6.078676e+00 3.300000e+00
         vertex 1.413337e+00 6.146467e+00 3.300000e+00
         vertex 1.842013e+00 6.500000e+00 3.300000e+00
      endloop
   endfacet
   facet normal 0.000000e+00 0.000000e+00 -1.000000e+00
      outer loop
         vertex 1.842013e+00 6.500000e+00 3.300000e+00
         vertex 1.413337e+00 6.146467e+00 3.300000e+00
         vertex 1.468327e+00 6.225000e+00 3.300000e+00
      endloop
   endfacet
   facet normal 0.000000e+00 0.000000e+00 -1.000000e+00
      outer loop
         vertex 1.842013e+00 6.500000e+00 3.300000e+00
         vertex 1.468327e+00 6.225000e+00 3.300000e+00
         vertex 1.508844e+00 6.311889e+00 3.300000e+00
      endloop
   endfacet
   facet normal 0.000000e+00 0.000000e+00 -1.000000e+00
      outer loop
         vertex 1.508844e+00 6.311889e+00 3.300000e+00
         vertex 1.533657e+00 6.404494e+00 3.300000e+00
         vertex 1.842013e+00 6.500000e+00 3.300000e+00
      endloop
   endfacet
   facet normal -0.000000e+00 0.000000e+00 -1.000000e+00
      outer loop
         vertex 1.842013e+00 6.500000e+00 3.300000e+00
         vertex 1.533657e+00 6.404494e+00 3.300000e+00
         vertex 1.542013e+00 6.500000e+00 3.300000e+00
      endloop
   endfacet
   facet normal 0.000000e+00 0.000000e+00 -1.000000e+00
      outer loop
         vertex 1.842013e+00 6.500000e+00 3.300000e+00
         vertex 1.542013e+00 6.500000e+00 3.300000e+00
         vertex 3.092013e+00 7.500000e+00 3.300000e+00
      endloop
   endfacet
   facet normal 0.000000e+00 0.000000e+00 -1.000000e+00
      outer loop
         vertex 6.012740e-01 5.582930e+00 3.300000e+00
         vertex 9.920129e-01 5.950000e+00 3.300000e+00
         vertex 3.092013e+00 4.500000e+00 3.300000e+00
      endloop
   endfacet
   facet normal 0.000000e+00 0.000000e+00 -1.000000e+00
      outer loop
         vertex 3.092013e+00 4.500000e+00 3.300000e+00
         vertex 9.920129e-01 5.950000e+00 3.300000e+00
         vertex 1.087519e+00 5.958356e+00 3.300000e+00
      endloop
   endfacet
   facet normal 0.000000e+00 0.000000e+00 -1.000000e+00
      outer loop
         vertex 3.092013e+00 4.500000e+00 3.300000e+00
         vertex 1.087519e+00 5.958356e+00 3.300000e+00
         vertex 1.180124e+00 5.983169e+00 3.300000e+00
      endloop
   endfacet
   facet normal 0.000000e+00 0.000000e+00 -1.000000e+00
      outer loop
         vertex 1.542013e+00 6.500000e+00 3.300000e+00
         vertex 1.533657e+00 6.595507e+00 3.300000e+00
         vertex 3.092013e+00 7.500000e+00 3.300000e+00
      endloop
   endfacet
   facet normal 0.000000e+00 0.000000e+00 -1.000000e+00
      outer loop
         vertex 3.092013e+00 7.500000e+00 3.300000e+00
         vertex 1.533657e+00 6.595507e+00 3.300000e+00
         vertex 1.508844e+00 6.688111e+00 3.300000e+00
      endloop
   endfacet
   facet normal -0.000000e+00 0.000000e+00 -1.000000e+00
      outer loop
         vertex 3.092013e+00 7.500000e+00 3.300000e+00
         vertex 1.508844e+00 6.688111e+00 3.300000e+00
         vertex 3.092013e+00 7.812500e+00 3.300000e+00
      endloop
   endfacet
   facet normal 0.000000e+00 0.000000e+00 -1.000000e+00
      outer loop
         vertex 3.092013e+00 7.812500e+00 3.300000e+00
         vertex 1.508844e+00 6.688111e+00 3.300000e+00
         vertex 1.468327e+00 6.775000e+00 3.300000e+00
      endloop
   endfacet
   facet normal -0.000000e+00 0.000000e+00 -1.000000e+00
      outer loop
         vertex 3.092013e+00 7.812500e+00 3.300000e+00
         vertex 1.468327e+00 6.775000e+00 3.300000e+00
         vertex 3.092013e+00 8.500000e+00 3.300000e+00
      endloop
   endfacet
   facet normal 0.000000e+00 0.000000e+00 -1.000000e+00
      outer loop
         vertex 3.092013e+00 8.500000e+00 3.300000e+00
         vertex 1.468327e+00 6.775000e+00 3.300000e+00
         vertex 1.413337e+00 6.853533e+00 3.300000e+00
      endloop
   endfacet
   facet normal 0.000000e+00 0.000000e+00 -1.000000e+00
      outer loop
         vertex 3.092013e+00 8.500000e+00 3.300000e+00
         vertex 1.413337e+00 6.853533e+00 3.300000e+00
         vertex 1.345546e+00 6.921325e+00 3.300000e+00
      endloop
   endfacet
   facet normal 0.000000e+00 0.000000e+00 -1.000000e+00
      outer loop
         vertex 3.092013e+00 8.500000e+00 3.300000e+00
         vertex 1.087519e+00 7.041644e+00 3.300000e+00
         vertex 6.012740e-01 7.417070e+00 3.300000e+00
      endloop
   endfacet
   facet normal 0.000000e+00 0.000000e+00 -1.000000e+00
      outer loop
         vertex 6.012740e-01 7.417070e+00 3.300000e+00
         vertex 1.087519e+00 7.041644e+00 3.300000e+00
         vertex 9.920129e-01 7.050000e+00 3.300000e+00
      endloop
   endfacet
   facet normal -0.000000e+00 0.000000e+00 -1.000000e+00
      outer loop
         vertex 9.920129e-01 7.050000e+00 3.300000e+00
         vertex 8.965062e-01 7.041644e+00 3.300000e+00
         vertex 6.012740e-01 7.417070e+00 3.300000e+00
      endloop
   endfacet
   facet normal 0.000000e+00 0.000000e+00 -1.000000e+00
      outer loop
         vertex 6.012740e-01 7.417070e+00 3.300000e+00
         vertex 8.965062e-01 7.041644e+00 3.300000e+00
         vertex 8.039018e-01 7.016831e+00 3.300000e+00
      endloop
   endfacet
   facet normal 0.000000e+00 -0.000000e+00 -1.000000e+00
      outer loop
         vertex 6.012740e-01 7.417070e+00 3.300000e+00
         vertex 8.039018e-01 7.016831e+00 3.300000e+00
         vertex 4.553790e-01 7.338682e+00 3.300000e+00
      endloop
   endfacet
   facet normal 0.000000e+00 0.000000e+00 -1.000000e+00
      outer loop
         vertex 4.553790e-01 7.338682e+00 3.300000e+00
         vertex 8.039018e-01 7.016831e+00 3.300000e+00
         vertex 7.170129e-01 6.976314e+00 3.300000e+00
      endloop
   endfacet
   facet normal 0.000000e+00 -0.000000e+00 -1.000000e+00
      outer loop
         vertex 4.553790e-01 7.338682e+00 3.300000e+00
         vertex 7.170129e-01 6.976314e+00 3.300000e+00
         vertex 3.244230e-01 7.237290e+00 3.300000e+00
      endloop
   endfacet
   facet normal 0.000000e+00 0.000000e+00 -1.000000e+00
      outer loop
         vertex 3.244230e-01 7.237290e+00 3.300000e+00
         vertex 7.170129e-01 6.976314e+00 3.300000e+00
         vertex 6.384796e-01 6.921325e+00 3.300000e+00
      endloop
   endfacet
   facet normal 0.000000e+00 -0.000000e+00 -1.000000e+00
      outer loop
         vertex 3.244230e-01 7.237290e+00 3.300000e+00
         vertex 6.384796e-01 6.921325e+00 3.300000e+00
         vertex 2.119981e-01 7.115673e+00 3.300000e+00
      endloop
   endfacet
   facet normal 0.000000e+00 0.000000e+00 -1.000000e+00
      outer loop
         vertex 2.119981e-01 7.115673e+00 3.300000e+00
         vertex 6.384796e-01 6.921325e+00 3.300000e+00
         vertex 5.706884e-01 6.853533e+00 3.300000e+00
      endloop
   endfacet
   facet normal 0.000000e+00 -0.000000e+00 -1.000000e+00
      outer loop
         vertex 2.119981e-01 7.115673e+00 3.300000e+00
         vertex 5.706884e-01 6.853533e+00 3.300000e+00
         vertex 1.211881e-01 6.977168e+00 3.300000e+00
      endloop
   endfacet
   facet normal 0.000000e+00 0.000000e+00 -1.000000e+00
      outer loop
         vertex 1.211881e-01 6.977168e+00 3.300000e+00
         vertex 5.706884e-01 6.853533e+00 3.300000e+00
         vertex 5.156989e-01 6.775000e+00 3.300000e+00
      endloop
   endfacet
   facet normal 0.000000e+00 -0.000000e+00 -1.000000e+00
      outer loop
         vertex 1.211881e-01 6.977168e+00 3.300000e+00
         vertex 5.156989e-01 6.775000e+00 3.300000e+00
         vertex 5.448377e-02 6.825575e+00 3.300000e+00
      endloop
   endfacet
   facet normal 0.000000e+00 0.000000e+00 -1.000000e+00
      outer loop
         vertex 5.448377e-02 6.825575e+00 3.300000e+00
         vertex 5.156989e-01 6.775000e+00 3.300000e+00
         vertex 4.751820e-01 6.688111e+00 3.300000e+00
      endloop
   endfacet
   facet normal 0.000000e+00 -0.000000e+00 -1.000000e+00
      outer loop
         vertex 5.448377e-02 6.825575e+00 3.300000e+00
         vertex 4.751820e-01 6.688111e+00 3.300000e+00
         vertex 1.371512e-02 6.665051e+00 3.300000e+00
      endloop
   endfacet
   facet normal 0.000000e+00 0.000000e+00 -1.000000e+00
      outer loop
         vertex 1.371512e-02 6.665051e+00 3.300000e+00
         vertex 4.751820e-01 6.688111e+00 3.300000e+00
         vertex 4.503685e-01 6.595507e+00 3.300000e+00
      endloop
   endfacet
   facet normal 0.000000e+00 -0.000000e+00 -1.000000e+00
      outer loop
         vertex 1.371512e-02 6.665051e+00 3.300000e+00
         vertex 4.503685e-01 6.595507e+00 3.300000e+00
         vertex 0.000000e+00 6.500000e+00 3.300000e+00
      endloop
   endfacet
   facet normal 0.000000e+00 0.000000e+00 -1.000000e+00
      outer loop
         vertex 0.000000e+00 6.500000e+00 3.300000e+00
         vertex 4.503685e-01 6.595507e+00 3.300000e+00
         vertex 4.420129e-01 6.500000e+00 3.300000e+00
      endloop
   endfacet
   facet normal 0.000000e+00 0.000000e+00 -1.000000e+00
      outer loop
         vertex 0.000000e+00 6.500000e+00 3.300000e+00
         vertex 4.420129e-01 6.500000e+00 3.300000e+00
         vertex 1.371512e-02 6.334949e+00 3.300000e+00
      endloop
   endfacet
   facet normal 0.000000e+00 0.000000e+00 -1.000000e+00
      outer loop
         vertex 1.371512e-02 6.334949e+00 3.300000e+00
         vertex 4.420129e-01 6.500000e+00 3.300000e+00
         vertex 4.503685e-01 6.404494e+00 3.300000e+00
      endloop
   endfacet
   facet normal 0.000000e+00 0.000000e+00 -1.000000e+00
      outer loop
         vertex 1.371512e-02 6.334949e+00 3.300000e+00
         vertex 4.503685e-01 6.404494e+00 3.300000e+00
         vertex 5.448377e-02 6.174425e+00 3.300000e+00
      endloop
   endfacet
   facet normal 0.000000e+00 0.000000e+00 -1.000000e+00
      outer loop
         vertex 5.448377e-02 6.174425e+00 3.300000e+00
         vertex 4.503685e-01 6.404494e+00 3.300000e+00
         vertex 4.751820e-01 6.311889e+00 3.300000e+00
      endloop
   endfacet
   facet normal 0.000000e+00 0.000000e+00 -1.000000e+00
      outer loop
         vertex 5.448377e-02 6.174425e+00 3.300000e+00
         vertex 4.751820e-01 6.311889e+00 3.300000e+00
         vertex 1.211881e-01 6.022832e+00 3.300000e+00
      endloop
   endfacet
   facet normal 0.000000e+00 0.000000e+00 -1.000000e+00
      outer loop
         vertex 1.211881e-01 6.022832e+00 3.300000e+00
         vertex 4.751820e-01 6.311889e+00 3.300000e+00
         vertex 5.156989e-01 6.225000e+00 3.300000e+00
      endloop
   endfacet
   facet normal 0.000000e+00 0.000000e+00 -1.000000e+00
      outer loop
         vertex 1.211881e-01 6.022832e+00 3.300000e+00
         vertex 5.156989e-01 6.225000e+00 3.300000e+00
         vertex 2.119981e-01 5.884327e+00 3.300000e+00
      endloop
   endfacet
   facet normal 0.000000e+00 0.000000e+00 -1.000000e+00
      outer loop
         vertex 2.119981e-01 5.884327e+00 3.300000e+00
         vertex 5.156989e-01 6.225000e+00 3.300000e+00
         vertex 5.706884e-01 6.146467e+00 3.300000e+00
      endloop
   endfacet
   facet normal 0.000000e+00 0.000000e+00 -1.000000e+00
      outer loop
         vertex 2.119981e-01 5.884327e+00 3.300000e+00
         vertex 5.706884e-01 6.146467e+00 3.300000e+00
         vertex 3.244230e-01 5.762711e+00 3.300000e+00
      endloop
   endfacet
   facet normal 0.000000e+00 0.000000e+00 -1.000000e+00
      outer loop
         vertex 3.244230e-01 5.762711e+00 3.300000e+00
         vertex 5.706884e-01 6.146467e+00 3.300000e+00
         vertex 6.384796e-01 6.078676e+00 3.300000e+00
      endloop
   endfacet
   facet normal 0.000000e+00 0.000000e+00 -1.000000e+00
      outer loop
         vertex 3.244230e-01 5.762711e+00 3.300000e+00
         vertex 6.384796e-01 6.078676e+00 3.300000e+00
         vertex 4.553790e-01 5.661318e+00 3.300000e+00
      endloop
   endfacet
   facet normal 0.000000e+00 0.000000e+00 -1.000000e+00
      outer loop
         vertex 4.553790e-01 5.661318e+00 3.300000e+00
         vertex 6.384796e-01 6.078676e+00 3.300000e+00
         vertex 7.170129e-01 6.023686e+00 3.300000e+00
      endloop
   endfacet
   facet normal 0.000000e+00 0.000000e+00 -1.000000e+00
      outer loop
         vertex 4.553790e-01 5.661318e+00 3.300000e+00
         vertex 7.170129e-01 6.023686e+00 3.300000e+00
         vertex 6.012740e-01 5.582930e+00 3.300000e+00
      endloop
   endfacet
   facet normal 0.000000e+00 0.000000e+00 -1.000000e+00
      outer loop
         vertex 6.012740e-01 5.582930e+00 3.300000e+00
         vertex 7.170129e-01 6.023686e+00 3.300000e+00
         vertex 8.039018e-01 5.983169e+00 3.300000e+00
      endloop
   endfacet
   facet normal 0.000000e+00 0.000000e+00 -1.000000e+00
      outer loop
         vertex 6.012740e-01 5.582930e+00 3.300000e+00
         vertex 8.039018e-01 5.983169e+00 3.300000e+00
         vertex 8.965062e-01 5.958356e+00 3.300000e+00
      endloop
   endfacet
   facet normal 0.000000e+00 0.000000e+00 -1.000000e+00
      outer loop
         vertex 1.345546e+00 6.921325e+00 3.300000e+00
         vertex 1.267013e+00 6.976314e+00 3.300000e+00
         vertex 3.092013e+00 8.500000e+00 3.300000e+00
      endloop
   endfacet
   facet normal 0.000000e+00 0.000000e+00 -1.000000e+00
      outer loop
         vertex 3.092013e+00 8.500000e+00 3.300000e+00
         vertex 1.267013e+00 6.976314e+00 3.300000e+00
         vertex 1.180124e+00 7.016831e+00 3.300000e+00
      endloop
   endfacet
   facet normal 0.000000e+00 0.000000e+00 -1.000000e+00
      outer loop
         vertex 3.092013e+00 8.500000e+00 3.300000e+00
         vertex 1.180124e+00 7.016831e+00 3.300000e+00
         vertex 1.087519e+00 7.041644e+00 3.300000e+00
      endloop
   endfacet
   facet normal -4.732994e-01 8.809016e-01 0.000000e+00
      outer loop
         vertex 6.012740e-01 7.417070e+00 4.700000e+00
         vertex 6.012740e-01 7.417070e+00 3.300000e+00
         vertex 4.553790e-01 7.338682e+00 3.300000e+00
      endloop
   endfacet
   facet normal -4.732994e-01 8.809016e-01 0.000000e+00
      outer loop
         vertex 6.012740e-01 7.417070e+00 4.700000e+00
         vertex 4.553790e-01 7.338682e+00 3.300000e+00
         vertex 4.553790e-01 7.338682e+00 4.700000e+00
      endloop
   endfacet
   facet normal -6.122014e-01 7.907019e-01 0.000000e+00
      outer loop
         vertex 4.553790e-01 7.338682e+00 4.700000e+00
         vertex 4.553790e-01 7.338682e+00 3.300000e+00
         vertex 3.244230e-01 7.237290e+00 3.300000e+00
      endloop
   endfacet
   facet normal -6.122014e-01 7.907019e-01 0.000000e+00
      outer loop
         vertex 4.553790e-01 7.338682e+00 4.700000e+00
         vertex 3.244230e-01 7.237290e+00 3.300000e+00
         vertex 3.244230e-01 7.237290e+00 4.700000e+00
      endloop
   endfacet
   facet normal -7.343119e-01 6.788122e-01 0.000000e+00
      outer loop
         vertex 3.244230e-01 7.237290e+00 4.700000e+00
         vertex 3.244230e-01 7.237290e+00 3.300000e+00
         vertex 2.119981e-01 7.115673e+00 3.300000e+00
      endloop
   endfacet
   facet normal -7.343119e-01 6.788122e-01 0.000000e+00
      outer loop
         vertex 3.244230e-01 7.237290e+00 4.700000e+00
         vertex 2.119981e-01 7.115673e+00 3.300000e+00
         vertex 2.119981e-01 7.115673e+00 4.700000e+00
      endloop
   endfacet
   facet normal -8.362794e-01 5.483036e-01 0.000000e+00
      outer loop
         vertex 2.119981e-01 7.115673e+00 4.700000e+00
         vertex 2.119981e-01 7.115673e+00 3.300000e+00
         vertex 1.211881e-01 6.977168e+00 3.300000e+00
      endloop
   endfacet
   facet normal -8.362794e-01 5.483036e-01 0.000000e+00
      outer loop
         vertex 2.119981e-01 7.115673e+00 4.700000e+00
         vertex 1.211881e-01 6.977168e+00 3.300000e+00
         vertex 1.211881e-01 6.977168e+00 4.700000e+00
      endloop
   endfacet
   facet normal -9.153077e-01 4.027554e-01 0.000000e+00
      outer loop
         vertex 1.211881e-01 6.977168e+00 4.700000e+00
         vertex 1.211881e-01 6.977168e+00 3.300000e+00
         vertex 5.448377e-02 6.825575e+00 3.300000e+00
      endloop
   endfacet
   facet normal -9.153077e-01 4.027554e-01 0.000000e+00
      outer loop
         vertex 1.211881e-01 6.977168e+00 4.700000e+00
         vertex 5.448377e-02 6.825575e+00 3.300000e+00
         vertex 5.448377e-02 6.825575e+00 4.700000e+00
      endloop
   endfacet
   facet normal -9.692298e-01 2.461578e-01 0.000000e+00
      outer loop
         vertex 5.448377e-02 6.825575e+00 4.700000e+00
         vertex 5.448377e-02 6.825575e+00 3.300000e+00
         vertex 1.371512e-02 6.665051e+00 3.300000e+00
      endloop
   endfacet
   facet normal -9.692298e-01 2.461578e-01 0.000000e+00
      outer loop
         vertex 5.448377e-02 6.825575e+00 4.700000e+00
         vertex 1.371512e-02 6.665051e+00 3.300000e+00
         vertex 1.371512e-02 6.665051e+00 4.700000e+00
      endloop
   endfacet
   facet normal -9.965653e-01 8.281079e-02 0.000000e+00
      outer loop
         vertex 1.371512e-02 6.665051e+00 4.700000e+00
         vertex 1.371512e-02 6.665051e+00 3.300000e+00
         vertex 0.000000e+00 6.500000e+00 3.300000e+00
      endloop
   endfacet
   facet normal -9.965653e-01 8.281079e-02 0.000000e+00
      outer loop
         vertex 1.371512e-02 6.665051e+00 4.700000e+00
         vertex 0.000000e+00 6.500000e+00 3.300000e+00
         vertex 0.000000e+00 6.500000e+00 4.700000e+00
      endloop
   endfacet
   facet normal -9.965653e-01 -8.281079e-02 -0.000000e+00
      outer loop
         vertex 0.000000e+00 6.500000e+00 4.700000e+00
         vertex 0.000000e+00 6.500000e+00 3.300000e+00
         vertex 1.371512e-02 6.334949e+00 3.300000e+00
      endloop
   endfacet
   facet normal -9.965653e-01 -8.281079e-02 0.000000e+00
      outer loop
         vertex 0.000000e+00 6.500000e+00 4.700000e+00
         vertex 1.371512e-02 6.334949e+00 3.300000e+00
         vertex 1.371512e-02 6.334949e+00 4.700000e+00
      endloop
   endfacet
   facet normal -9.692298e-01 -2.461578e-01 -0.000000e+00
      outer loop
         vertex 1.371512e-02 6.334949e+00 4.700000e+00
         vertex 1.371512e-02 6.334949e+00 3.300000e+00
         vertex 5.448377e-02 6.174425e+00 3.300000e+00
      endloop
   endfacet
   facet normal -9.692298e-01 -2.461578e-01 0.000000e+00
      outer loop
         vertex 1.371512e-02 6.334949e+00 4.700000e+00
         vertex 5.448377e-02 6.174425e+00 3.300000e+00
         vertex 5.448377e-02 6.174425e+00 4.700000e+00
      endloop
   endfacet
   facet normal -9.153077e-01 -4.027554e-01 -0.000000e+00
      outer loop
         vertex 5.448377e-02 6.174425e+00 4.700000e+00
         vertex 5.448377e-02 6.174425e+00 3.300000e+00
         vertex 1.211881e-01 6.022832e+00 3.300000e+00
      endloop
   endfacet
   facet normal -9.153077e-01 -4.027554e-01 0.000000e+00
      outer loop
         vertex 5.448377e-02 6.174425e+00 4.700000e+00
         vertex 1.211881e-01 6.022832e+00 3.300000e+00
         vertex 1.211881e-01 6.022832e+00 4.700000e+00
      endloop
   endfacet
   facet normal -8.362794e-01 -5.483036e-01 -0.000000e+00
      outer loop
         vertex 1.211881e-01 6.022832e+00 4.700000e+00
         vertex 1.211881e-01 6.022832e+00 3.300000e+00
         vertex 2.119981e-01 5.884327e+00 3.300000e+00
      endloop
   endfacet
   facet normal -8.362794e-01 -5.483036e-01 0.000000e+00
      outer loop
         vertex 1.211881e-01 6.022832e+00 4.700000e+00
         vertex 2.119981e-01 5.884327e+00 3.300000e+00
         vertex 2.119981e-01 5.884327e+00 4.700000e+00
      endloop
   endfacet
   facet normal -7.343119e-01 -6.788122e-01 -0.000000e+00
      outer loop
         vertex 2.119981e-01 5.884327e+00 4.700000e+00
         vertex 2.119981e-01 5.884327e+00 3.300000e+00
         vertex 3.244230e-01 5.762711e+00 3.300000e+00
      endloop
   endfacet
   facet normal -7.343119e-01 -6.788122e-01 0.000000e+00
      outer loop
         vertex 2.119981e-01 5.884327e+00 4.700000e+00
         vertex 3.244230e-01 5.762711e+00 3.300000e+00
         vertex 3.244230e-01 5.762711e+00 4.700000e+00
      endloop
   endfacet
   facet normal -6.122014e-01 -7.907019e-01 -0.000000e+00
      outer loop
         vertex 3.244230e-01 5.762711e+00 4.700000e+00
         vertex 3.244230e-01 5.762711e+00 3.300000e+00
         vertex 4.553790e-01 5.661318e+00 3.300000e+00
      endloop
   endfacet
   facet normal -6.122014e-01 -7.907019e-01 0.000000e+00
      outer loop
         vertex 3.244230e-01 5.762711e+00 4.700000e+00
         vertex 4.553790e-01 5.661318e+00 3.300000e+00
         vertex 4.553790e-01 5.661318e+00 4.700000e+00
      endloop
   endfacet
   facet normal -4.732994e-01 -8.809016e-01 -0.000000e+00
      outer loop
         vertex 4.553790e-01 5.661318e+00 4.700000e+00
         vertex 4.553790e-01 5.661318e+00 3.300000e+00
         vertex 6.012740e-01 5.582930e+00 3.300000e+00
      endloop
   endfacet
   facet normal -4.732994e-01 -8.809016e-01 0.000000e+00
      outer loop
         vertex 4.553790e-01 5.661318e+00 4.700000e+00
         vertex 6.012740e-01 5.582930e+00 3.300000e+00
         vertex 6.012740e-01 5.582930e+00 4.700000e+00
      endloop
   endfacet
endsolid both_side