solid one_side
   facet normal 0.000000e+00 -9.335472e-01 -3.584546e-01
      outer loop
         vertex 0.000000e+00 5.624443e-01 3.855113e+00
         vertex 1.500000e+00 3.181328e-01 4.491390e+00
         vertex 0.000000e+00 3.181328e-01 4.491390e+00
      endloop
   endfacet
   facet normal 0.000000e+00 -9.659258e-01 -2.588192e-01
      outer loop
         vertex 0.000000e+00 3.181328e-01 4.491390e+00
         vertex 1.500000e+00 3.181328e-01 4.491390e+00
         vertex 1.500000e+00 1.420407e-01 5.148574e+00
      endloop
   endfacet
   facet normal 0.000000e+00 -9.659258e-01 -2.588192e-01
      outer loop
         vertex 0.000000e+00 3.181328e-01 4.491390e+00
         vertex 1.500000e+00 1.420407e-01 5.148574e+00
         vertex 0.000000e+00 1.420407e-01 5.148574e+00
      endloop
   endfacet
   facet normal 0.000000e+00 -9.876883e-01 -1.564345e-01
      outer loop
         vertex 0.000000e+00 1.420407e-01 5.148574e+00
         vertex 1.500000e+00 1.420407e-01 5.148574e+00
         vertex 1.500000e+00 3.560772e-02 5.820565e+00
      endloop
   endfacet
   facet normal 0.000000e+00 -9.876883e-01 -1.564345e-01
      outer loop
         vertex 0.000000e+00 1.420407e-01 5.148574e+00
         vertex 1.500000e+00 3.560772e-02 5.820565e+00
         vertex 0.000000e+00 3.560772e-02 5.820565e+00
      endloop
   endfacet
   facet normal 0.000000e+00 -9.986295e-01 -5.233602e-02
      outer loop
         vertex 0.000000e+00 3.560772e-02 5.820565e+00
         vertex 1.500000e+00 3.560772e-02 5.820565e+00
         vertex 1.500000e+00 0.000000e+00 6.500000e+00
      endloop
   endfacet
   facet normal 0.000000e+00 -9.986295e-01 -5.233602e-02
      outer loop
         vertex 0.000000e+00 3.560772e-02 5.820565e+00
         vertex 1.500000e+00 0.000000e+00 6.500000e+00
         vertex 0.000000e+00 0.000000e+00 6.500000e+00
      endloop
   endfacet
   facet normal 0.000000e+00 -9.986295e-01 5.233602e-02
      outer loop
         vertex 0.000000e+00 0.000000e+00 6.500000e+00
         vertex 1.500000e+00 0.000000e+00 6.500000e+00
         vertex 1.500000e+00 3.560772e-02 7.179435e+00
      endloop
   endfacet
   facet normal 0.000000e+00 -9.986295e-01 5.233602e-02
      outer loop
         vertex 0.000000e+00 0.000000e+00 6.500000e+00
         vertex 1.500000e+00 3.560772e-02 7.179435e+00
         vertex 0.000000e+00 3.560772e-02 7.179435e+00
      endloop
   endfacet
   facet normal 0.000000e+00 -9.876883e-01 1.564345e-01
      outer loop
         vertex 0.000000e+00 3.560772e-02 7.179435e+00
         vertex 1.500000e+00 3.560772e-02 7.179435e+00
         vertex 1.500000e+00 1.420407e-01 7.851426e+00
      endloop
   endfacet
   facet normal 0.000000e+00 -9.876883e-01 1.564345e-01
      outer loop
         vertex 0.000000e+00 3.560772e-02 7.179435e+00
         vertex 1.500000e+00 1.420407e-01 7.851426e+00
         vertex 0.000000e+00 1.420407e-01 7.851426e+00
      endloop
   endfacet
   facet normal 0.000000e+00 -9.659258e-01 2.588192e-01
      outer loop
         vertex 0.000000e+00 1.420407e-01 7.851426e+00
         vertex 1.500000e+00 1.420407e-01 7.851426e+00
         vertex 1.500000e+00 3.181328e-01 8.508611e+00
      endloop
   endfacet
   facet normal 0.000000e+00 -9.659258e-01 2.588192e-01
      outer loop
         vertex 0.000000e+00 1.420407e-01 7.851426e+00
         vertex 1.500000e+00 3.181328e-01 8.508611e+00
         vertex 0.000000e+00 3.181328e-01 8.508611e+00
      endloop
   endfacet
   facet normal 0.000000e+00 -9.335806e-01 3.583676e-01
      outer loop
         vertex 0.000000e+00 3.181328e-01 8.508611e+00
         vertex 1.500000e+00 3.181328e-01 8.508611e+00
         vertex 1.500000e+00 5.619545e-01 9.143788e+00
      endloop
   endfacet
   facet normal 4.162375e-05 -8.910064e-01 -4.539908e-01
      outer loop
         vertex 0.000000e+00 5.624443e-01 3.855113e+00
         vertex 1.500000e+00 8.708350e-01 3.250000e+00
         vertex 1.500000e+00 5.619545e-01 3.856212e+00
      endloop
   endfacet
   facet normal -4.233768e-05 -9.335806e-01 -3.583676e-01
      outer loop
         vertex 0.000000e+00 5.624443e-01 3.855113e+00
         vertex 1.500000e+00 5.619545e-01 3.856212e+00
         vertex 1.500000e+00 3.181328e-01 4.491390e+00
      endloop
   endfacet
   facet normal 0.000000e+00 -8.909647e-01 -4.540727e-01
      outer loop
         vertex 0.000000e+00 5.624443e-01 3.855113e+00
         vertex 0.000000e+00 8.708350e-01 3.250000e+00
         vertex 1.500000e+00 8.708350e-01 3.250000e+00
      endloop
   endfacet
   facet normal -0.000000e+00 -8.386706e-01 -5.446390e-01
      outer loop
         vertex 1.500000e+00 8.708350e-01 3.250000e+00
         vertex 0.000000e+00 8.708350e-01 3.250000e+00
         vertex 0.000000e+00 1.241390e+00 2.679396e+00
      endloop
   endfacet
   facet normal 0.000000e+00 -8.386706e-01 -5.446390e-01
      outer loop
         vertex 1.500000e+00 8.708350e-01 3.250000e+00
         vertex 0.000000e+00 1.241390e+00 2.679396e+00
         vertex 1.500000e+00 1.241390e+00 2.679396e+00
      endloop
   endfacet
   facet normal -0.000000e+00 -7.771461e-01 -6.293203e-01
      outer loop
         vertex 1.500000e+00 1.241390e+00 2.679396e+00
         vertex 0.000000e+00 1.241390e+00 2.679396e+00
         vertex 0.000000e+00 1.669559e+00 2.150651e+00
      endloop
   endfacet
   facet normal 0.000000e+00 -7.771461e-01 -6.293203e-01
      outer loop
         vertex 1.500000e+00 1.241390e+00 2.679396e+00
         vertex 0.000000e+00 1.669559e+00 2.150651e+00
         vertex 1.500000e+00 1.669559e+00 2.150651e+00
      endloop
   endfacet
   facet normal -0.000000e+00 -7.071068e-01 -7.071068e-01
      outer loop
         vertex 1.500000e+00 1.669559e+00 2.150651e+00
         vertex 0.000000e+00 1.669559e+00 2.150651e+00
         vertex 0.000000e+00 2.150651e+00 1.669559e+00
      endloop
   endfacet
   facet normal 0.000000e+00 -7.071068e-01 -7.071068e-01
      outer loop
         vertex 1.500000e+00 1.669559e+00 2.150651e+00
         vertex 0.000000e+00 2.150651e+00 1.669559e+00
         vertex 1.500000e+00 2.150651e+00 1.669559e+00
      endloop
   endfacet
   facet normal -0.000000e+00 -6.617839e-01 -7.496947e-01
      outer loop
         vertex 1.500000e+00 2.150651e+00 1.669559e+00
         vertex 0.000000e+00 2.150651e+00 1.669559e+00
         vertex 0.000000e+00 2.246577e+00 1.584881e+00
      endloop
   endfacet
   facet normal 3.625730e-03 -6.293161e-01 -7.771409e-01
      outer loop
         vertex 1.500000e+00 2.150651e+00 1.669559e+00
         vertex 0.000000e+00 2.246577e+00 1.584881e+00
         vertex 1.500000e+00 2.679396e+00 1.241390e+00
      endloop
   endfacet
   facet normal 0.000000e+00 -6.216406e-01 -7.833026e-01
      outer loop
         vertex 0.000000e+00 2.246577e+00 1.584881e+00
         vertex 0.000000e+00 2.679396e+00 1.241390e+00
         vertex 1.500000e+00 2.679396e+00 1.241390e+00
      endloop
   endfacet
   facet normal -0.000000e+00 -5.446390e-01 -8.386706e-01
      outer loop
         vertex 1.500000e+00 2.679396e+00 1.241390e+00
         vertex 0.000000e+00 2.679396e+00 1.241390e+00
         vertex 0.000000e+00 3.250000e+00 8.708350e-01
      endloop
   endfacet
   facet normal 0.000000e+00 -5.446390e-01 -8.386706e-01
      outer loop
         vertex 1.500000e+00 2.679396e+00 1.241390e+00
         vertex 0.000000e+00 3.250000e+00 8.708350e-01
         vertex 1.500000e+00 3.250000e+00 8.708350e-01
      endloop
   endfacet
   facet normal -0.000000e+00 -4.621490e-01 -8.868023e-01
      outer loop
         vertex 1.500000e+00 3.250000e+00 8.708350e-01
         vertex 0.000000e+00 3.250000e+00 8.708350e-01
         vertex 0.000000e+00 3.747662e+00 6.114831e-01
      endloop
   endfacet
   facet normal 3.433561e-03 -4.539881e-01 -8.910011e-01
      outer loop
         vertex 1.500000e+00 3.250000e+00 8.708350e-01
         vertex 0.000000e+00 3.747662e+00 6.114831e-01
         vertex 1.500000e+00 3.856212e+00 5.619545e-01
      endloop
   endfacet
   facet normal 0.000000e+00 -4.151065e-01 -9.097728e-01
      outer loop
         vertex 0.000000e+00 3.747662e+00 6.114831e-01
         vertex 0.000000e+00 3.856212e+00 5.619545e-01
         vertex 1.500000e+00 3.856212e+00 5.619545e-01
      endloop
   endfacet
   facet normal -0.000000e+00 -3.583676e-01 -9.335806e-01
      outer loop
         vertex 1.500000e+00 3.856212e+00 5.619545e-01
         vertex 0.000000e+00 3.856212e+00 5.619545e-01
         vertex 0.000000e+00 4.491390e+00 3.181328e-01
      endloop
   endfacet
   facet normal 0.000000e+00 -3.583676e-01 -9.335806e-01
      outer loop
         vertex 1.500000e+00 3.856212e+00 5.619545e-01
         vertex 0.000000e+00 4.491390e+00 3.181328e-01
         vertex 1.500000e+00 4.491390e+00 3.181328e-01
      endloop
   endfacet
   facet normal -0.000000e+00 -2.588192e-01 -9.659258e-01
      outer loop
         vertex 1.500000e+00 4.491390e+00 3.181328e-01
         vertex 0.000000e+00 4.491390e+00 3.181328e-01
         vertex 0.000000e+00 5.148574e+00 1.420407e-01
      endloop
   endfacet
   facet normal 0.000000e+00 -2.588192e-01 -9.659258e-01
      outer loop
         vertex 1.500000e+00 4.491390e+00 3.181328e-01
         vertex 0.000000e+00 5.148574e+00 1.420407e-01
         vertex 1.500000e+00 5.148574e+00 1.420407e-01
      endloop
   endfacet
   facet normal -0.000000e+00 -1.564345e-01 -9.876883e-01
      outer loop
         vertex 1.500000e+00 5.148574e+00 1.420407e-01
         vertex 0.000000e+00 5.148574e+00 1.420407e-01
         vertex 0.000000e+00 5.820565e+00 3.560772e-02
      endloop
   endfacet
   facet normal 0.000000e+00 -1.564345e-01 -9.876883e-01
      outer loop
         vertex 1.500000e+00 5.148574e+00 1.420407e-01
         vertex 0.000000e+00 5.820565e+00 3.560772e-02
         vertex 1.500000e+00 5.820565e+00 3.560772e-02
      endloop
   endfacet
   facet normal -0.000000e+00 -5.233602e-02 -9.986295e-01
      outer loop
         vertex 1.500000e+00 5.820565e+00 3.560772e-02
         vertex 0.000000e+00 5.820565e+00 3.560772e-02
         vertex 0.000000e+00 6.500000e+00 0.000000e+00
      endloop
   endfacet
   facet normal -5.835768e-17 -5.233602e-02 -9.986295e-01
      outer loop
         vertex 1.500000e+00 5.820565e+00 3.560772e-02
         vertex 0.000000e+00 6.500000e+00 0.000000e+00
         vertex 1.500000e+00 6.500000e+00 0.000000e+00
      endloop
   endfacet
   facet normal 5.554738e-17 5.233602e-02 -9.986295e-01
      outer loop
         vertex 1.500000e+00 6.500000e+00 0.000000e+00
         vertex 0.000000e+00 6.500000e+00 0.000000e+00
         vertex 0.000000e+00 7.179435e+00 3.560772e-02
      endloop
   endfacet
   facet normal 0.000000e+00 5.233602e-02 -9.986295e-01
      outer loop
         vertex 1.500000e+00 6.500000e+00 0.000000e+00
         vertex 0.000000e+00 7.179435e+00 3.560772e-02
         vertex 1.500000e+00 7.179435e+00 3.560772e-02
      endloop
   endfacet
   facet normal 0.000000e+00 1.564345e-01 -9.876883e-01
      outer loop
         vertex 1.500000e+00 7.179435e+00 3.560772e-02
         vertex 0.000000e+00 7.179435e+00 3.560772e-02
         vertex 0.000000e+00 7.851426e+00 1.420407e-01
      endloop
   endfacet
   facet normal 0.000000e+00 1.564345e-01 -9.876883e-01
      outer loop
         vertex 1.500000e+00 7.179435e+00 3.560772e-02
         vertex 0.000000e+00 7.851426e+00 1.420407e-01
         vertex 1.500000e+00 7.851426e+00 1.420407e-01
      endloop
   endfacet
   facet normal 0.000000e+00 2.588192e-01 -9.659258e-01
      outer loop
         vertex 1.500000e+00 7.851426e+00 1.420407e-01
         vertex 0.000000e+00 7.851426e+00 1.420407e-01
         vertex 0.000000e+00 8.508611e+00 3.181328e-01
      endloop
   endfacet
   facet normal 0.000000e+00 2.588192e-01 -9.659258e-01
      outer loop
         vertex 1.500000e+00 7.851426e+00 1.420407e-01
         vertex 0.000000e+00 8.508611e+00 3.181328e-01
         vertex 1.500000e+00 8.508611e+00 3.181328e-01
      endloop
   endfacet
   facet normal 0.000000e+00 3.583676e-01 -9.335806e-01
      outer loop
         vertex 1.500000e+00 8.508611e+00 3.181328e-01
         vertex 0.000000e+00 8.508611e+00 3.181328e-01
         vertex 0.000000e+00 9.143788e+00 5.619545e-01
      endloop
   endfacet
   facet normal 0.000000e+00 3.583676e-01 -9.335806e-01
      outer loop
         vertex 1.500000e+00 8.508611e+00 3.181328e-01
         vertex 0.000000e+00 9.143788e+00 5.619545e-01
         vertex 1.500000e+00 9.143788e+00 5.619545e-01
      endloop
   endfacet
   facet normal 0.000000e+00 4.151065e-01 -9.097728e-01
      outer loop
         vertex 1.500000e+00 9.143788e+00 5.619545e-01
         vertex 0.000000e+00 9.143788e+00 5.619545e-01
         vertex 0.000000e+00 9.252338e+00 6.114831e-01
      endloop
   endfacet
   facet normal 3.433561e-03 4.539881e-01 -8.910011e-01
      outer loop
         vertex 1.500000e+00 9.143788e+00 5.619545e-01
         vertex 0.000000e+00 9.252338e+00 6.114831e-01
         vertex 1.500000e+00 9.750000e+00 8.708350e-01
      endloop
   endfacet
   facet normal 0.000000e+00 4.621490e-01 -8.868023e-01
      outer loop
         vertex 0.000000e+00 9.252338e+00 6.114831e-01
         vertex 0.000000e+00 9.750000e+00 8.708350e-01
         vertex 1.500000e+00 9.750000e+00 8.708350e-01
      endloop
   endfacet
   facet normal 0.000000e+00 5.446390e-01 -8.386706e-01
      outer loop
         vertex 1.500000e+00 9.750000e+00 8.708350e-01
         vertex 0.000000e+00 9.750000e+00 8.708350e-01
         vertex 0.000000e+00 1.032060e+01 1.241390e+00
      endloop
   endfacet
   facet normal 0.000000e+00 5.446390e-01 -8.386706e-01
      outer loop
         vertex 1.500000e+00 9.750000e+00 8.708350e-01
         vertex 0.000000e+00 1.032060e+01 1.241390e+00
         vertex 1.500000e+00 1.032060e+01 1.241390e+00
      endloop
   endfacet
   facet normal 0.000000e+00 6.216406e-01 -7.833026e-01
      outer loop
         vertex 1.500000e+00 1.032060e+01 1.241390e+00
         vertex 0.000000e+00 1.032060e+01 1.241390e+00
         vertex 0.000000e+00 1.075342e+01 1.584881e+00
      endloop
   endfacet
   facet normal 3.625730e-03 6.293161e-01 -7.771409e-01
      outer loop
         vertex 1.500000e+00 1.032060e+01 1.241390e+00
         vertex 0.000000e+00 1.075342e+01 1.584881e+00
         vertex 1.500000e+00 1.084935e+01 1.669559e+00
      endloop
   endfacet
   facet normal 0.000000e+00 6.617839e-01 -7.496947e-01
      outer loop
         vertex 0.000000e+00 1.075342e+01 1.584881e+00
         vertex 0.000000e+00 1.084935e+01 1.669559e+00
         vertex 1.500000e+00 1.084935e+01 1.669559e+00
      endloop
   endfacet
   facet normal 0.000000e+00 7.071068e-01 -7.071068e-01
      outer loop
         vertex 1.500000e+00 1.084935e+01 1.669559e+00
         vertex 0.000000e+00 1.084935e+01 1.669559e+00
         vertex 0.000000e+00 1.133044e+01 2.150651e+00
      endloop
   endfacet
   facet normal 0.000000e+00 7.071068e-01 -7.071068e-01
      outer loop
         vertex 1.500000e+00 1.084935e+01 1.669559e+00
         vertex 0.000000e+00 1.133044e+01 2.150651e+00
         vertex 1.500000e+00 1.133044e+01 2.150651e+00
      endloop
   endfacet
   facet normal 0.000000e+00 7.771461e-01 -6.293203e-01
      outer loop
         vertex 1.500000e+00 1.133044e+01 2.150651e+00
         vertex 0.000000e+00 1.133044e+01 2.150651e+00
         vertex 0.000000e+00 1.175861e+01 2.679396e+00
      endloop
   endfacet
   facet normal 0.000000e+00 7.771461e-01 -6.293203e-01
      outer loop
         vertex 1.500000e+00 1.133044e+01 2.150651e+00
         vertex 0.000000e+00 1.175861e+01 2.679396e+00
         vertex 1.500000e+00 1.175861e+01 2.679396e+00
      endloop
   endfacet
   facet normal 0.000000e+00 8.386706e-01 -5.446390e-01
      outer loop
         vertex 1.500000e+00 1.175861e+01 2.679396e+00
         vertex 0.000000e+00 1.175861e+01 2.679396e+00
         vertex 0.000000e+00 1.212917e+01 3.250000e+00
      endloop
   endfacet
   facet normal 0.000000e+00 8.386706e-01 -5.446390e-01
      outer loop
         vertex 1.500000e+00 1.175861e+01 2.679396e+00
         vertex 0.000000e+00 1.212917e+01 3.250000e+00
         vertex 1.500000e+00 1.212917e+01 3.250000e+00
      endloop
   endfacet
   facet normal 0.000000e+00 8.910064e-01 -4.539908e-01
      outer loop
         vertex 1.500000e+00 1.212917e+01 3.250000e+00
         vertex 0.000000e+00 1.212917e+01 3.250000e+00
         vertex 0.000000e+00 1.243805e+01 3.856212e+00
      endloop
   endfacet
   facet normal 0.000000e+00 8.910064e-01 -4.539908e-01
      outer loop
         vertex 1.500000e+00 1.212917e+01 3.250000e+00
         vertex 0.000000e+00 1.243805e+01 3.856212e+00
         vertex 1.500000e+00 1.243805e+01 3.856212e+00
      endloop
   endfacet
   facet normal 0.000000e+00 9.335806e-01 -3.583676e-01
      outer loop
         vertex 1.500000e+00 1.243805e+01 3.856212e+00
         vertex 0.000000e+00 1.243805e+01 3.856212e+00
         vertex 0.000000e+00 1.268187e+01 4.491390e+00
      endloop
   endfacet
   facet normal 0.000000e+00 9.335806e-01 -3.583676e-01
      outer loop
         vertex 1.500000e+00 1.243805e+01 3.856212e+00
         vertex 0.000000e+00 1.268187e+01 4.491390e+00
         vertex 1.500000e+00 1.268187e+01 4.491390e+00
      endloop
   endfacet
   facet normal 0.000000e+00 9.659258e-01 -2.588192e-01
      outer loop
         vertex 1.500000e+00 1.268187e+01 4.491390e+00
         vertex 0.000000e+00 1.268187e+01 4.491390e+00
         vertex 0.000000e+00 1.285796e+01 5.148574e+00
      endloop
   endfacet
   facet normal 0.000000e+00 9.659258e-01 -2.588192e-01
      outer loop
         vertex 1.500000e+00 1.268187e+01 4.491390e+00
         vertex 0.000000e+00 1.285796e+01 5.148574e+00
         vertex 1.500000e+00 1.285796e+01 5.148574e+00
      endloop
   endfacet
   facet normal 0.000000e+00 9.876883e-01 -1.564345e-01
      outer loop
         vertex 1.500000e+00 1.285796e+01 5.148574e+00
         vertex 0.000000e+00 1.285796e+01 5.148574e+00
         vertex 0.000000e+00 1.296439e+01 5.820565e+00
      endloop
   endfacet
   facet normal 0.000000e+00 9.876883e-01 -1.564345e-01
      outer loop
         vertex 1.500000e+00 1.285796e+01 5.148574e+00
         vertex 0.000000e+00 1.296439e+01 5.820565e+00
         vertex 1.500000e+00 1.296439e+01 5.820565e+00
      endloop
   endfacet
   facet normal 0.000000e+00 9.986295e-01 -5.233602e-02
      outer loop
         vertex 1.500000e+00 1.296439e+01 5.820565e+00
         vertex 0.000000e+00 1.296439e+01 5.820565e+00
         vertex 0.000000e+00 1.300000e+01 6.500000e+00
      endloop
   endfacet
   facet normal 0.000000e+00 9.986295e-01 -5.233602e-02
      outer loop
         vertex 1.500000e+00 1.296439e+01 5.820565e+00
         vertex 0.000000e+00 1.300000e+01 6.500000e+00
         vertex 1.500000e+00 1.300000e+01 6.500000e+00
      endloop
   endfacet
   facet normal 0.000000e+00 9.986295e-01 5.233602e-02
      outer loop
         vertex 1.500000e+00 1.300000e+01 6.500000e+00
         vertex 0.000000e+00 1.300000e+01 6.500000e+00
         vertex 0.000000e+00 1.296439e+01 7.179435e+00
      endloop
   endfacet
   facet normal 0.000000e+00 9.986295e-01 5.233602e-02
      outer loop
         vertex 1.500000e+00 1.300000e+01 6.500000e+00
         vertex 0.000000e+00 1.296439e+01 7.179435e+00
         vertex 1.500000e+00 1.296439e+01 7.179435e+00
      endloop
   endfacet
   facet normal 0.000000e+00 9.876883e-01 1.564345e-01
      outer loop
         vertex 1.500000e+00 1.296439e+01 7.179435e+00
         vertex 0.000000e+00 1.296439e+01 7.179435e+00
         vertex 0.000000e+00 1.285796e+01 7.851426e+00
      endloop
   endfacet
   facet normal 0.000000e+00 9.876883e-01 1.564345e-01
      outer loop
         vertex 1.500000e+00 1.296439e+01 7.179435e+00
         vertex 0.000000e+00 1.285796e+01 7.851426e+00
         vertex 1.500000e+00 1.285796e+01 7.851426e+00
      endloop
   endfacet
   facet normal 0.000000e+00 9.659258e-01 2.588192e-01
      outer loop
         vertex 1.500000e+00 1.285796e+01 7.851426e+00
         vertex 0.000000e+00 1.285796e+01 7.851426e+00
         vertex 0.000000e+00 1.268187e+01 8.508611e+00
      endloop
   endfacet
   facet normal 0.000000e+00 9.659258e-01 2.588192e-01
      outer loop
         vertex 1.500000e+00 1.285796e+01 7.851426e+00
         vertex 0.000000e+00 1.268187e+01 8.508611e+00
         vertex 1.500000e+00 1.268187e+01 8.508611e+00
      endloop
   endfacet
   facet normal 0.000000e+00 9.335806e-01 3.583676e-01
      outer loop
         vertex 1.500000e+00 1.268187e+01 8.508611e+00
         vertex 0.000000e+00 1.268187e+01 8.508611e+00
         vertex 0.000000e+00 1.243805e+01 9.143788e+00
      endloop
   endfacet
   facet normal 0.000000e+00 9.335806e-01 3.583676e-01
      outer loop
         vertex 1.500000e+00 1.268187e+01 8.508611e+00
         vertex 0.000000e+00 1.243805e+01 9.143788e+00
         vertex 1.500000e+00 1.243805e+01 9.143788e+00
      endloop
   endfacet
   facet normal 0.000000e+00 8.910064e-01 4.539908e-01
      outer loop
         vertex 1.500000e+00 1.243805e+01 9.143788e+00
         vertex 0.000000e+00 1.243805e+01 9.143788e+00
         vertex 0.000000e+00 1.212917e+01 9.750000e+00
      endloop
   endfacet
   facet normal 0.000000e+00 8.910064e-01 4.539908e-01
      outer loop
         vertex 1.500000e+00 1.243805e+01 9.143788e+00
         vertex 0.000000e+00 1.212917e+01 9.750000e+00
         vertex 1.500000e+00 1.212917e+01 9.750000e+00
      endloop
   endfacet
   facet normal 0.000000e+00 8.386706e-01 5.446390e-01
      outer loop
         vertex 1.500000e+00 1.212917e+01 9.750000e+00
         vertex 0.000000e+00 1.212917e+01 9.750000e+00
         vertex 0.000000e+00 1.175861e+01 1.032060e+01
      endloop
   endfacet
   facet normal 0.000000e+00 8.386706e-01 5.446390e-01
      outer loop
         vertex 1.500000e+00 1.212917e+01 9.750000e+00
         vertex 0.000000e+00 1.175861e+01 1.032060e+01
         vertex 1.500000e+00 1.175861e+01 1.032060e+01
      endloop
   endfacet
   facet normal 0.000000e+00 7.771461e-01 6.293203e-01
      outer loop
         vertex 1.500000e+00 1.175861e+01 1.032060e+01
         vertex 0.000000e+00 1.175861e+01 1.032060e+01
         vertex 0.000000e+00 1.133044e+01 1.084935e+01
      endloop
   endfacet
   facet normal 0.000000e+00 7.771461e-01 6.293203e-01
      outer loop
         vertex 1.500000e+00 1.175861e+01 1.032060e+01
         vertex 0.000000e+00 1.133044e+01 1.084935e+01
         vertex 1.500000e+00 1.133044e+01 1.084935e+01
      endloop
   endfacet
   facet normal 0.000000e+00 7.071068e-01 7.071068e-01
      outer loop
         vertex 1.500000e+00 1.133044e+01 1.084935e+01
         vertex 0.000000e+00 1.133044e+01 1.084935e+01
         vertex 0.000000e+00 1.084935e+01 1.133044e+01
      endloop
   endfacet
   facet normal 0.000000e+00 7.071068e-01 7.071068e-01
      outer loop
         vertex 1.500000e+00 1.133044e+01 1.084935e+01
         vertex 0.000000e+00 1.084935e+01 1.133044e+01
         vertex 1.500000e+00 1.084935e+01 1.133044e+01
      endloop
   endfacet
   facet normal 0.000000e+00 6.293203e-01 7.771461e-01
      outer loop
         vertex 1.500000e+00 1.084935e+01 1.133044e+01
         vertex 0.000000e+00 1.084935e+01 1.133044e+01
         vertex 0.000000e+00 1.032060e+01 1.175861e+01
      endloop
   endfacet
   facet normal 0.000000e+00 6.293203e-01 7.771461e-01
      outer loop
         vertex 1.500000e+00 1.084935e+01 1.133044e+01
         vertex 0.000000e+00 1.032060e+01 1.175861e+01
         vertex 1.500000e+00 1.032060e+01 1.175861e+01
      endloop
   endfacet
   facet normal 0.000000e+00 5.446390e-01 8.386706e-01
      outer loop
         vertex 1.500000e+00 1.032060e+01 1.175861e+01
         vertex 0.000000e+00 1.032060e+01 1.175861e+01
         vertex 0.000000e+00 9.750000e+00 1.212917e+01
      endloop
   endfacet
   facet normal 0.000000e+00 5.446390e-01 8.386706e-01
      outer loop
         vertex 1.500000e+00 1.032060e+01 1.175861e+01
         vertex 0.000000e+00 9.750000e+00 1.212917e+01
         vertex 1.500000e+00 9.750000e+00 1.212917e+01
      endloop
   endfacet
   facet normal 0.000000e+00 4.539908e-01 8.910064e-01
      outer loop
         vertex 1.500000e+00 9.750000e+00 1.212917e+01
         vertex 0.000000e+00 9.750000e+00 1.212917e+01
         vertex 0.000000e+00 9.143788e+00 1.243805e+01
      endloop
   endfacet
   facet normal 0.000000e+00 4.539908e-01 8.910064e-01
      outer loop
         vertex 1.500000e+00 9.750000e+00 1.212917e+01
         vertex 0.000000e+00 9.143788e+00 1.243805e+01
         vertex 1.500000e+00 9.143788e+00 1.243805e+01
      endloop
   endfacet
   facet normal 0.000000e+00 3.583676e-01 9.335806e-01
      outer loop
         vertex 1.500000e+00 9.143788e+00 1.243805e+01
         vertex 0.000000e+00 9.143788e+00 1.243805e+01
         vertex 0.000000e+00 8.508611e+00 1.268187e+01
      endloop
   endfacet
   facet normal 0.000000e+00 3.583676e-01 9.335806e-01
      outer loop
         vertex 1.500000e+00 9.143788e+00 1.243805e+01
         vertex 0.000000e+00 8.508611e+00 1.268187e+01
         vertex 1.500000e+00 8.508611e+00 1.268187e+01
      endloop
   endfacet
   facet normal 0.000000e+00 2.588192e-01 9.659258e-01
      outer loop
         vertex 1.500000e+00 8.508611e+00 1.268187e+01
         vertex 0.000000e+00 8.508611e+00 1.268187e+01
         vertex 0.000000e+00 7.851426e+00 1.285796e+01
      endloop
   endfacet
   facet normal 0.000000e+00 2.588192e-01 9.659258e-01
      outer loop
         vertex 1.500000e+00 8.508611e+00 1.268187e+01
         vertex 0.000000e+00 7.851426e+00 1.285796e+01
         vertex 1.500000e+00 7.851426e+00 1.285796e+01
      endloop
   endfacet
   facet normal 0.000000e+00 1.564345e-01 9.876883e-01
      outer loop
         vertex 1.500000e+00 7.851426e+00 1.285796e+01
         vertex 0.000000e+00 7.851426e+00 1.285796e+01
         vertex 0.000000e+00 7.179435e+00 1.296439e+01
      endloop
   endfacet
   facet normal 0.000000e+00 1.564345e-01 9.876883e-01
      outer loop
         vertex 1.500000e+00 7.851426e+00 1.285796e+01
         vertex 0.000000e+00 7.179435e+00 1.296439e+01
         vertex 1.500000e+00 7.179435e+00 1.296439e+01
      endloop
   endfacet
   facet normal 0.000000e+00 5.233602e-02 9.986295e-01
      outer loop
         vertex 1.500000e+00 7.179435e+00 1.296439e+01
         vertex 0.000000e+00 7.179435e+00 1.296439e+01
         vertex 0.000000e+00 6.500000e+00 1.300000e+01
      endloop
   endfacet
   facet normal 0.000000e+00 5.233602e-02 9.986295e-01
      outer loop
         vertex 1.500000e+00 7.179435e+00 1.296439e+01
         vertex 0.000000e+00 6.500000e+00 1.300000e+01
         vertex 1.500000e+00 6.500000e+00 1.300000e+01
      endloop
   endfacet
   facet normal 0.000000e+00 -5.233602e-02 9.986295e-01
      outer loop
         vertex 1.500000e+00 6.500000e+00 1.300000e+01
         vertex 0.000000e+00 6.500000e+00 1.300000e+01
         vertex 0.000000e+00 5.820565e+00 1.296439e+01
      endloop
   endfacet
   facet normal 0.000000e+00 -5.233602e-02 9.986295e-01
      outer loop
         vertex 1.500000e+00 6.500000e+00 1.300000e+01
         vertex 0.000000e+00 5.820565e+00 1.296439e+01
         vertex 1.500000e+00 5.820565e+00 1.296439e+01
      endloop
   endfacet
   facet normal 0.000000e+00 -1.564345e-01 9.876883e-01
      outer loop
         vertex 1.500000e+00 5.820565e+00 1.296439e+01
         vertex 0.000000e+00 5.820565e+00 1.296439e+01
         vertex 0.000000e+00 5.148574e+00 1.285796e+01
      endloop
   endfacet
   facet normal 0.000000e+00 -1.564345e-01 9.876883e-01
      outer loop
         vertex 1.500000e+00 5.820565e+00 1.296439e+01
         vertex 0.000000e+00 5.148574e+00 1.285796e+01
         vertex 1.500000e+00 5.148574e+00 1.285796e+01
      endloop
   endfacet
   facet normal 0.000000e+00 -2.588192e-01 9.659258e-01
      outer loop
         vertex 1.500000e+00 5.148574e+00 1.285796e+01
         vertex 0.000000e+00 5.148574e+00 1.285796e+01
         vertex 0.000000e+00 4.491390e+00 1.268187e+01
      endloop
   endfacet
   facet normal 0.000000e+00 -2.588192e-01 9.659258e-01
      outer loop
         vertex 1.500000e+00 5.148574e+00 1.285796e+01
         vertex 0.000000e+00 4.491390e+00 1.268187e+01
         vertex 1.500000e+00 4.491390e+00 1.268187e+01
      endloop
   endfacet
   facet normal 0.000000e+00 -3.583676e-01 9.335806e-01
      outer loop
         vertex 1.500000e+00 4.491390e+00 1.268187e+01
         vertex 0.000000e+00 4.491390e+00 1.268187e+01
         vertex 0.000000e+00 3.856212e+00 1.243805e+01
      endloop
   endfacet
   facet normal 0.000000e+00 -3.583676e-01 9.335806e-01
      outer loop
         vertex 1.500000e+00 4.491390e+00 1.268187e+01
         vertex 0.000000e+00 3.856212e+00 1.243805e+01
         vertex 1.500000e+00 3.856212e+00 1.243805e+01
      endloop
   endfacet
   facet normal 0.000000e+00 -4.539908e-01 8.910064e-01
      outer loop
         vertex 1.500000e+00 3.856212e+00 1.243805e+01
         vertex 0.000000e+00 3.856212e+00 1.243805e+01
         vertex 0.000000e+00 3.250000e+00 1.212917e+01
      endloop
   endfacet
   facet normal 0.000000e+00 -4.539908e-01 8.910064e-01
      outer loop
         vertex 1.500000e+00 3.856212e+00 1.243805e+01
         vertex 0.000000e+00 3.250000e+00 1.212917e+01
         vertex 1.500000e+00 3.250000e+00 1.212917e+01
      endloop
   endfacet
   facet normal 0.000000e+00 -5.446390e-01 8.386706e-01
      outer loop
         vertex 1.500000e+00 3.250000e+00 1.212917e+01
         vertex 0.000000e+00 3.250000e+00 1.212917e+01
         vertex 0.000000e+00 2.679396e+00 1.175861e+01
      endloop
   endfacet
   facet normal 0.000000e+00 -5.446390e-01 8.386706e-01
      outer loop
         vertex 1.500000e+00 3.250000e+00 1.212917e+01
         vertex 0.000000e+00 2.679396e+00 1.175861e+01
         vertex 1.500000e+00 2.679396e+00 1.175861e+01
      endloop
   endfacet
   facet normal 0.000000e+00 -6.293203e-01 7.771461e-01
      outer loop
         vertex 1.500000e+00 2.679396e+00 1.175861e+01
         vertex 0.000000e+00 2.679396e+00 1.175861e+01
         vertex 0.000000e+00 2.150651e+00 1.133044e+01
      endloop
   endfacet
   facet normal 0.000000e+00 -6.293203e-01 7.771461e-01
      outer loop
         vertex 1.500000e+00 2.679396e+00 1.175861e+01
         vertex 0.000000e+00 2.150651e+00 1.133044e+01
         vertex 1.500000e+00 2.150651e+00 1.133044e+01
      endloop
   endfacet
   facet normal 0.000000e+00 -7.071068e-01 7.071068e-01
      outer loop
         vertex 1.500000e+00 2.150651e+00 1.133044e+01
         vertex 0.000000e+00 2.150651e+00 1.133044e+01
         vertex 0.000000e+00 1.669559e+00 1.084935e+01
      endloop
   endfacet
   facet normal 0.000000e+00 -7.071068e-01 7.071068e-01
      outer loop
         vertex 1.500000e+00 2.150651e+00 1.133044e+01
         vertex 0.000000e+00 1.669559e+00 1.084935e+01
         vertex 1.500000e+00 1.669559e+00 1.084935e+01
      endloop
   endfacet
   facet normal 0.000000e+00 -7.771461e-01 6.293203e-01
      outer loop
         vertex 1.500000e+00 1.669559e+00 1.084935e+01
         vertex 0.000000e+00 1.669559e+00 1.084935e+01
         vertex 0.000000e+00 1.241390e+00 1.032060e+01
      endloop
   endfacet
   facet normal 0.000000e+00 -7.771461e-01 6.293203e-01
      outer loop
         vertex 1.500000e+00 1.669559e+00 1.084935e+01
         vertex 0.000000e+00 1.241390e+00 1.032060e+01
         vertex 1.500000e+00 1.241390e+00 1.032060e+01
      endloop
   endfacet
   facet normal 0.000000e+00 -8.386706e-01 5.446390e-01
      outer loop
         vertex 1.500000e+00 1.241390e+00 1.032060e+01
         vertex 0.000000e+00 1.241390e+00 1.032060e+01
         vertex 0.000000e+00 8.708350e-01 9.750000e+00
      endloop
   endfacet
   facet normal 0.000000e+00 -8.386706e-01 5.446390e-01
      outer loop
         vertex 1.500000e+00 1.241390e+00 1.032060e+01
         vertex 0.000000e+00 8.708350e-01 9.750000e+00
         vertex 1.500000e+00 8.708350e-01 9.750000e+00
      endloop
   endfacet
   facet normal 0.000000e+00 -8.910064e-01 4.539908e-01
      outer loop
         vertex 1.500000e+00 8.708350e-01 9.750000e+00
         vertex 0.000000e+00 8.708350e-01 9.750000e+00
         vertex 0.000000e+00 5.619545e-01 9.143788e+00
      endloop
   endfacet
   facet normal 0.000000e+00 -8.910064e-01 4.539908e-01
      outer loop
         vertex 1.500000e+00 8.708350e-01 9.750000e+00
         vertex 0.000000e+00 5.619545e-01 9.143788e+00
         vertex 1.500000e+00 5.619545e-01 9.143788e+00
      endloop
   endfacet
   facet normal 0.000000e+00 -9.335806e-01 3.583676e-01
      outer loop
         vertex 1.500000e+00 5.619545e-01 9.143788e+00
         vertex 0.000000e+00 5.619545e-01 9.143788e+00
         vertex 0.000000e+00 3.181328e-01 8.508611e+00
      endloop
   endfacet
   facet normal 1.000000e+00 0.000000e+00 0.000000e+00
      outer loop
         vertex 1.500000e+00 8.687500e+00 8.287500e+00
         vertex 1.500000e+00 9.250000e+00 8.287500e+00
         vertex 1.500000e+00 9.250000e+00 1.205000e+01
      endloop
   endfacet
   facet normal 1.000000e+00 0.000000e+00 0.000000e+00
      outer loop
         vertex 1.500000e+00 1.006512e+01 6.130697e+00
         vertex 1.500000e+00 1.000000e+01 6.125000e+00
         vertex 1.500000e+00 1.075000e+01 4.712500e+00
      endloop
   endfacet
   facet normal 1.000000e+00 0.000000e+00 0.000000e+00
      outer loop
         vertex 1.500000e+00 1.420407e-01 5.148574e+00
         vertex 1.500000e+00 3.181328e-01 4.491390e+00
         vertex 1.500000e+00 5.625002e-01 4.712500e+00
      endloop
   endfacet
   facet normal 1.000000e+00 0.000000e+00 0.000000e+00
      outer loop
         vertex 1.500000e+00 5.625002e-01 4.712500e+00
         vertex 1.500000e+00 3.181328e-01 4.491390e+00
         vertex 1.500000e+00 5.619545e-01 3.856212e+00
      endloop
   endfacet
   facet normal 1.000000e+00 0.000000e+00 -0.000000e+00
      outer loop
         vertex 1.500000e+00 7.419608e+00 1.900000e+00
         vertex 1.500000e+00 7.419608e+00 3.300000e+00
         vertex 1.500000e+00 6.419608e+00 4.712500e+00
      endloop
   endfacet
   facet normal 1.000000e+00 0.000000e+00 0.000000e+00
      outer loop
         vertex 1.500000e+00 6.419608e+00 4.712500e+00
         vertex 1.500000e+00 4.312500e+00 4.712500e+00
         vertex 1.500000e+00 4.500000e+00 3.300000e+00
      endloop
   endfacet
   facet normal 1.000000e+00 -0.000000e+00 0.000000e+00
      outer loop
         vertex 1.500000e+00 5.148574e+00 1.420407e-01
         vertex 1.500000e+00 5.820565e+00 3.560772e-02
         vertex 1.500000e+00 5.419608e+00 1.900000e+00
      endloop
   endfacet
   facet normal 1.000000e+00 0.000000e+00 0.000000e+00
      outer loop
         vertex 1.500000e+00 5.419608e+00 1.900000e+00
         vertex 1.500000e+00 5.820565e+00 3.560772e-02
         vertex 1.500000e+00 6.500000e+00 0.000000e+00
      endloop
   endfacet
   facet normal 1.000000e+00 -0.000000e+00 0.000000e+00
      outer loop
         vertex 1.500000e+00 5.419608e+00 1.900000e+00
         vertex 1.500000e+00 6.500000e+00 0.000000e+00
         vertex 1.500000e+00 5.419608e+00 3.300000e+00
      endloop
   endfacet
   facet normal 1.000000e+00 0.000000e+00 -0.000000e+00
      outer loop
         vertex 1.500000e+00 5.148574e+00 1.420407e-01
         vertex 1.500000e+00 5.419608e+00 1.900000e+00
         vertex 1.500000e+00 4.491390e+00 3.181328e-01
      endloop
   endfacet
   facet normal 1.000000e+00 0.000000e+00 0.000000e+00
      outer loop
         vertex 1.500000e+00 4.491390e+00 3.181328e-01
         vertex 1.500000e+00 5.419608e+00 1.900000e+00
         vertex 1.500000e+00 4.500000e+00 1.900000e+00
      endloop
   endfacet
   facet normal 1.000000e+00 0.000000e+00 -0.000000e+00
      outer loop
         vertex 1.500000e+00 4.491390e+00 3.181328e-01
         vertex 1.500000e+00 4.500000e+00 1.900000e+00
         vertex 1.500000e+00 3.856212e+00 5.619545e-01
      endloop
   endfacet
   facet normal 1.000000e+00 -0.000000e+00 0.000000e+00
      outer loop
         vertex 1.500000e+00 2.150651e+00 1.669559e+00
         vertex 1.500000e+00 2.679396e+00 1.241390e+00
         vertex 1.500000e+00 3.750000e+00 4.712500e+00
      endloop
   endfacet
   facet normal 1.000000e+00 0.000000e+00 0.000000e+00
      outer loop
         vertex 1.500000e+00 3.750000e+00 4.712500e+00
         vertex 1.500000e+00 2.679396e+00 1.241390e+00
         vertex 1.500000e+00 3.250000e+00 8.708350e-01
      endloop
   endfacet
   facet normal 1.000000e+00 0.000000e+00 0.000000e+00
      outer loop
         vertex 1.500000e+00 3.750000e+00 4.712500e+00
         vertex 1.500000e+00 3.250000e+00 8.708350e-01
         vertex 1.500000e+00 3.856212e+00 5.619545e-01
      endloop
   endfacet
   facet normal 1.000000e+00 -0.000000e+00 0.000000e+00
      outer loop
         vertex 1.500000e+00 5.619545e-01 3.856212e+00
         vertex 1.500000e+00 8.708350e-01 3.250000e+00
         vertex 1.500000e+00 2.250000e+00 4.712500e+00
      endloop
   endfacet
   facet normal 1.000000e+00 -0.000000e+00 0.000000e+00
      outer loop
         vertex 1.500000e+00 8.708350e-01 3.250000e+00
         vertex 1.500000e+00 1.241390e+00 2.679396e+00
         vertex 1.500000e+00 2.250000e+00 4.712500e+00
      endloop
   endfacet
   facet normal 1.000000e+00 0.000000e+00 0.000000e+00
      outer loop
         vertex 1.500000e+00 2.250000e+00 4.712500e+00
         vertex 1.500000e+00 1.241390e+00 2.679396e+00
         vertex 1.500000e+00 1.669559e+00 2.150651e+00
      endloop
   endfacet
   facet normal 1.000000e+00 0.000000e+00 0.000000e+00
      outer loop
         vertex 1.500000e+00 2.250000e+00 4.712500e+00
         vertex 1.500000e+00 1.669559e+00 2.150651e+00
         vertex 1.500000e+00 2.150651e+00 1.669559e+00
      endloop
   endfacet
   facet normal 1.000000e+00 0.000000e+00 0.000000e+00
      outer loop
         vertex 1.500000e+00 5.625002e-01 8.287500e+00
         vertex 1.500000e+00 3.181328e-01 8.508611e+00
         vertex 1.500000e+00 1.420407e-01 7.851426e+00
      endloop
   endfacet
   facet normal 1.000000e+00 -0.000000e+00 0.000000e+00
      outer loop
         vertex 1.500000e+00 1.420407e-01 7.851426e+00
         vertex 1.500000e+00 3.560772e-02 7.179435e+00
         vertex 1.500000e+00 5.625002e-01 8.287500e+00
      endloop
   endfacet
   facet normal 1.000000e+00 0.000000e+00 0.000000e+00
      outer loop
         vertex 1.500000e+00 5.625002e-01 8.287500e+00
         vertex 1.500000e+00 3.560772e-02 7.179435e+00
         vertex 1.500000e+00 0.000000e+00 6.500000e+00
      endloop
   endfacet
   facet normal 1.000000e+00 0.000000e+00 0.000000e+00
      outer loop
         vertex 1.500000e+00 5.625002e-01 8.287500e+00
         vertex 1.500000e+00 0.000000e+00 6.500000e+00
         vertex 1.500000e+00 5.625002e-01 4.712500e+00
      endloop
   endfacet
   facet normal 1.000000e+00 0.000000e+00 0.000000e+00
      outer loop
         vertex 1.500000e+00 5.625002e-01 4.712500e+00
         vertex 1.500000e+00 0.000000e+00 6.500000e+00
         vertex 1.500000e+00 3.560772e-02 5.820565e+00
      endloop
   endfacet
   facet normal 1.000000e+00 0.000000e+00 0.000000e+00
      outer loop
         vertex 1.500000e+00 5.625002e-01 4.712500e+00
         vertex 1.500000e+00 3.560772e-02 5.820565e+00
         vertex 1.500000e+00 1.420407e-01 5.148574e+00
      endloop
   endfacet
   facet normal 1.000000e+00 0.000000e+00 0.000000e+00
      outer loop
         vertex 1.500000e+00 2.250000e+00 8.287500e+00
         vertex 1.500000e+00 2.150651e+00 1.133044e+01
         vertex 1.500000e+00 1.669559e+00 1.084935e+01
      endloop
   endfacet
   facet normal 1.000000e+00 0.000000e+00 0.000000e+00
      outer loop
         vertex 1.500000e+00 1.669559e+00 1.084935e+01
         vertex 1.500000e+00 1.241390e+00 1.032060e+01
         vertex 1.500000e+00 2.250000e+00 8.287500e+00
      endloop
   endfacet
   facet normal 1.000000e+00 0.000000e+00 0.000000e+00
      outer loop
         vertex 1.500000e+00 2.250000e+00 8.287500e+00
         vertex 1.500000e+00 1.241390e+00 1.032060e+01
         vertex 1.500000e+00 8.708350e-01 9.750000e+00
      endloop
   endfacet
   facet normal 1.000000e+00 0.000000e+00 0.000000e+00
      outer loop
         vertex 1.500000e+00 2.250000e+00 8.287500e+00
         vertex 1.500000e+00 8.708350e-01 9.750000e+00
         vertex 1.500000e+00 5.625002e-01 8.287500e+00
      endloop
   endfacet
   facet normal 1.000000e+00 0.000000e+00 -0.000000e+00
      outer loop
         vertex 1.500000e+00 5.625002e-01 8.287500e+00
         vertex 1.500000e+00 8.708350e-01 9.750000e+00
         vertex 1.500000e+00 5.619545e-01 9.143788e+00
      endloop
   endfacet
   facet normal 1.000000e+00 0.000000e+00 0.000000e+00
      outer loop
         vertex 1.500000e+00 5.625002e-01 8.287500e+00
         vertex 1.500000e+00 5.619545e-01 9.143788e+00
         vertex 1.500000e+00 3.181328e-01 8.508611e+00
      endloop
   endfacet
   facet normal 1.000000e+00 -0.000000e+00 0.000000e+00
      outer loop
         vertex 1.500000e+00 2.150651e+00 1.133044e+01
         vertex 1.500000e+00 2.250000e+00 8.287500e+00
         vertex 1.500000e+00 2.679396e+00 1.175861e+01
      endloop
   endfacet
   facet normal 1.000000e+00 0.000000e+00 0.000000e+00
      outer loop
         vertex 1.500000e+00 2.679396e+00 1.175861e+01
         vertex 1.500000e+00 2.250000e+00 8.287500e+00
         vertex 1.500000e+00 3.750000e+00 8.287500e+00
      endloop
   endfacet
   facet normal 1.000000e+00 -0.000000e+00 0.000000e+00
      outer loop
         vertex 1.500000e+00 2.679396e+00 1.175861e+01
         vertex 1.500000e+00 3.750000e+00 8.287500e+00
         vertex 1.500000e+00 3.250000e+00 1.212917e+01
      endloop
   endfacet
   facet normal 1.000000e+00 0.000000e+00 0.000000e+00
      outer loop
         vertex 1.500000e+00 3.750000e+00 1.205000e+01
         vertex 1.500000e+00 4.312500e+00 1.205000e+01
         vertex 1.500000e+00 3.856212e+00 1.243805e+01
      endloop
   endfacet
   facet normal 1.000000e+00 -0.000000e+00 0.000000e+00
      outer loop
         vertex 1.500000e+00 3.856212e+00 1.243805e+01
         vertex 1.500000e+00 4.312500e+00 1.205000e+01
         vertex 1.500000e+00 4.491390e+00 1.268187e+01
      endloop
   endfacet
   facet normal 1.000000e+00 -0.000000e+00 0.000000e+00
      outer loop
         vertex 1.500000e+00 4.491390e+00 1.268187e+01
         vertex 1.500000e+00 4.312500e+00 1.205000e+01
         vertex 1.500000e+00 5.148574e+00 1.285796e+01
      endloop
   endfacet
   facet normal 1.000000e+00 0.000000e+00 0.000000e+00
      outer loop
         vertex 1.500000e+00 5.148574e+00 1.285796e+01
         vertex 1.500000e+00 4.312500e+00 1.205000e+01
         vertex 1.500000e+00 6.419608e+00 1.205000e+01
      endloop
   endfacet
   facet normal 1.000000e+00 -0.000000e+00 0.000000e+00
      outer loop
         vertex 1.500000e+00 5.148574e+00 1.285796e+01
         vertex 1.500000e+00 6.419608e+00 1.205000e+01
         vertex 1.500000e+00 5.820565e+00 1.296439e+01
      endloop
   endfacet
   facet normal 1.000000e+00 0.000000e+00 0.000000e+00
      outer loop
         vertex 1.500000e+00 7.851426e+00 1.285796e+01
         vertex 1.500000e+00 7.179435e+00 1.296439e+01
         vertex 1.500000e+00 6.419608e+00 1.205000e+01
      endloop
   endfacet
   facet normal 1.000000e+00 0.000000e+00 0.000000e+00
      outer loop
         vertex 1.500000e+00 6.419608e+00 1.205000e+01
         vertex 1.500000e+00 7.179435e+00 1.296439e+01
         vertex 1.500000e+00 6.500000e+00 1.300000e+01
      endloop
   endfacet
   facet normal 1.000000e+00 0.000000e+00 -0.000000e+00
      outer loop
         vertex 1.500000e+00 6.419608e+00 1.205000e+01
         vertex 1.500000e+00 6.500000e+00 1.300000e+01
         vertex 1.500000e+00 5.820565e+00 1.296439e+01
      endloop
   endfacet
   facet normal 1.000000e+00 0.000000e+00 0.000000e+00
      outer loop
         vertex 1.500000e+00 6.419608e+00 1.205000e+01
         vertex 1.500000e+00 7.772304e+00 1.205000e+01
         vertex 1.500000e+00 7.851426e+00 1.285796e+01
      endloop
   endfacet
   facet normal 1.000000e+00 0.000000e+00 0.000000e+00
      outer loop
         vertex 1.500000e+00 7.851426e+00 1.285796e+01
         vertex 1.500000e+00 7.772304e+00 1.205000e+01
         vertex 1.500000e+00 8.687500e+00 1.205000e+01
      endloop
   endfacet
   facet normal 1.000000e+00 0.000000e+00 0.000000e+00
      outer loop
         vertex 1.500000e+00 7.851426e+00 1.285796e+01
         vertex 1.500000e+00 8.687500e+00 1.205000e+01
         vertex 1.500000e+00 8.508611e+00 1.268187e+01
      endloop
   endfacet
   facet normal 1.000000e+00 0.000000e+00 -0.000000e+00
      outer loop
         vertex 1.500000e+00 1.075000e+01 8.287500e+00
         vertex 1.500000e+00 1.084935e+01 1.133044e+01
         vertex 1.500000e+00 9.250000e+00 8.287500e+00
      endloop
   endfacet
   facet normal 1.000000e+00 0.000000e+00 0.000000e+00
      outer loop
         vertex 1.500000e+00 9.250000e+00 8.287500e+00
         vertex 1.500000e+00 1.084935e+01 1.133044e+01
         vertex 1.500000e+00 1.032060e+01 1.175861e+01
      endloop
   endfacet
   facet normal 1.000000e+00 0.000000e+00 0.000000e+00
      outer loop
         vertex 1.500000e+00 9.250000e+00 8.287500e+00
         vertex 1.500000e+00 1.032060e+01 1.175861e+01
         vertex 1.500000e+00 9.250000e+00 1.205000e+01
      endloop
   endfacet
   facet normal 1.000000e+00 -0.000000e+00 0.000000e+00
      outer loop
         vertex 1.500000e+00 9.250000e+00 1.205000e+01
         vertex 1.500000e+00 1.032060e+01 1.175861e+01
         vertex 1.500000e+00 9.750000e+00 1.212917e+01
      endloop
   endfacet
   facet normal 1.000000e+00 0.000000e+00 -0.000000e+00
      outer loop
         vertex 1.500000e+00 9.250000e+00 1.205000e+01
         vertex 1.500000e+00 9.750000e+00 1.212917e+01
         vertex 1.500000e+00 9.143788e+00 1.243805e+01
      endloop
   endfacet
   facet normal 1.000000e+00 0.000000e+00 0.000000e+00
      outer loop
         vertex 1.500000e+00 1.212917e+01 9.750000e+00
         vertex 1.500000e+00 1.075000e+01 8.287500e+00
         vertex 1.500000e+00 1.243805e+01 9.143788e+00
      endloop
   endfacet
   facet normal 1.000000e+00 0.000000e+00 0.000000e+00
      outer loop
         vertex 1.500000e+00 1.243805e+01 9.143788e+00
         vertex 1.500000e+00 1.075000e+01 8.287500e+00
         vertex 1.500000e+00 1.268187e+01 8.508611e+00
      endloop
   endfacet
   facet normal 1.000000e+00 0.000000e+00 0.000000e+00
      outer loop
         vertex 1.500000e+00 1.212917e+01 9.750000e+00
         vertex 1.500000e+00 1.175861e+01 1.032060e+01
         vertex 1.500000e+00 1.075000e+01 8.287500e+00
      endloop
   endfacet
   facet normal 1.000000e+00 0.000000e+00 0.000000e+00
      outer loop
         vertex 1.500000e+00 1.075000e+01 8.287500e+00
         vertex 1.500000e+00 1.175861e+01 1.032060e+01
         vertex 1.500000e+00 1.133044e+01 1.084935e+01
      endloop
   endfacet
   facet normal 1.000000e+00 0.000000e+00 0.000000e+00
      outer loop
         vertex 1.500000e+00 1.075000e+01 8.287500e+00
         vertex 1.500000e+00 1.133044e+01 1.084935e+01
         vertex 1.500000e+00 1.084935e+01 1.133044e+01
      endloop
   endfacet
   facet normal 1.000000e+00 0.000000e+00 0.000000e+00
      outer loop
         vertex 1.500000e+00 1.156512e+01 6.130697e+00
         vertex 1.500000e+00 1.150000e+01 6.125000e+00
         vertex 1.500000e+00 1.075000e+01 4.712500e+00
      endloop
   endfacet
   facet normal 1.000000e+00 0.000000e+00 0.000000e+00
      outer loop
         vertex 1.500000e+00 1.075000e+01 4.712500e+00
         vertex 1.500000e+00 1.150000e+01 6.125000e+00
         vertex 1.500000e+00 1.143488e+01 6.130697e+00
      endloop
   endfacet
   facet normal 1.000000e+00 0.000000e+00 0.000000e+00
      outer loop
         vertex 1.500000e+00 1.143488e+01 6.130697e+00
         vertex 1.500000e+00 1.137174e+01 6.147615e+00
         vertex 1.500000e+00 1.075000e+01 4.712500e+00
      endloop
   endfacet
   facet normal 1.000000e+00 0.000000e+00 0.000000e+00
      outer loop
         vertex 1.500000e+00 1.075000e+01 4.712500e+00
         vertex 1.500000e+00 1.137174e+01 6.147615e+00
         vertex 1.500000e+00 1.131250e+01 6.175241e+00
      endloop
   endfacet
   facet normal 1.000000e+00 0.000000e+00 0.000000e+00
      outer loop
         vertex 1.500000e+00 1.075000e+01 4.712500e+00
         vertex 1.500000e+00 1.131250e+01 6.175241e+00
         vertex 1.500000e+00 1.125895e+01 6.212733e+00
      endloop
   endfacet
   facet normal 1.000000e+00 0.000000e+00 0.000000e+00
      outer loop
         vertex 1.500000e+00 1.125895e+01 6.212733e+00
         vertex 1.500000e+00 1.121273e+01 6.258955e+00
         vertex 1.500000e+00 1.075000e+01 4.712500e+00
      endloop
   endfacet
   facet normal 1.000000e+00 0.000000e+00 0.000000e+00
      outer loop
         vertex 1.500000e+00 1.075000e+01 4.712500e+00
         vertex 1.500000e+00 1.121273e+01 6.258955e+00
         vertex 1.500000e+00 1.117524e+01 6.312500e+00
      endloop
   endfacet
   facet normal 1.000000e+00 0.000000e+00 0.000000e+00
      outer loop
         vertex 1.500000e+00 1.075000e+01 4.712500e+00
         vertex 1.500000e+00 1.117524e+01 6.312500e+00
         vertex 1.500000e+00 1.114762e+01 6.371743e+00
      endloop
   endfacet
   facet normal 1.000000e+00 0.000000e+00 -0.000000e+00
      outer loop
         vertex 1.500000e+00 1.114762e+01 6.628258e+00
         vertex 1.500000e+00 1.117524e+01 6.687500e+00
         vertex 1.500000e+00 1.075000e+01 8.287500e+00
      endloop
   endfacet
   facet normal 1.000000e+00 0.000000e+00 -0.000000e+00
      outer loop
         vertex 1.500000e+00 1.131250e+01 6.824760e+00
         vertex 1.500000e+00 1.137174e+01 6.852385e+00
         vertex 1.500000e+00 1.075000e+01 8.287500e+00
      endloop
   endfacet
   facet normal 1.000000e+00 0.000000e+00 0.000000e+00
      outer loop
         vertex 1.500000e+00 1.300000e+01 6.500000e+00
         vertex 1.500000e+00 1.187500e+01 6.500000e+00
         vertex 1.500000e+00 1.186930e+01 6.434882e+00
      endloop
   endfacet
   facet normal 1.000000e+00 0.000000e+00 0.000000e+00
      outer loop
         vertex 1.500000e+00 1.114762e+01 6.371743e+00
         vertex 1.500000e+00 1.113070e+01 6.434882e+00
         vertex 1.500000e+00 1.075000e+01 4.712500e+00
      endloop
   endfacet
   facet normal 1.000000e+00 0.000000e+00 0.000000e+00
      outer loop
         vertex 1.500000e+00 1.075000e+01 4.712500e+00
         vertex 1.500000e+00 1.113070e+01 6.434882e+00
         vertex 1.500000e+00 1.112500e+01 6.500000e+00
      endloop
   endfacet
   facet normal 1.000000e+00 0.000000e+00 0.000000e+00
      outer loop
         vertex 1.500000e+00 1.075000e+01 4.712500e+00
         vertex 1.500000e+00 1.112500e+01 6.500000e+00
         vertex 1.500000e+00 1.075000e+01 8.287500e+00
      endloop
   endfacet
   facet normal 1.000000e+00 0.000000e+00 0.000000e+00
      outer loop
         vertex 1.500000e+00 1.075000e+01 8.287500e+00
         vertex 1.500000e+00 1.112500e+01 6.500000e+00
         vertex 1.500000e+00 1.113070e+01 6.565118e+00
      endloop
   endfacet
   facet normal 1.000000e+00 0.000000e+00 0.000000e+00
      outer loop
         vertex 1.500000e+00 1.075000e+01 8.287500e+00
         vertex 1.500000e+00 1.113070e+01 6.565118e+00
         vertex 1.500000e+00 1.114762e+01 6.628258e+00
      endloop
   endfacet
   facet normal 1.000000e+00 0.000000e+00 0.000000e+00
      outer loop
         vertex 1.500000e+00 1.296439e+01 7.179435e+00
         vertex 1.500000e+00 1.285796e+01 7.851426e+00
         vertex 1.500000e+00 1.178727e+01 6.741045e+00
      endloop
   endfacet
   facet normal 1.000000e+00 0.000000e+00 0.000000e+00
      outer loop
         vertex 1.500000e+00 1.300000e+01 6.500000e+00
         vertex 1.500000e+00 1.186930e+01 6.434882e+00
         vertex 1.500000e+00 1.296439e+01 5.820565e+00
      endloop
   endfacet
   facet normal 1.000000e+00 0.000000e+00 0.000000e+00
      outer loop
         vertex 1.500000e+00 1.285796e+01 5.148574e+00
         vertex 1.500000e+00 1.174105e+01 6.212733e+00
         vertex 1.500000e+00 1.268187e+01 4.491390e+00
      endloop
   endfacet
   facet normal 1.000000e+00 0.000000e+00 0.000000e+00
      outer loop
         vertex 1.500000e+00 1.268187e+01 4.491390e+00
         vertex 1.500000e+00 1.174105e+01 6.212733e+00
         vertex 1.500000e+00 1.168750e+01 6.175241e+00
      endloop
   endfacet
   facet normal 1.000000e+00 0.000000e+00 0.000000e+00
      outer loop
         vertex 1.500000e+00 1.268187e+01 4.491390e+00
         vertex 1.500000e+00 1.168750e+01 6.175241e+00
         vertex 1.500000e+00 1.162826e+01 6.147615e+00
      endloop
   endfacet
   facet normal 1.000000e+00 -0.000000e+00 0.000000e+00
      outer loop
         vertex 1.500000e+00 1.178727e+01 6.741045e+00
         vertex 1.500000e+00 1.182476e+01 6.687500e+00
         vertex 1.500000e+00 1.296439e+01 7.179435e+00
      endloop
   endfacet
   facet normal 1.000000e+00 0.000000e+00 0.000000e+00
      outer loop
         vertex 1.500000e+00 1.296439e+01 7.179435e+00
         vertex 1.500000e+00 1.182476e+01 6.687500e+00
         vertex 1.500000e+00 1.185239e+01 6.628258e+00
      endloop
   endfacet
   facet normal 1.000000e+00 0.000000e+00 0.000000e+00
      outer loop
         vertex 1.500000e+00 1.296439e+01 7.179435e+00
         vertex 1.500000e+00 1.185239e+01 6.628258e+00
         vertex 1.500000e+00 1.300000e+01 6.500000e+00
      endloop
   endfacet
   facet normal 1.000000e+00 0.000000e+00 0.000000e+00
      outer loop
         vertex 1.500000e+00 1.300000e+01 6.500000e+00
         vertex 1.500000e+00 1.185239e+01 6.628258e+00
         vertex 1.500000e+00 1.186930e+01 6.565118e+00
      endloop
   endfacet
   facet normal 1.000000e+00 0.000000e+00 0.000000e+00
      outer loop
         vertex 1.500000e+00 1.300000e+01 6.500000e+00
         vertex 1.500000e+00 1.186930e+01 6.565118e+00
         vertex 1.500000e+00 1.187500e+01 6.500000e+00
      endloop
   endfacet
   facet normal 1.000000e+00 0.000000e+00 0.000000e+00
      outer loop
         vertex 1.500000e+00 1.186930e+01 6.434882e+00
         vertex 1.500000e+00 1.185239e+01 6.371743e+00
         vertex 1.500000e+00 1.296439e+01 5.820565e+00
      endloop
   endfacet
   facet normal 1.000000e+00 0.000000e+00 0.000000e+00
      outer loop
         vertex 1.500000e+00 1.296439e+01 5.820565e+00
         vertex 1.500000e+00 1.185239e+01 6.371743e+00
         vertex 1.500000e+00 1.182476e+01 6.312500e+00
      endloop
   endfacet
   facet normal 1.000000e+00 0.000000e+00 0.000000e+00
      outer loop
         vertex 1.500000e+00 1.296439e+01 5.820565e+00
         vertex 1.500000e+00 1.182476e+01 6.312500e+00
         vertex 1.500000e+00 1.285796e+01 5.148574e+00
      endloop
   endfacet
   facet normal 1.000000e+00 0.000000e+00 0.000000e+00
      outer loop
         vertex 1.500000e+00 1.285796e+01 5.148574e+00
         vertex 1.500000e+00 1.182476e+01 6.312500e+00
         vertex 1.500000e+00 1.178727e+01 6.258955e+00
      endloop
   endfacet
   facet normal 1.000000e+00 0.000000e+00 0.000000e+00
      outer loop
         vertex 1.500000e+00 1.285796e+01 5.148574e+00
         vertex 1.500000e+00 1.178727e+01 6.258955e+00
         vertex 1.500000e+00 1.174105e+01 6.212733e+00
      endloop
   endfacet
   facet normal 1.000000e+00 0.000000e+00 -0.000000e+00
      outer loop
         vertex 1.500000e+00 1.117524e+01 6.687500e+00
         vertex 1.500000e+00 1.121273e+01 6.741045e+00
         vertex 1.500000e+00 1.075000e+01 8.287500e+00
      endloop
   endfacet
   facet normal 1.000000e+00 0.000000e+00 0.000000e+00
      outer loop
         vertex 1.500000e+00 1.075000e+01 8.287500e+00
         vertex 1.500000e+00 1.121273e+01 6.741045e+00
         vertex 1.500000e+00 1.125895e+01 6.787267e+00
      endloop
   endfacet
   facet normal 1.000000e+00 0.000000e+00 0.000000e+00
      outer loop
         vertex 1.500000e+00 1.075000e+01 8.287500e+00
         vertex 1.500000e+00 1.125895e+01 6.787267e+00
         vertex 1.500000e+00 1.131250e+01 6.824760e+00
      endloop
   endfacet
   facet normal 1.000000e+00 0.000000e+00 -0.000000e+00
      outer loop
         vertex 1.500000e+00 1.137174e+01 6.852385e+00
         vertex 1.500000e+00 1.143488e+01 6.869303e+00
         vertex 1.500000e+00 1.075000e+01 8.287500e+00
      endloop
   endfacet
   facet normal 1.000000e+00 0.000000e+00 0.000000e+00
      outer loop
         vertex 1.500000e+00 1.075000e+01 8.287500e+00
         vertex 1.500000e+00 1.143488e+01 6.869303e+00
         vertex 1.500000e+00 1.150000e+01 6.875000e+00
      endloop
   endfacet
   facet normal 1.000000e+00 -0.000000e+00 0.000000e+00
      outer loop
         vertex 1.500000e+00 1.075000e+01 8.287500e+00
         vertex 1.500000e+00 1.150000e+01 6.875000e+00
         vertex 1.500000e+00 1.268187e+01 8.508611e+00
      endloop
   endfacet
   facet normal 1.000000e+00 0.000000e+00 0.000000e+00
      outer loop
         vertex 1.500000e+00 1.268187e+01 8.508611e+00
         vertex 1.500000e+00 1.150000e+01 6.875000e+00
         vertex 1.500000e+00 1.156512e+01 6.869303e+00
      endloop
   endfacet
   facet normal 1.000000e+00 -0.000000e+00 0.000000e+00
      outer loop
         vertex 1.500000e+00 1.156512e+01 6.869303e+00
         vertex 1.500000e+00 1.162826e+01 6.852385e+00
         vertex 1.500000e+00 1.268187e+01 8.508611e+00
      endloop
   endfacet
   facet normal 1.000000e+00 0.000000e+00 0.000000e+00
      outer loop
         vertex 1.500000e+00 1.268187e+01 8.508611e+00
         vertex 1.500000e+00 1.162826e+01 6.852385e+00
         vertex 1.500000e+00 1.168750e+01 6.824760e+00
      endloop
   endfacet
   facet normal 1.000000e+00 0.000000e+00 0.000000e+00
      outer loop
         vertex 1.500000e+00 1.268187e+01 8.508611e+00
         vertex 1.500000e+00 1.168750e+01 6.824760e+00
         vertex 1.500000e+00 1.285796e+01 7.851426e+00
      endloop
   endfacet
   facet normal 1.000000e+00 0.000000e+00 0.000000e+00
      outer loop
         vertex 1.500000e+00 1.285796e+01 7.851426e+00
         vertex 1.500000e+00 1.168750e+01 6.824760e+00
         vertex 1.500000e+00 1.174105e+01 6.787267e+00
      endloop
   endfacet
   facet normal 1.000000e+00 0.000000e+00 0.000000e+00
      outer loop
         vertex 1.500000e+00 1.285796e+01 7.851426e+00
         vertex 1.500000e+00 1.174105e+01 6.787267e+00
         vertex 1.500000e+00 1.178727e+01 6.741045e+00
      endloop
   endfacet
   facet normal 1.000000e+00 0.000000e+00 -0.000000e+00
      outer loop
         vertex 1.500000e+00 1.133044e+01 2.150651e+00
         vertex 1.500000e+00 1.175861e+01 2.679396e+00
         vertex 1.500000e+00 1.075000e+01 4.712500e+00
      endloop
   endfacet
   facet normal 1.000000e+00 0.000000e+00 0.000000e+00
      outer loop
         vertex 1.500000e+00 1.075000e+01 4.712500e+00
         vertex 1.500000e+00 1.175861e+01 2.679396e+00
         vertex 1.500000e+00 1.212917e+01 3.250000e+00
      endloop
   endfacet
   facet normal 1.000000e+00 0.000000e+00 0.000000e+00
      outer loop
         vertex 1.500000e+00 1.162826e+01 6.147615e+00
         vertex 1.500000e+00 1.156512e+01 6.130697e+00
         vertex 1.500000e+00 1.268187e+01 4.491390e+00
      endloop
   endfacet
   facet normal 1.000000e+00 0.000000e+00 0.000000e+00
      outer loop
         vertex 1.500000e+00 1.268187e+01 4.491390e+00
         vertex 1.500000e+00 1.156512e+01 6.130697e+00
         vertex 1.500000e+00 1.075000e+01 4.712500e+00
      endloop
   endfacet
   facet normal 1.000000e+00 0.000000e+00 0.000000e+00
      outer loop
         vertex 1.500000e+00 1.268187e+01 4.491390e+00
         vertex 1.500000e+00 1.075000e+01 4.712500e+00
         vertex 1.500000e+00 1.243805e+01 3.856212e+00
      endloop
   endfacet
   facet normal 1.000000e+00 0.000000e+00 0.000000e+00
      outer loop
         vertex 1.500000e+00 1.243805e+01 3.856212e+00
         vertex 1.500000e+00 1.075000e+01 4.712500e+00
         vertex 1.500000e+00 1.212917e+01 3.250000e+00
      endloop
   endfacet
   facet normal 1.000000e+00 -0.000000e+00 0.000000e+00
      outer loop
         vertex 1.500000e+00 9.250000e+00 4.712500e+00
         vertex 1.500000e+00 1.032060e+01 1.241390e+00
         vertex 1.500000e+00 1.075000e+01 4.712500e+00
      endloop
   endfacet
   facet normal 1.000000e+00 0.000000e+00 0.000000e+00
      outer loop
         vertex 1.500000e+00 1.075000e+01 4.712500e+00
         vertex 1.500000e+00 1.032060e+01 1.241390e+00
         vertex 1.500000e+00 1.084935e+01 1.669559e+00
      endloop
   endfacet
   facet normal 1.000000e+00 0.000000e+00 0.000000e+00
      outer loop
         vertex 1.500000e+00 1.075000e+01 4.712500e+00
         vertex 1.500000e+00 1.084935e+01 1.669559e+00
         vertex 1.500000e+00 1.133044e+01 2.150651e+00
      endloop
   endfacet
   facet normal 1.000000e+00 -0.000000e+00 0.000000e+00
      outer loop
         vertex 1.500000e+00 6.419608e+00 4.712500e+00
         vertex 1.500000e+00 7.419608e+00 3.300000e+00
         vertex 1.500000e+00 7.772304e+00 4.712500e+00
      endloop
   endfacet
   facet normal 1.000000e+00 0.000000e+00 0.000000e+00
      outer loop
         vertex 1.500000e+00 7.772304e+00 4.712500e+00
         vertex 1.500000e+00 7.419608e+00 3.300000e+00
         vertex 1.500000e+00 7.772304e+00 3.300000e+00
      endloop
   endfacet
   facet normal 1.000000e+00 -0.000000e+00 0.000000e+00
      outer loop
         vertex 1.500000e+00 7.772304e+00 4.712500e+00
         vertex 1.500000e+00 7.772304e+00 3.300000e+00
         vertex 1.500000e+00 8.687500e+00 4.712500e+00
      endloop
   endfacet
   facet normal 1.000000e+00 0.000000e+00 0.000000e+00
      outer loop
         vertex 1.500000e+00 8.687500e+00 4.712500e+00
         vertex 1.500000e+00 7.772304e+00 3.300000e+00
         vertex 1.500000e+00 8.500000e+00 3.300000e+00
      endloop
   endfacet
   facet normal 1.000000e+00 0.000000e+00 0.000000e+00
      outer loop
         vertex 1.500000e+00 8.687500e+00 4.712500e+00
         vertex 1.500000e+00 8.500000e+00 3.300000e+00
         vertex 1.500000e+00 8.500000e+00 1.900000e+00
      endloop
   endfacet
   facet normal 1.000000e+00 0.000000e+00 0.000000e+00
      outer loop
         vertex 1.500000e+00 4.500000e+00 3.300000e+00
         vertex 1.500000e+00 5.419608e+00 3.300000e+00
         vertex 1.500000e+00 6.419608e+00 4.712500e+00
      endloop
   endfacet
   facet normal 1.000000e+00 0.000000e+00 0.000000e+00
      outer loop
         vertex 1.500000e+00 6.419608e+00 4.712500e+00
         vertex 1.500000e+00 5.419608e+00 3.300000e+00
         vertex 1.500000e+00 6.500000e+00 0.000000e+00
      endloop
   endfacet
   facet normal 1.000000e+00 0.000000e+00 0.000000e+00
      outer loop
         vertex 1.500000e+00 6.419608e+00 4.712500e+00
         vertex 1.500000e+00 6.500000e+00 0.000000e+00
         vertex 1.500000e+00 7.419608e+00 1.900000e+00
      endloop
   endfacet
   facet normal 1.000000e+00 0.000000e+00 0.000000e+00
      outer loop
         vertex 1.500000e+00 7.419608e+00 1.900000e+00
         vertex 1.500000e+00 6.500000e+00 0.000000e+00
         vertex 1.500000e+00 7.179435e+00 3.560772e-02
      endloop
   endfacet
   facet normal 1.000000e+00 -0.000000e+00 0.000000e+00
      outer loop
         vertex 1.500000e+00 7.419608e+00 1.900000e+00
         vertex 1.500000e+00 7.179435e+00 3.560772e-02
         vertex 1.500000e+00 7.772304e+00 1.900000e+00
      endloop
   endfacet
   facet normal 1.000000e+00 0.000000e+00 0.000000e+00
      outer loop
         vertex 1.500000e+00 7.772304e+00 1.900000e+00
         vertex 1.500000e+00 7.179435e+00 3.560772e-02
         vertex 1.500000e+00 7.851426e+00 1.420407e-01
      endloop
   endfacet
   facet normal 1.000000e+00 -0.000000e+00 0.000000e+00
      outer loop
         vertex 1.500000e+00 7.772304e+00 1.900000e+00
         vertex 1.500000e+00 7.851426e+00 1.420407e-01
         vertex 1.500000e+00 8.500000e+00 1.900000e+00
      endloop
   endfacet
   facet normal 1.000000e+00 0.000000e+00 0.000000e+00
      outer loop
         vertex 1.500000e+00 8.500000e+00 1.900000e+00
         vertex 1.500000e+00 7.851426e+00 1.420407e-01
         vertex 1.500000e+00 8.508611e+00 3.181328e-01
      endloop
   endfacet
   facet normal 1.000000e+00 -0.000000e+00 0.000000e+00
      outer loop
         vertex 1.500000e+00 8.500000e+00 1.900000e+00
         vertex 1.500000e+00 8.508611e+00 3.181328e-01
         vertex 1.500000e+00 8.687500e+00 4.712500e+00
      endloop
   endfacet
   facet normal 1.000000e+00 0.000000e+00 0.000000e+00
      outer loop
         vertex 1.500000e+00 8.687500e+00 4.712500e+00
         vertex 1.500000e+00 8.508611e+00 3.181328e-01
         vertex 1.500000e+00 9.143788e+00 5.619545e-01
      endloop
   endfacet
   facet normal 1.000000e+00 -0.000000e+00 0.000000e+00
      outer loop
         vertex 1.500000e+00 8.687500e+00 4.712500e+00
         vertex 1.500000e+00 9.143788e+00 5.619545e-01
         vertex 1.500000e+00 9.250000e+00 4.712500e+00
      endloop
   endfacet
   facet normal 1.000000e+00 0.000000e+00 0.000000e+00
      outer loop
         vertex 1.500000e+00 9.250000e+00 4.712500e+00
         vertex 1.500000e+00 9.143788e+00 5.619545e-01
         vertex 1.500000e+00 9.750000e+00 8.708350e-01
      endloop
   endfacet
   facet normal 1.000000e+00 0.000000e+00 0.000000e+00
      outer loop
         vertex 1.500000e+00 9.250000e+00 4.712500e+00
         vertex 1.500000e+00 9.750000e+00 8.708350e-01
         vertex 1.500000e+00 1.032060e+01 1.241390e+00
      endloop
   endfacet
   facet normal 1.000000e+00 -0.000000e+00 0.000000e+00
      outer loop
         vertex 1.500000e+00 4.824760e+00 6.687500e+00
         vertex 1.500000e+00 4.852385e+00 6.628258e+00
         vertex 1.500000e+00 6.419608e+00 8.287500e+00
      endloop
   endfacet
   facet normal 1.000000e+00 0.000000e+00 0.000000e+00
      outer loop
         vertex 1.500000e+00 6.419608e+00 8.287500e+00
         vertex 1.500000e+00 4.852385e+00 6.628258e+00
         vertex 1.500000e+00 4.869303e+00 6.565118e+00
      endloop
   endfacet
   facet normal 1.000000e+00 0.000000e+00 0.000000e+00
      outer loop
         vertex 1.500000e+00 4.875000e+00 6.500000e+00
         vertex 1.500000e+00 4.869303e+00 6.434882e+00
         vertex 1.500000e+00 6.419608e+00 4.712500e+00
      endloop
   endfacet
   facet normal 1.000000e+00 0.000000e+00 0.000000e+00
      outer loop
         vertex 1.500000e+00 6.419608e+00 4.712500e+00
         vertex 1.500000e+00 4.869303e+00 6.434882e+00
         vertex 1.500000e+00 4.852385e+00 6.371743e+00
      endloop
   endfacet
   facet normal 1.000000e+00 0.000000e+00 -0.000000e+00
      outer loop
         vertex 1.500000e+00 4.371742e+00 6.852385e+00
         vertex 1.500000e+00 4.434882e+00 6.869303e+00
         vertex 1.500000e+00 4.312500e+00 8.287500e+00
      endloop
   endfacet
   facet normal 1.000000e+00 0.000000e+00 0.000000e+00
      outer loop
         vertex 1.500000e+00 4.312500e+00 8.287500e+00
         vertex 1.500000e+00 4.434882e+00 6.869303e+00
         vertex 1.500000e+00 4.500000e+00 6.875000e+00
      endloop
   endfacet
   facet normal 1.000000e+00 0.000000e+00 0.000000e+00
      outer loop
         vertex 1.500000e+00 4.312500e+00 8.287500e+00
         vertex 1.500000e+00 4.500000e+00 6.875000e+00
         vertex 1.500000e+00 4.565118e+00 6.869303e+00
      endloop
   endfacet
   facet normal 1.000000e+00 0.000000e+00 0.000000e+00
      outer loop
         vertex 1.500000e+00 6.419608e+00 8.287500e+00
         vertex 1.500000e+00 4.628258e+00 6.852385e+00
         vertex 1.500000e+00 4.687500e+00 6.824760e+00
      endloop
   endfacet
   facet normal 1.000000e+00 -0.000000e+00 0.000000e+00
      outer loop
         vertex 1.500000e+00 4.687500e+00 6.824760e+00
         vertex 1.500000e+00 4.741046e+00 6.787267e+00
         vertex 1.500000e+00 6.419608e+00 8.287500e+00
      endloop
   endfacet
   facet normal 1.000000e+00 0.000000e+00 0.000000e+00
      outer loop
         vertex 1.500000e+00 6.419608e+00 8.287500e+00
         vertex 1.500000e+00 4.741046e+00 6.787267e+00
         vertex 1.500000e+00 4.787267e+00 6.741045e+00
      endloop
   endfacet
   facet normal 1.000000e+00 0.000000e+00 0.000000e+00
      outer loop
         vertex 1.500000e+00 6.419608e+00 8.287500e+00
         vertex 1.500000e+00 4.787267e+00 6.741045e+00
         vertex 1.500000e+00 4.824760e+00 6.687500e+00
      endloop
   endfacet
   facet normal 1.000000e+00 0.000000e+00 0.000000e+00
      outer loop
         vertex 1.500000e+00 4.852385e+00 6.371743e+00
         vertex 1.500000e+00 4.824760e+00 6.312500e+00
         vertex 1.500000e+00 6.419608e+00 4.712500e+00
      endloop
   endfacet
   facet normal 1.000000e+00 0.000000e+00 0.000000e+00
      outer loop
         vertex 1.500000e+00 6.419608e+00 4.712500e+00
         vertex 1.500000e+00 4.824760e+00 6.312500e+00
         vertex 1.500000e+00 4.787267e+00 6.258955e+00
      endloop
   endfacet
   facet normal 1.000000e+00 0.000000e+00 0.000000e+00
      outer loop
         vertex 1.500000e+00 6.419608e+00 4.712500e+00
         vertex 1.500000e+00 4.787267e+00 6.258955e+00
         vertex 1.500000e+00 4.741046e+00 6.212733e+00
      endloop
   endfacet
   facet normal 1.000000e+00 0.000000e+00 0.000000e+00
      outer loop
         vertex 1.500000e+00 4.500000e+00 6.125000e+00
         vertex 1.500000e+00 4.434882e+00 6.130697e+00
         vertex 1.500000e+00 4.312500e+00 4.712500e+00
      endloop
   endfacet
   facet normal 1.000000e+00 0.000000e+00 0.000000e+00
      outer loop
         vertex 1.500000e+00 4.312500e+00 4.712500e+00
         vertex 1.500000e+00 4.434882e+00 6.130697e+00
         vertex 1.500000e+00 4.371742e+00 6.147615e+00
      endloop
   endfacet
   facet normal 1.000000e+00 0.000000e+00 0.000000e+00
      outer loop
         vertex 1.500000e+00 4.312500e+00 4.712500e+00
         vertex 1.500000e+00 4.371742e+00 6.147615e+00
         vertex 1.500000e+00 4.312500e+00 6.175241e+00
      endloop
   endfacet
   facet normal 1.000000e+00 0.000000e+00 0.000000e+00
      outer loop
         vertex 1.500000e+00 4.741046e+00 6.212733e+00
         vertex 1.500000e+00 4.687500e+00 6.175241e+00
         vertex 1.500000e+00 6.419608e+00 4.712500e+00
      endloop
   endfacet
   facet normal 1.000000e+00 0.000000e+00 0.000000e+00
      outer loop
         vertex 1.500000e+00 6.419608e+00 4.712500e+00
         vertex 1.500000e+00 4.687500e+00 6.175241e+00
         vertex 1.500000e+00 4.628258e+00 6.147615e+00
      endloop
   endfacet
   facet normal 1.000000e+00 0.000000e+00 0.000000e+00
      outer loop
         vertex 1.500000e+00 6.419608e+00 4.712500e+00
         vertex 1.500000e+00 4.628258e+00 6.147615e+00
         vertex 1.500000e+00 4.312500e+00 4.712500e+00
      endloop
   endfacet
   facet normal 1.000000e+00 0.000000e+00 0.000000e+00
      outer loop
         vertex 1.500000e+00 4.312500e+00 4.712500e+00
         vertex 1.500000e+00 4.628258e+00 6.147615e+00
         vertex 1.500000e+00 4.565118e+00 6.130697e+00
      endloop
   endfacet
   facet normal 1.000000e+00 0.000000e+00 0.000000e+00
      outer loop
         vertex 1.500000e+00 4.312500e+00 4.712500e+00
         vertex 1.500000e+00 4.565118e+00 6.130697e+00
         vertex 1.500000e+00 4.500000e+00 6.125000e+00
      endloop
   endfacet
   facet normal 1.000000e+00 0.000000e+00 -0.000000e+00
      outer loop
         vertex 1.500000e+00 4.500000e+00 1.900000e+00
         vertex 1.500000e+00 4.500000e+00 3.300000e+00
         vertex 1.500000e+00 3.856212e+00 5.619545e-01
      endloop
   endfacet
   facet normal 1.000000e+00 0.000000e+00 0.000000e+00
      outer loop
         vertex 1.500000e+00 3.856212e+00 5.619545e-01
         vertex 1.500000e+00 4.500000e+00 3.300000e+00
         vertex 1.500000e+00 4.312500e+00 4.712500e+00
      endloop
   endfacet
   facet normal 1.000000e+00 0.000000e+00 -0.000000e+00
      outer loop
         vertex 1.500000e+00 3.856212e+00 5.619545e-01
         vertex 1.500000e+00 4.312500e+00 4.712500e+00
         vertex 1.500000e+00 3.750000e+00 4.712500e+00
      endloop
   endfacet
   facet normal 1.000000e+00 0.000000e+00 0.000000e+00
      outer loop
         vertex 1.500000e+00 3.750000e+00 4.712500e+00
         vertex 1.500000e+00 4.312500e+00 4.712500e+00
         vertex 1.500000e+00 4.312500e+00 6.175241e+00
      endloop
   endfacet
   facet normal 1.000000e+00 0.000000e+00 0.000000e+00
      outer loop
         vertex 1.500000e+00 3.750000e+00 4.712500e+00
         vertex 1.500000e+00 4.312500e+00 6.175241e+00
         vertex 1.500000e+00 4.258955e+00 6.212733e+00
      endloop
   endfacet
   facet normal 1.000000e+00 0.000000e+00 0.000000e+00
      outer loop
         vertex 1.500000e+00 3.750000e+00 8.287500e+00
         vertex 1.500000e+00 4.147616e+00 6.628258e+00
         vertex 1.500000e+00 4.175241e+00 6.687500e+00
      endloop
   endfacet
   facet normal 1.000000e+00 0.000000e+00 -0.000000e+00
      outer loop
         vertex 1.500000e+00 4.175241e+00 6.687500e+00
         vertex 1.500000e+00 4.212733e+00 6.741045e+00
         vertex 1.500000e+00 3.750000e+00 8.287500e+00
      endloop
   endfacet
   facet normal 1.000000e+00 0.000000e+00 0.000000e+00
      outer loop
         vertex 1.500000e+00 3.750000e+00 8.287500e+00
         vertex 1.500000e+00 4.212733e+00 6.741045e+00
         vertex 1.500000e+00 4.258955e+00 6.787267e+00
      endloop
   endfacet
   facet normal 1.000000e+00 -0.000000e+00 0.000000e+00
      outer loop
         vertex 1.500000e+00 3.750000e+00 8.287500e+00
         vertex 1.500000e+00 4.258955e+00 6.787267e+00
         vertex 1.500000e+00 4.312500e+00 8.287500e+00
      endloop
   endfacet
   facet normal 1.000000e+00 0.000000e+00 0.000000e+00
      outer loop
         vertex 1.500000e+00 4.312500e+00 8.287500e+00
         vertex 1.500000e+00 4.258955e+00 6.787267e+00
         vertex 1.500000e+00 4.312500e+00 6.824760e+00
      endloop
   endfacet
   facet normal 1.000000e+00 0.000000e+00 0.000000e+00
      outer loop
         vertex 1.500000e+00 4.312500e+00 8.287500e+00
         vertex 1.500000e+00 4.312500e+00 6.824760e+00
         vertex 1.500000e+00 4.371742e+00 6.852385e+00
      endloop
   endfacet
   facet normal 1.000000e+00 0.000000e+00 0.000000e+00
      outer loop
         vertex 1.500000e+00 4.258955e+00 6.212733e+00
         vertex 1.500000e+00 4.212733e+00 6.258955e+00
         vertex 1.500000e+00 3.750000e+00 4.712500e+00
      endloop
   endfacet
   facet normal 1.000000e+00 0.000000e+00 0.000000e+00
      outer loop
         vertex 1.500000e+00 3.750000e+00 4.712500e+00
         vertex 1.500000e+00 4.212733e+00 6.258955e+00
         vertex 1.500000e+00 4.175241e+00 6.312500e+00
      endloop
   endfacet
   facet normal 1.000000e+00 0.000000e+00 0.000000e+00
      outer loop
         vertex 1.500000e+00 3.750000e+00 4.712500e+00
         vertex 1.500000e+00 4.175241e+00 6.312500e+00
         vertex 1.500000e+00 4.147616e+00 6.371743e+00
      endloop
   endfacet
   facet normal 1.000000e+00 0.000000e+00 0.000000e+00
      outer loop
         vertex 1.500000e+00 4.147616e+00 6.371743e+00
         vertex 1.500000e+00 4.130697e+00 6.434882e+00
         vertex 1.500000e+00 3.750000e+00 4.712500e+00
      endloop
   endfacet
   facet normal 1.000000e+00 0.000000e+00 0.000000e+00
      outer loop
         vertex 1.500000e+00 3.750000e+00 4.712500e+00
         vertex 1.500000e+00 4.130697e+00 6.434882e+00
         vertex 1.500000e+00 4.125000e+00 6.500000e+00
      endloop
   endfacet
   facet normal 1.000000e+00 0.000000e+00 0.000000e+00
      outer loop
         vertex 1.500000e+00 3.750000e+00 4.712500e+00
         vertex 1.500000e+00 4.125000e+00 6.500000e+00
         vertex 1.500000e+00 3.750000e+00 8.287500e+00
      endloop
   endfacet
   facet normal 1.000000e+00 0.000000e+00 0.000000e+00
      outer loop
         vertex 1.500000e+00 3.750000e+00 8.287500e+00
         vertex 1.500000e+00 4.125000e+00 6.500000e+00
         vertex 1.500000e+00 4.130697e+00 6.565118e+00
      endloop
   endfacet
   facet normal 1.000000e+00 0.000000e+00 0.000000e+00
      outer loop
         vertex 1.500000e+00 3.750000e+00 8.287500e+00
         vertex 1.500000e+00 4.130697e+00 6.565118e+00
         vertex 1.500000e+00 4.147616e+00 6.628258e+00
      endloop
   endfacet
   facet normal 1.000000e+00 0.000000e+00 -0.000000e+00
      outer loop
         vertex 1.500000e+00 8.125000e+00 6.500000e+00
         vertex 1.500000e+00 8.130697e+00 6.565118e+00
         vertex 1.500000e+00 7.772304e+00 8.287500e+00
      endloop
   endfacet
   facet normal 1.000000e+00 0.000000e+00 0.000000e+00
      outer loop
         vertex 1.500000e+00 7.772304e+00 8.287500e+00
         vertex 1.500000e+00 8.130697e+00 6.565118e+00
         vertex 1.500000e+00 8.147615e+00 6.628258e+00
      endloop
   endfacet
   facet normal 1.000000e+00 0.000000e+00 0.000000e+00
      outer loop
         vertex 1.500000e+00 7.772304e+00 8.287500e+00
         vertex 1.500000e+00 8.147615e+00 6.628258e+00
         vertex 1.500000e+00 8.175241e+00 6.687500e+00
      endloop
   endfacet
   facet normal 1.000000e+00 0.000000e+00 -0.000000e+00
      outer loop
         vertex 1.500000e+00 8.175241e+00 6.687500e+00
         vertex 1.500000e+00 8.212733e+00 6.741045e+00
         vertex 1.500000e+00 7.772304e+00 8.287500e+00
      endloop
   endfacet
   facet normal 1.000000e+00 0.000000e+00 0.000000e+00
      outer loop
         vertex 1.500000e+00 7.772304e+00 8.287500e+00
         vertex 1.500000e+00 8.212733e+00 6.741045e+00
         vertex 1.500000e+00 8.258955e+00 6.787267e+00
      endloop
   endfacet
   facet normal 1.000000e+00 0.000000e+00 0.000000e+00
      outer loop
         vertex 1.500000e+00 7.772304e+00 8.287500e+00
         vertex 1.500000e+00 8.258955e+00 6.787267e+00
         vertex 1.500000e+00 8.312500e+00 6.824760e+00
      endloop
   endfacet
   facet normal 1.000000e+00 0.000000e+00 0.000000e+00
      outer loop
         vertex 1.500000e+00 8.212733e+00 6.258955e+00
         vertex 1.500000e+00 8.175241e+00 6.312500e+00
         vertex 1.500000e+00 7.772304e+00 4.712500e+00
      endloop
   endfacet
   facet normal 1.000000e+00 0.000000e+00 0.000000e+00
      outer loop
         vertex 1.500000e+00 7.772304e+00 4.712500e+00
         vertex 1.500000e+00 8.175241e+00 6.312500e+00
         vertex 1.500000e+00 8.147615e+00 6.371743e+00
      endloop
   endfacet
   facet normal 1.000000e+00 0.000000e+00 0.000000e+00
      outer loop
         vertex 1.500000e+00 7.772304e+00 4.712500e+00
         vertex 1.500000e+00 8.147615e+00 6.371743e+00
         vertex 1.500000e+00 8.130697e+00 6.434882e+00
      endloop
   endfacet
   facet normal 1.000000e+00 0.000000e+00 0.000000e+00
      outer loop
         vertex 1.500000e+00 8.371743e+00 6.147615e+00
         vertex 1.500000e+00 8.312500e+00 6.175241e+00
         vertex 1.500000e+00 7.772304e+00 4.712500e+00
      endloop
   endfacet
   facet normal 1.000000e+00 0.000000e+00 0.000000e+00
      outer loop
         vertex 1.500000e+00 7.772304e+00 4.712500e+00
         vertex 1.500000e+00 8.312500e+00 6.175241e+00
         vertex 1.500000e+00 8.258955e+00 6.212733e+00
      endloop
   endfacet
   facet normal 1.000000e+00 0.000000e+00 0.000000e+00
      outer loop
         vertex 1.500000e+00 7.772304e+00 4.712500e+00
         vertex 1.500000e+00 8.258955e+00 6.212733e+00
         vertex 1.500000e+00 8.212733e+00 6.258955e+00
      endloop
   endfacet
   facet normal 1.000000e+00 0.000000e+00 -0.000000e+00
      outer loop
         vertex 1.500000e+00 8.312500e+00 6.824760e+00
         vertex 1.500000e+00 8.371743e+00 6.852385e+00
         vertex 1.500000e+00 7.772304e+00 8.287500e+00
      endloop
   endfacet
   facet normal 1.000000e+00 0.000000e+00 0.000000e+00
      outer loop
         vertex 1.500000e+00 7.772304e+00 8.287500e+00
         vertex 1.500000e+00 8.371743e+00 6.852385e+00
         vertex 1.500000e+00 8.434882e+00 6.869303e+00
      endloop
   endfacet
   facet normal 1.000000e+00 -0.000000e+00 0.000000e+00
      outer loop
         vertex 1.500000e+00 7.772304e+00 8.287500e+00
         vertex 1.500000e+00 8.434882e+00 6.869303e+00
         vertex 1.500000e+00 8.687500e+00 8.287500e+00
      endloop
   endfacet
   facet normal 1.000000e+00 0.000000e+00 0.000000e+00
      outer loop
         vertex 1.500000e+00 8.687500e+00 8.287500e+00
         vertex 1.500000e+00 8.434882e+00 6.869303e+00
         vertex 1.500000e+00 8.500000e+00 6.875000e+00
      endloop
   endfacet
   facet normal 1.000000e+00 0.000000e+00 0.000000e+00
      outer loop
         vertex 1.500000e+00 8.687500e+00 8.287500e+00
         vertex 1.500000e+00 8.500000e+00 6.875000e+00
         vertex 1.500000e+00 8.565118e+00 6.869303e+00
      endloop
   endfacet
   facet normal 1.000000e+00 0.000000e+00 0.000000e+00
      outer loop
         vertex 1.500000e+00 8.628258e+00 6.147615e+00
         vertex 1.500000e+00 8.565118e+00 6.130697e+00
         vertex 1.500000e+00 8.687500e+00 4.712500e+00
      endloop
   endfacet
   facet normal 1.000000e+00 0.000000e+00 0.000000e+00
      outer loop
         vertex 1.500000e+00 8.687500e+00 4.712500e+00
         vertex 1.500000e+00 8.565118e+00 6.130697e+00
         vertex 1.500000e+00 8.500000e+00 6.125000e+00
      endloop
   endfacet
   facet normal 1.000000e+00 0.000000e+00 0.000000e+00
      outer loop
         vertex 1.500000e+00 8.687500e+00 4.712500e+00
         vertex 1.500000e+00 8.500000e+00 6.125000e+00
         vertex 1.500000e+00 7.772304e+00 4.712500e+00
      endloop
   endfacet
   facet normal 1.000000e+00 0.000000e+00 0.000000e+00
      outer loop
         vertex 1.500000e+00 7.772304e+00 4.712500e+00
         vertex 1.500000e+00 8.500000e+00 6.125000e+00
         vertex 1.500000e+00 8.434882e+00 6.130697e+00
      endloop
   endfacet
   facet normal 1.000000e+00 0.000000e+00 0.000000e+00
      outer loop
         vertex 1.500000e+00 7.772304e+00 4.712500e+00
         vertex 1.500000e+00 8.434882e+00 6.130697e+00
         vertex 1.500000e+00 8.371743e+00 6.147615e+00
      endloop
   endfacet
   facet normal 1.000000e+00 -0.000000e+00 0.000000e+00
      outer loop
         vertex 1.500000e+00 8.565118e+00 6.869303e+00
         vertex 1.500000e+00 8.628258e+00 6.852385e+00
         vertex 1.500000e+00 8.687500e+00 8.287500e+00
      endloop
   endfacet
   facet normal 1.000000e+00 0.000000e+00 0.000000e+00
      outer loop
         vertex 1.500000e+00 8.687500e+00 8.287500e+00
         vertex 1.500000e+00 8.628258e+00 6.852385e+00
         vertex 1.500000e+00 8.687500e+00 6.824760e+00
      endloop
   endfacet
   facet normal 1.000000e+00 -0.000000e+00 0.000000e+00
      outer loop
         vertex 1.500000e+00 8.687500e+00 8.287500e+00
         vertex 1.500000e+00 8.687500e+00 6.824760e+00
         vertex 1.500000e+00 9.250000e+00 8.287500e+00
      endloop
   endfacet
   facet normal 1.000000e+00 0.000000e+00 0.000000e+00
      outer loop
         vertex 1.500000e+00 9.250000e+00 8.287500e+00
         vertex 1.500000e+00 8.687500e+00 6.824760e+00
         vertex 1.500000e+00 8.741046e+00 6.787267e+00
      endloop
   endfacet
   facet normal 1.000000e+00 -0.000000e+00 0.000000e+00
      outer loop
         vertex 1.500000e+00 8.741046e+00 6.787267e+00
         vertex 1.500000e+00 8.787267e+00 6.741045e+00
         vertex 1.500000e+00 9.250000e+00 8.287500e+00
      endloop
   endfacet
   facet normal 1.000000e+00 0.000000e+00 0.000000e+00
      outer loop
         vertex 1.500000e+00 9.250000e+00 8.287500e+00
         vertex 1.500000e+00 8.787267e+00 6.741045e+00
         vertex 1.500000e+00 8.824760e+00 6.687500e+00
      endloop
   endfacet
   facet normal 1.000000e+00 0.000000e+00 0.000000e+00
      outer loop
         vertex 1.500000e+00 9.250000e+00 8.287500e+00
         vertex 1.500000e+00 8.824760e+00 6.687500e+00
         vertex 1.500000e+00 8.852385e+00 6.628258e+00
      endloop
   endfacet
   facet normal 1.000000e+00 0.000000e+00 0.000000e+00
      outer loop
         vertex 1.500000e+00 8.852385e+00 6.371743e+00
         vertex 1.500000e+00 8.824760e+00 6.312500e+00
         vertex 1.500000e+00 9.250000e+00 4.712500e+00
      endloop
   endfacet
   facet normal 1.000000e+00 -0.000000e+00 0.000000e+00
      outer loop
         vertex 1.500000e+00 8.852385e+00 6.628258e+00
         vertex 1.500000e+00 8.869303e+00 6.565118e+00
         vertex 1.500000e+00 9.250000e+00 8.287500e+00
      endloop
   endfacet
   facet normal 1.000000e+00 0.000000e+00 0.000000e+00
      outer loop
         vertex 1.500000e+00 9.250000e+00 8.287500e+00
         vertex 1.500000e+00 8.869303e+00 6.565118e+00
         vertex 1.500000e+00 8.875000e+00 6.500000e+00
      endloop
   endfacet
   facet normal 1.000000e+00 0.000000e+00 0.000000e+00
      outer loop
         vertex 1.500000e+00 9.250000e+00 8.287500e+00
         vertex 1.500000e+00 8.875000e+00 6.500000e+00
         vertex 1.500000e+00 9.250000e+00 4.712500e+00
      endloop
   endfacet
   facet normal 1.000000e+00 0.000000e+00 0.000000e+00
      outer loop
         vertex 1.500000e+00 9.250000e+00 4.712500e+00
         vertex 1.500000e+00 8.875000e+00 6.500000e+00
         vertex 1.500000e+00 8.869303e+00 6.434882e+00
      endloop
   endfacet
   facet normal 1.000000e+00 0.000000e+00 0.000000e+00
      outer loop
         vertex 1.500000e+00 9.250000e+00 4.712500e+00
         vertex 1.500000e+00 8.869303e+00 6.434882e+00
         vertex 1.500000e+00 8.852385e+00 6.371743e+00
      endloop
   endfacet
   facet normal 1.000000e+00 0.000000e+00 0.000000e+00
      outer loop
         vertex 1.500000e+00 8.824760e+00 6.312500e+00
         vertex 1.500000e+00 8.787267e+00 6.258955e+00
         vertex 1.500000e+00 9.250000e+00 4.712500e+00
      endloop
   endfacet
   facet normal 1.000000e+00 0.000000e+00 0.000000e+00
      outer loop
         vertex 1.500000e+00 9.250000e+00 4.712500e+00
         vertex 1.500000e+00 8.787267e+00 6.258955e+00
         vertex 1.500000e+00 8.741046e+00 6.212733e+00
      endloop
   endfacet
   facet normal 1.000000e+00 0.000000e+00 0.000000e+00
      outer loop
         vertex 1.500000e+00 9.250000e+00 4.712500e+00
         vertex 1.500000e+00 8.741046e+00 6.212733e+00
         vertex 1.500000e+00 8.687500e+00 4.712500e+00
      endloop
   endfacet
   facet normal 1.000000e+00 0.000000e+00 0.000000e+00
      outer loop
         vertex 1.500000e+00 8.687500e+00 4.712500e+00
         vertex 1.500000e+00 8.741046e+00 6.212733e+00
         vertex 1.500000e+00 8.687500e+00 6.175241e+00
      endloop
   endfacet
   facet normal 1.000000e+00 0.000000e+00 -0.000000e+00
      outer loop
         vertex 1.500000e+00 8.687500e+00 4.712500e+00
         vertex 1.500000e+00 8.687500e+00 6.175241e+00
         vertex 1.500000e+00 8.628258e+00 6.147615e+00
      endloop
   endfacet
   facet normal 1.000000e+00 0.000000e+00 0.000000e+00
      outer loop
         vertex 1.500000e+00 9.812500e+00 6.175241e+00
         vertex 1.500000e+00 9.758955e+00 6.212733e+00
         vertex 1.500000e+00 9.250000e+00 4.712500e+00
      endloop
   endfacet
   facet normal 1.000000e+00 0.000000e+00 0.000000e+00
      outer loop
         vertex 1.500000e+00 9.250000e+00 8.287500e+00
         vertex 1.500000e+00 9.647615e+00 6.628258e+00
         vertex 1.500000e+00 9.675241e+00 6.687500e+00
      endloop
   endfacet
   facet normal 1.000000e+00 0.000000e+00 0.000000e+00
      outer loop
         vertex 1.500000e+00 9.812500e+00 6.175241e+00
         vertex 1.500000e+00 9.250000e+00 4.712500e+00
         vertex 1.500000e+00 9.871743e+00 6.147615e+00
      endloop
   endfacet
   facet normal 1.000000e+00 0.000000e+00 0.000000e+00
      outer loop
         vertex 1.500000e+00 9.758955e+00 6.212733e+00
         vertex 1.500000e+00 9.712734e+00 6.258955e+00
         vertex 1.500000e+00 9.250000e+00 4.712500e+00
      endloop
   endfacet
   facet normal 1.000000e+00 0.000000e+00 0.000000e+00
      outer loop
         vertex 1.500000e+00 9.250000e+00 4.712500e+00
         vertex 1.500000e+00 9.712734e+00 6.258955e+00
         vertex 1.500000e+00 9.675241e+00 6.312500e+00
      endloop
   endfacet
   facet normal 1.000000e+00 0.000000e+00 0.000000e+00
      outer loop
         vertex 1.500000e+00 9.250000e+00 4.712500e+00
         vertex 1.500000e+00 9.675241e+00 6.312500e+00
         vertex 1.500000e+00 9.647615e+00 6.371743e+00
      endloop
   endfacet
   facet normal 1.000000e+00 0.000000e+00 0.000000e+00
      outer loop
         vertex 1.500000e+00 9.647615e+00 6.371743e+00
         vertex 1.500000e+00 9.630697e+00 6.434882e+00
         vertex 1.500000e+00 9.250000e+00 4.712500e+00
      endloop
   endfacet
   facet normal 1.000000e+00 0.000000e+00 0.000000e+00
      outer loop
         vertex 1.500000e+00 9.250000e+00 4.712500e+00
         vertex 1.500000e+00 9.630697e+00 6.434882e+00
         vertex 1.500000e+00 9.625000e+00 6.500000e+00
      endloop
   endfacet
   facet normal 1.000000e+00 0.000000e+00 0.000000e+00
      outer loop
         vertex 1.500000e+00 9.250000e+00 4.712500e+00
         vertex 1.500000e+00 9.625000e+00 6.500000e+00
         vertex 1.500000e+00 9.250000e+00 8.287500e+00
      endloop
   endfacet
   facet normal 1.000000e+00 0.000000e+00 0.000000e+00
      outer loop
         vertex 1.500000e+00 9.250000e+00 8.287500e+00
         vertex 1.500000e+00 9.625000e+00 6.500000e+00
         vertex 1.500000e+00 9.630697e+00 6.565118e+00
      endloop
   endfacet
   facet normal 1.000000e+00 0.000000e+00 0.000000e+00
      outer loop
         vertex 1.500000e+00 9.250000e+00 8.287500e+00
         vertex 1.500000e+00 9.630697e+00 6.565118e+00
         vertex 1.500000e+00 9.647615e+00 6.628258e+00
      endloop
   endfacet
   facet normal 1.000000e+00 0.000000e+00 0.000000e+00
      outer loop
         vertex 1.500000e+00 1.035238e+01 6.371743e+00
         vertex 1.500000e+00 1.032476e+01 6.312500e+00
         vertex 1.500000e+00 1.075000e+01 4.712500e+00
      endloop
   endfacet
   facet normal 1.000000e+00 0.000000e+00 0.000000e+00
      outer loop
         vertex 1.500000e+00 1.075000e+01 4.712500e+00
         vertex 1.500000e+00 1.032476e+01 6.312500e+00
         vertex 1.500000e+00 1.028727e+01 6.258955e+00
      endloop
   endfacet
   facet normal 1.000000e+00 0.000000e+00 0.000000e+00
      outer loop
         vertex 1.500000e+00 1.075000e+01 4.712500e+00
         vertex 1.500000e+00 1.028727e+01 6.258955e+00
         vertex 1.500000e+00 1.024105e+01 6.212733e+00
      endloop
   endfacet
   facet normal 1.000000e+00 0.000000e+00 0.000000e+00
      outer loop
         vertex 1.500000e+00 1.075000e+01 4.712500e+00
         vertex 1.500000e+00 1.000000e+01 6.125000e+00
         vertex 1.500000e+00 9.250000e+00 4.712500e+00
      endloop
   endfacet
   facet normal 1.000000e+00 0.000000e+00 0.000000e+00
      outer loop
         vertex 1.500000e+00 9.250000e+00 4.712500e+00
         vertex 1.500000e+00 1.000000e+01 6.125000e+00
         vertex 1.500000e+00 9.934882e+00 6.130697e+00
      endloop
   endfacet
   facet normal 1.000000e+00 0.000000e+00 0.000000e+00
      outer loop
         vertex 1.500000e+00 9.250000e+00 4.712500e+00
         vertex 1.500000e+00 9.934882e+00 6.130697e+00
         vertex 1.500000e+00 9.871743e+00 6.147615e+00
      endloop
   endfacet
   facet normal 1.000000e+00 0.000000e+00 0.000000e+00
      outer loop
         vertex 1.500000e+00 1.024105e+01 6.212733e+00
         vertex 1.500000e+00 1.018750e+01 6.175241e+00
         vertex 1.500000e+00 1.075000e+01 4.712500e+00
      endloop
   endfacet
   facet normal 1.000000e+00 0.000000e+00 0.000000e+00
      outer loop
         vertex 1.500000e+00 1.075000e+01 4.712500e+00
         vertex 1.500000e+00 1.018750e+01 6.175241e+00
         vertex 1.500000e+00 1.012826e+01 6.147615e+00
      endloop
   endfacet
   facet normal 1.000000e+00 0.000000e+00 0.000000e+00
      outer loop
         vertex 1.500000e+00 1.075000e+01 4.712500e+00
         vertex 1.500000e+00 1.012826e+01 6.147615e+00
         vertex 1.500000e+00 1.006512e+01 6.130697e+00
      endloop
   endfacet
   facet normal 1.000000e+00 -0.000000e+00 0.000000e+00
      outer loop
         vertex 1.500000e+00 1.024105e+01 6.787267e+00
         vertex 1.500000e+00 1.028727e+01 6.741045e+00
         vertex 1.500000e+00 1.075000e+01 8.287500e+00
      endloop
   endfacet
   facet normal 1.000000e+00 0.000000e+00 0.000000e+00
      outer loop
         vertex 1.500000e+00 1.075000e+01 8.287500e+00
         vertex 1.500000e+00 1.028727e+01 6.741045e+00
         vertex 1.500000e+00 1.032476e+01 6.687500e+00
      endloop
   endfacet
   facet normal 1.000000e+00 0.000000e+00 0.000000e+00
      outer loop
         vertex 1.500000e+00 1.075000e+01 8.287500e+00
         vertex 1.500000e+00 1.032476e+01 6.687500e+00
         vertex 1.500000e+00 1.035238e+01 6.628258e+00
      endloop
   endfacet
   facet normal 1.000000e+00 -0.000000e+00 0.000000e+00
      outer loop
         vertex 1.500000e+00 1.035238e+01 6.628258e+00
         vertex 1.500000e+00 1.036930e+01 6.565118e+00
         vertex 1.500000e+00 1.075000e+01 8.287500e+00
      endloop
   endfacet
   facet normal 1.000000e+00 0.000000e+00 0.000000e+00
      outer loop
         vertex 1.500000e+00 1.075000e+01 8.287500e+00
         vertex 1.500000e+00 1.036930e+01 6.565118e+00
         vertex 1.500000e+00 1.037500e+01 6.500000e+00
      endloop
   endfacet
   facet normal 1.000000e+00 0.000000e+00 0.000000e+00
      outer loop
         vertex 1.500000e+00 1.075000e+01 8.287500e+00
         vertex 1.500000e+00 1.037500e+01 6.500000e+00
         vertex 1.500000e+00 1.075000e+01 4.712500e+00
      endloop
   endfacet
   facet normal 1.000000e+00 0.000000e+00 0.000000e+00
      outer loop
         vertex 1.500000e+00 1.075000e+01 4.712500e+00
         vertex 1.500000e+00 1.037500e+01 6.500000e+00
         vertex 1.500000e+00 1.036930e+01 6.434882e+00
      endloop
   endfacet
   facet normal 1.000000e+00 0.000000e+00 0.000000e+00
      outer loop
         vertex 1.500000e+00 1.075000e+01 4.712500e+00
         vertex 1.500000e+00 1.036930e+01 6.434882e+00
         vertex 1.500000e+00 1.035238e+01 6.371743e+00
      endloop
   endfacet
   facet normal 1.000000e+00 -0.000000e+00 0.000000e+00
      outer loop
         vertex 1.500000e+00 1.006512e+01 6.869303e+00
         vertex 1.500000e+00 1.012826e+01 6.852385e+00
         vertex 1.500000e+00 1.075000e+01 8.287500e+00
      endloop
   endfacet
   facet normal 1.000000e+00 0.000000e+00 0.000000e+00
      outer loop
         vertex 1.500000e+00 1.075000e+01 8.287500e+00
         vertex 1.500000e+00 1.012826e+01 6.852385e+00
         vertex 1.500000e+00 1.018750e+01 6.824760e+00
      endloop
   endfacet
   facet normal 1.000000e+00 0.000000e+00 0.000000e+00
      outer loop
         vertex 1.500000e+00 1.075000e+01 8.287500e+00
         vertex 1.500000e+00 1.018750e+01 6.824760e+00
         vertex 1.500000e+00 1.024105e+01 6.787267e+00
      endloop
   endfacet
   facet normal 1.000000e+00 0.000000e+00 -0.000000e+00
      outer loop
         vertex 1.500000e+00 9.675241e+00 6.687500e+00
         vertex 1.500000e+00 9.712734e+00 6.741045e+00
         vertex 1.500000e+00 9.250000e+00 8.287500e+00
      endloop
   endfacet
   facet normal 1.000000e+00 0.000000e+00 0.000000e+00
      outer loop
         vertex 1.500000e+00 9.250000e+00 8.287500e+00
         vertex 1.500000e+00 9.712734e+00 6.741045e+00
         vertex 1.500000e+00 9.758955e+00 6.787267e+00
      endloop
   endfacet
   facet normal 1.000000e+00 0.000000e+00 0.000000e+00
      outer loop
         vertex 1.500000e+00 9.250000e+00 8.287500e+00
         vertex 1.500000e+00 9.758955e+00 6.787267e+00
         vertex 1.500000e+00 9.812500e+00 6.824760e+00
      endloop
   endfacet
   facet normal 1.000000e+00 0.000000e+00 -0.000000e+00
      outer loop
         vertex 1.500000e+00 9.812500e+00 6.824760e+00
         vertex 1.500000e+00 9.871743e+00 6.852385e+00
         vertex 1.500000e+00 9.250000e+00 8.287500e+00
      endloop
   endfacet
   facet normal 1.000000e+00 0.000000e+00 0.000000e+00
      outer loop
         vertex 1.500000e+00 9.250000e+00 8.287500e+00
         vertex 1.500000e+00 9.871743e+00 6.852385e+00
         vertex 1.500000e+00 9.934882e+00 6.869303e+00
      endloop
   endfacet
   facet normal 1.000000e+00 -0.000000e+00 0.000000e+00
      outer loop
         vertex 1.500000e+00 9.250000e+00 8.287500e+00
         vertex 1.500000e+00 9.934882e+00 6.869303e+00
         vertex 1.500000e+00 1.075000e+01 8.287500e+00
      endloop
   endfacet
   facet normal 1.000000e+00 0.000000e+00 0.000000e+00
      outer loop
         vertex 1.500000e+00 1.075000e+01 8.287500e+00
         vertex 1.500000e+00 9.934882e+00 6.869303e+00
         vertex 1.500000e+00 1.000000e+01 6.875000e+00
      endloop
   endfacet
   facet normal 1.000000e+00 0.000000e+00 0.000000e+00
      outer loop
         vertex 1.500000e+00 1.075000e+01 8.287500e+00
         vertex 1.500000e+00 1.000000e+01 6.875000e+00
         vertex 1.500000e+00 1.006512e+01 6.869303e+00
      endloop
   endfacet
   facet normal 1.000000e+00 0.000000e+00 0.000000e+00
      outer loop
         vertex 1.500000e+00 9.143788e+00 1.243805e+01
         vertex 1.500000e+00 8.508611e+00 1.268187e+01
         vertex 1.500000e+00 9.250000e+00 1.205000e+01
      endloop
   endfacet
   facet normal 1.000000e+00 0.000000e+00 0.000000e+00
      outer loop
         vertex 1.500000e+00 9.250000e+00 1.205000e+01
         vertex 1.500000e+00 8.508611e+00 1.268187e+01
         vertex 1.500000e+00 8.687500e+00 1.205000e+01
      endloop
   endfacet
   facet normal 1.000000e+00 0.000000e+00 0.000000e+00
      outer loop
         vertex 1.500000e+00 9.250000e+00 1.205000e+01
         vertex 1.500000e+00 8.687500e+00 1.205000e+01
         vertex 1.500000e+00 8.687500e+00 8.287500e+00
      endloop
   endfacet
   facet normal 1.000000e+00 0.000000e+00 -0.000000e+00
      outer loop
         vertex 1.500000e+00 8.687500e+00 8.287500e+00
         vertex 1.500000e+00 8.687500e+00 1.205000e+01
         vertex 1.500000e+00 8.500000e+00 9.700000e+00
      endloop
   endfacet
   facet normal 1.000000e+00 0.000000e+00 0.000000e+00
      outer loop
         vertex 1.500000e+00 8.687500e+00 8.287500e+00
         vertex 1.500000e+00 8.500000e+00 9.700000e+00
         vertex 1.500000e+00 7.772304e+00 8.287500e+00
      endloop
   endfacet
   facet normal 1.000000e+00 0.000000e+00 0.000000e+00
      outer loop
         vertex 1.500000e+00 7.772304e+00 8.287500e+00
         vertex 1.500000e+00 8.500000e+00 9.700000e+00
         vertex 1.500000e+00 7.772304e+00 9.700000e+00
      endloop
   endfacet
   facet normal 1.000000e+00 0.000000e+00 -0.000000e+00
      outer loop
         vertex 1.500000e+00 7.772304e+00 8.287500e+00
         vertex 1.500000e+00 7.772304e+00 9.700000e+00
         vertex 1.500000e+00 6.419608e+00 8.287500e+00
      endloop
   endfacet
   facet normal 1.000000e+00 0.000000e+00 0.000000e+00
      outer loop
         vertex 1.500000e+00 6.419608e+00 8.287500e+00
         vertex 1.500000e+00 7.772304e+00 9.700000e+00
         vertex 1.500000e+00 7.419608e+00 9.700000e+00
      endloop
   endfacet
   facet normal 1.000000e+00 0.000000e+00 0.000000e+00
      outer loop
         vertex 1.500000e+00 6.419608e+00 8.287500e+00
         vertex 1.500000e+00 7.419608e+00 9.700000e+00
         vertex 1.500000e+00 6.419608e+00 1.205000e+01
      endloop
   endfacet
   facet normal 1.000000e+00 0.000000e+00 0.000000e+00
      outer loop
         vertex 1.500000e+00 6.419608e+00 1.205000e+01
         vertex 1.500000e+00 7.419608e+00 9.700000e+00
         vertex 1.500000e+00 7.419608e+00 1.110000e+01
      endloop
   endfacet
   facet normal 1.000000e+00 -0.000000e+00 0.000000e+00
      outer loop
         vertex 1.500000e+00 6.419608e+00 1.205000e+01
         vertex 1.500000e+00 7.419608e+00 1.110000e+01
         vertex 1.500000e+00 7.772304e+00 1.205000e+01
      endloop
   endfacet
   facet normal 1.000000e+00 0.000000e+00 0.000000e+00
      outer loop
         vertex 1.500000e+00 7.772304e+00 1.205000e+01
         vertex 1.500000e+00 7.419608e+00 1.110000e+01
         vertex 1.500000e+00 7.772304e+00 1.110000e+01
      endloop
   endfacet
   facet normal 1.000000e+00 -0.000000e+00 0.000000e+00
      outer loop
         vertex 1.500000e+00 7.772304e+00 1.205000e+01
         vertex 1.500000e+00 7.772304e+00 1.110000e+01
         vertex 1.500000e+00 8.687500e+00 1.205000e+01
      endloop
   endfacet
   facet normal 1.000000e+00 0.000000e+00 0.000000e+00
      outer loop
         vertex 1.500000e+00 8.687500e+00 1.205000e+01
         vertex 1.500000e+00 7.772304e+00 1.110000e+01
         vertex 1.500000e+00 8.500000e+00 1.110000e+01
      endloop
   endfacet
   facet normal 1.000000e+00 0.000000e+00 0.000000e+00
      outer loop
         vertex 1.500000e+00 8.687500e+00 1.205000e+01
         vertex 1.500000e+00 8.500000e+00 1.110000e+01
         vertex 1.500000e+00 8.500000e+00 9.700000e+00
      endloop
   endfacet
   facet normal 1.000000e+00 0.000000e+00 0.000000e+00
      outer loop
         vertex 1.500000e+00 8.130697e+00 6.434882e+00
         vertex 1.500000e+00 8.125000e+00 6.500000e+00
         vertex 1.500000e+00 7.772304e+00 4.712500e+00
      endloop
   endfacet
   facet normal 1.000000e+00 0.000000e+00 0.000000e+00
      outer loop
         vertex 1.500000e+00 7.772304e+00 4.712500e+00
         vertex 1.500000e+00 8.125000e+00 6.500000e+00
         vertex 1.500000e+00 7.772304e+00 8.287500e+00
      endloop
   endfacet
   facet normal 1.000000e+00 0.000000e+00 -0.000000e+00
      outer loop
         vertex 1.500000e+00 7.772304e+00 4.712500e+00
         vertex 1.500000e+00 7.772304e+00 8.287500e+00
         vertex 1.500000e+00 6.419608e+00 4.712500e+00
      endloop
   endfacet
   facet normal 1.000000e+00 0.000000e+00 0.000000e+00
      outer loop
         vertex 1.500000e+00 6.419608e+00 4.712500e+00
         vertex 1.500000e+00 7.772304e+00 8.287500e+00
         vertex 1.500000e+00 6.419608e+00 8.287500e+00
      endloop
   endfacet
   facet normal 1.000000e+00 0.000000e+00 -0.000000e+00
      outer loop
         vertex 1.500000e+00 6.419608e+00 4.712500e+00
         vertex 1.500000e+00 6.419608e+00 8.287500e+00
         vertex 1.500000e+00 4.875000e+00 6.500000e+00
      endloop
   endfacet
   facet normal 1.000000e+00 0.000000e+00 -0.000000e+00
      outer loop
         vertex 1.500000e+00 4.875000e+00 6.500000e+00
         vertex 1.500000e+00 6.419608e+00 8.287500e+00
         vertex 1.500000e+00 4.869303e+00 6.565118e+00
      endloop
   endfacet
   facet normal 1.000000e+00 0.000000e+00 0.000000e+00
      outer loop
         vertex 1.500000e+00 5.419608e+00 9.700000e+00
         vertex 1.500000e+00 4.312500e+00 8.287500e+00
         vertex 1.500000e+00 6.419608e+00 8.287500e+00
      endloop
   endfacet
   facet normal 1.000000e+00 0.000000e+00 0.000000e+00
      outer loop
         vertex 1.500000e+00 6.419608e+00 8.287500e+00
         vertex 1.500000e+00 4.312500e+00 8.287500e+00
         vertex 1.500000e+00 4.565118e+00 6.869303e+00
      endloop
   endfacet
   facet normal 1.000000e+00 0.000000e+00 0.000000e+00
      outer loop
         vertex 1.500000e+00 6.419608e+00 8.287500e+00
         vertex 1.500000e+00 4.565118e+00 6.869303e+00
         vertex 1.500000e+00 4.628258e+00 6.852385e+00
      endloop
   endfacet
   facet normal 1.000000e+00 -0.000000e+00 0.000000e+00
      outer loop
         vertex 1.500000e+00 5.419608e+00 9.700000e+00
         vertex 1.500000e+00 6.419608e+00 8.287500e+00
         vertex 1.500000e+00 5.419608e+00 1.110000e+01
      endloop
   endfacet
   facet normal 1.000000e+00 -0.000000e+00 0.000000e+00
      outer loop
         vertex 1.500000e+00 5.419608e+00 1.110000e+01
         vertex 1.500000e+00 6.419608e+00 8.287500e+00
         vertex 1.500000e+00 6.419608e+00 1.205000e+01
      endloop
   endfacet
   facet normal 1.000000e+00 0.000000e+00 -0.000000e+00
      outer loop
         vertex 1.500000e+00 5.419608e+00 1.110000e+01
         vertex 1.500000e+00 6.419608e+00 1.205000e+01
         vertex 1.500000e+00 4.500000e+00 1.110000e+01
      endloop
   endfacet
   facet normal 1.000000e+00 0.000000e+00 -0.000000e+00
      outer loop
         vertex 1.500000e+00 4.500000e+00 1.110000e+01
         vertex 1.500000e+00 6.419608e+00 1.205000e+01
         vertex 1.500000e+00 4.312500e+00 1.205000e+01
      endloop
   endfacet
   facet normal 1.000000e+00 0.000000e+00 0.000000e+00
      outer loop
         vertex 1.500000e+00 4.500000e+00 1.110000e+01
         vertex 1.500000e+00 4.312500e+00 1.205000e+01
         vertex 1.500000e+00 4.500000e+00 9.700000e+00
      endloop
   endfacet
   facet normal 1.000000e+00 0.000000e+00 0.000000e+00
      outer loop
         vertex 1.500000e+00 5.419608e+00 9.700000e+00
         vertex 1.500000e+00 4.500000e+00 9.700000e+00
         vertex 1.500000e+00 4.312500e+00 8.287500e+00
      endloop
   endfacet
   facet normal 1.000000e+00 0.000000e+00 0.000000e+00
      outer loop
         vertex 1.500000e+00 4.312500e+00 8.287500e+00
         vertex 1.500000e+00 4.500000e+00 9.700000e+00
         vertex 1.500000e+00 4.312500e+00 1.205000e+01
      endloop
   endfacet
   facet normal 1.000000e+00 0.000000e+00 -0.000000e+00
      outer loop
         vertex 1.500000e+00 4.312500e+00 8.287500e+00
         vertex 1.500000e+00 4.312500e+00 1.205000e+01
         vertex 1.500000e+00 3.750000e+00 8.287500e+00
      endloop
   endfacet
   facet normal 1.000000e+00 0.000000e+00 0.000000e+00
      outer loop
         vertex 1.500000e+00 3.750000e+00 8.287500e+00
         vertex 1.500000e+00 4.312500e+00 1.205000e+01
         vertex 1.500000e+00 3.750000e+00 1.205000e+01
      endloop
   endfacet
   facet normal 1.000000e+00 0.000000e+00 -0.000000e+00
      outer loop
         vertex 1.500000e+00 3.750000e+00 8.287500e+00
         vertex 1.500000e+00 3.750000e+00 1.205000e+01
         vertex 1.500000e+00 3.250000e+00 1.212917e+01
      endloop
   endfacet
   facet normal 1.000000e+00 -0.000000e+00 0.000000e+00
      outer loop
         vertex 1.500000e+00 3.250000e+00 1.212917e+01
         vertex 1.500000e+00 3.750000e+00 1.205000e+01
         vertex 1.500000e+00 3.856212e+00 1.243805e+01
      endloop
   endfacet
   facet normal 1.000000e+00 0.000000e+00 0.000000e+00
      outer loop
         vertex 1.500000e+00 2.250000e+00 4.712500e+00
         vertex 1.500000e+00 3.000000e+00 6.125000e+00
         vertex 1.500000e+00 2.934882e+00 6.130697e+00
      endloop
   endfacet
   facet normal 1.000000e+00 0.000000e+00 0.000000e+00
      outer loop
         vertex 1.500000e+00 2.250000e+00 8.287500e+00
         vertex 1.500000e+00 2.647616e+00 6.628258e+00
         vertex 1.500000e+00 2.675241e+00 6.687500e+00
      endloop
   endfacet
   facet normal 1.000000e+00 0.000000e+00 0.000000e+00
      outer loop
         vertex 1.500000e+00 2.758955e+00 6.212733e+00
         vertex 1.500000e+00 2.712734e+00 6.258955e+00
         vertex 1.500000e+00 2.250000e+00 4.712500e+00
      endloop
   endfacet
   facet normal 1.000000e+00 0.000000e+00 0.000000e+00
      outer loop
         vertex 1.500000e+00 2.250000e+00 4.712500e+00
         vertex 1.500000e+00 2.712734e+00 6.258955e+00
         vertex 1.500000e+00 2.675241e+00 6.312500e+00
      endloop
   endfacet
   facet normal 1.000000e+00 0.000000e+00 0.000000e+00
      outer loop
         vertex 1.500000e+00 2.250000e+00 4.712500e+00
         vertex 1.500000e+00 2.675241e+00 6.312500e+00
         vertex 1.500000e+00 2.647616e+00 6.371743e+00
      endloop
   endfacet
   facet normal 1.000000e+00 0.000000e+00 0.000000e+00
      outer loop
         vertex 1.500000e+00 2.647616e+00 6.371743e+00
         vertex 1.500000e+00 2.630697e+00 6.434882e+00
         vertex 1.500000e+00 2.250000e+00 4.712500e+00
      endloop
   endfacet
   facet normal 1.000000e+00 0.000000e+00 0.000000e+00
      outer loop
         vertex 1.500000e+00 2.250000e+00 4.712500e+00
         vertex 1.500000e+00 2.630697e+00 6.434882e+00
         vertex 1.500000e+00 2.625000e+00 6.500000e+00
      endloop
   endfacet
   facet normal 1.000000e+00 0.000000e+00 0.000000e+00
      outer loop
         vertex 1.500000e+00 2.250000e+00 4.712500e+00
         vertex 1.500000e+00 2.625000e+00 6.500000e+00
         vertex 1.500000e+00 2.250000e+00 8.287500e+00
      endloop
   endfacet
   facet normal 1.000000e+00 0.000000e+00 0.000000e+00
      outer loop
         vertex 1.500000e+00 2.250000e+00 8.287500e+00
         vertex 1.500000e+00 2.625000e+00 6.500000e+00
         vertex 1.500000e+00 2.630697e+00 6.565118e+00
      endloop
   endfacet
   facet normal 1.000000e+00 0.000000e+00 0.000000e+00
      outer loop
         vertex 1.500000e+00 2.250000e+00 8.287500e+00
         vertex 1.500000e+00 2.630697e+00 6.565118e+00
         vertex 1.500000e+00 2.647616e+00 6.628258e+00
      endloop
   endfacet
   facet normal 1.000000e+00 0.000000e+00 0.000000e+00
      outer loop
         vertex 1.500000e+00 3.352385e+00 6.371743e+00
         vertex 1.500000e+00 3.324760e+00 6.312500e+00
         vertex 1.500000e+00 3.750000e+00 4.712500e+00
      endloop
   endfacet
   facet normal 1.000000e+00 0.000000e+00 0.000000e+00
      outer loop
         vertex 1.500000e+00 3.750000e+00 4.712500e+00
         vertex 1.500000e+00 3.324760e+00 6.312500e+00
         vertex 1.500000e+00 3.287267e+00 6.258955e+00
      endloop
   endfacet
   facet normal 1.000000e+00 0.000000e+00 0.000000e+00
      outer loop
         vertex 1.500000e+00 3.750000e+00 4.712500e+00
         vertex 1.500000e+00 3.287267e+00 6.258955e+00
         vertex 1.500000e+00 3.241045e+00 6.212733e+00
      endloop
   endfacet
   facet normal 1.000000e+00 0.000000e+00 0.000000e+00
      outer loop
         vertex 1.500000e+00 2.150651e+00 1.669559e+00
         vertex 1.500000e+00 3.750000e+00 4.712500e+00
         vertex 1.500000e+00 2.250000e+00 4.712500e+00
      endloop
   endfacet
   facet normal 1.000000e+00 0.000000e+00 0.000000e+00
      outer loop
         vertex 1.500000e+00 2.250000e+00 4.712500e+00
         vertex 1.500000e+00 3.750000e+00 4.712500e+00
         vertex 1.500000e+00 3.065118e+00 6.130697e+00
      endloop
   endfacet
   facet normal 1.000000e+00 0.000000e+00 0.000000e+00
      outer loop
         vertex 1.500000e+00 2.250000e+00 4.712500e+00
         vertex 1.500000e+00 3.065118e+00 6.130697e+00
         vertex 1.500000e+00 3.000000e+00 6.125000e+00
      endloop
   endfacet
   facet normal 1.000000e+00 0.000000e+00 0.000000e+00
      outer loop
         vertex 1.500000e+00 2.934882e+00 6.130697e+00
         vertex 1.500000e+00 2.871742e+00 6.147615e+00
         vertex 1.500000e+00 2.250000e+00 4.712500e+00
      endloop
   endfacet
   facet normal 1.000000e+00 0.000000e+00 0.000000e+00
      outer loop
         vertex 1.500000e+00 2.250000e+00 4.712500e+00
         vertex 1.500000e+00 2.871742e+00 6.147615e+00
         vertex 1.500000e+00 2.812500e+00 6.175241e+00
      endloop
   endfacet
   facet normal 1.000000e+00 0.000000e+00 0.000000e+00
      outer loop
         vertex 1.500000e+00 2.250000e+00 4.712500e+00
         vertex 1.500000e+00 2.812500e+00 6.175241e+00
         vertex 1.500000e+00 2.758955e+00 6.212733e+00
      endloop
   endfacet
   facet normal 1.000000e+00 0.000000e+00 0.000000e+00
      outer loop
         vertex 1.500000e+00 3.241045e+00 6.212733e+00
         vertex 1.500000e+00 3.187500e+00 6.175241e+00
         vertex 1.500000e+00 3.750000e+00 4.712500e+00
      endloop
   endfacet
   facet normal 1.000000e+00 0.000000e+00 0.000000e+00
      outer loop
         vertex 1.500000e+00 3.750000e+00 4.712500e+00
         vertex 1.500000e+00 3.187500e+00 6.175241e+00
         vertex 1.500000e+00 3.128258e+00 6.147615e+00
      endloop
   endfacet
   facet normal 1.000000e+00 0.000000e+00 0.000000e+00
      outer loop
         vertex 1.500000e+00 3.750000e+00 4.712500e+00
         vertex 1.500000e+00 3.128258e+00 6.147615e+00
         vertex 1.500000e+00 3.065118e+00 6.130697e+00
      endloop
   endfacet
   facet normal 1.000000e+00 -0.000000e+00 0.000000e+00
      outer loop
         vertex 1.500000e+00 3.241045e+00 6.787267e+00
         vertex 1.500000e+00 3.287267e+00 6.741045e+00
         vertex 1.500000e+00 3.750000e+00 8.287500e+00
      endloop
   endfacet
   facet normal 1.000000e+00 0.000000e+00 0.000000e+00
      outer loop
         vertex 1.500000e+00 3.750000e+00 8.287500e+00
         vertex 1.500000e+00 3.287267e+00 6.741045e+00
         vertex 1.500000e+00 3.324760e+00 6.687500e+00
      endloop
   endfacet
   facet normal 1.000000e+00 0.000000e+00 0.000000e+00
      outer loop
         vertex 1.500000e+00 3.750000e+00 8.287500e+00
         vertex 1.500000e+00 3.324760e+00 6.687500e+00
         vertex 1.500000e+00 3.352385e+00 6.628258e+00
      endloop
   endfacet
   facet normal 1.000000e+00 -0.000000e+00 0.000000e+00
      outer loop
         vertex 1.500000e+00 3.352385e+00 6.628258e+00
         vertex 1.500000e+00 3.369303e+00 6.565118e+00
         vertex 1.500000e+00 3.750000e+00 8.287500e+00
      endloop
   endfacet
   facet normal 1.000000e+00 0.000000e+00 0.000000e+00
      outer loop
         vertex 1.500000e+00 3.750000e+00 8.287500e+00
         vertex 1.500000e+00 3.369303e+00 6.565118e+00
         vertex 1.500000e+00 3.375000e+00 6.500000e+00
      endloop
   endfacet
   facet normal 1.000000e+00 0.000000e+00 0.000000e+00
      outer loop
         vertex 1.500000e+00 3.750000e+00 8.287500e+00
         vertex 1.500000e+00 3.375000e+00 6.500000e+00
         vertex 1.500000e+00 3.750000e+00 4.712500e+00
      endloop
   endfacet
   facet normal 1.000000e+00 0.000000e+00 0.000000e+00
      outer loop
         vertex 1.500000e+00 3.750000e+00 4.712500e+00
         vertex 1.500000e+00 3.375000e+00 6.500000e+00
         vertex 1.500000e+00 3.369303e+00 6.434882e+00
      endloop
   endfacet
   facet normal 1.000000e+00 0.000000e+00 0.000000e+00
      outer loop
         vertex 1.500000e+00 3.750000e+00 4.712500e+00
         vertex 1.500000e+00 3.369303e+00 6.434882e+00
         vertex 1.500000e+00 3.352385e+00 6.371743e+00
      endloop
   endfacet
   facet normal 1.000000e+00 -0.000000e+00 0.000000e+00
      outer loop
         vertex 1.500000e+00 3.065118e+00 6.869303e+00
         vertex 1.500000e+00 3.128258e+00 6.852385e+00
         vertex 1.500000e+00 3.750000e+00 8.287500e+00
      endloop
   endfacet
   facet normal 1.000000e+00 0.000000e+00 0.000000e+00
      outer loop
         vertex 1.500000e+00 3.750000e+00 8.287500e+00
         vertex 1.500000e+00 3.128258e+00 6.852385e+00
         vertex 1.500000e+00 3.187500e+00 6.824760e+00
      endloop
   endfacet
   facet normal 1.000000e+00 0.000000e+00 0.000000e+00
      outer loop
         vertex 1.500000e+00 3.750000e+00 8.287500e+00
         vertex 1.500000e+00 3.187500e+00 6.824760e+00
         vertex 1.500000e+00 3.241045e+00 6.787267e+00
      endloop
   endfacet
   facet normal 1.000000e+00 0.000000e+00 -0.000000e+00
      outer loop
         vertex 1.500000e+00 2.675241e+00 6.687500e+00
         vertex 1.500000e+00 2.712734e+00 6.741045e+00
         vertex 1.500000e+00 2.250000e+00 8.287500e+00
      endloop
   endfacet
   facet normal 1.000000e+00 0.000000e+00 0.000000e+00
      outer loop
         vertex 1.500000e+00 2.250000e+00 8.287500e+00
         vertex 1.500000e+00 2.712734e+00 6.741045e+00
         vertex 1.500000e+00 2.758955e+00 6.787267e+00
      endloop
   endfacet
   facet normal 1.000000e+00 0.000000e+00 0.000000e+00
      outer loop
         vertex 1.500000e+00 2.250000e+00 8.287500e+00
         vertex 1.500000e+00 2.758955e+00 6.787267e+00
         vertex 1.500000e+00 2.812500e+00 6.824760e+00
      endloop
   endfacet
   facet normal 1.000000e+00 0.000000e+00 -0.000000e+00
      outer loop
         vertex 1.500000e+00 2.812500e+00 6.824760e+00
         vertex 1.500000e+00 2.871742e+00 6.852385e+00
         vertex 1.500000e+00 2.250000e+00 8.287500e+00
      endloop
   endfacet
   facet normal 1.000000e+00 0.000000e+00 0.000000e+00
      outer loop
         vertex 1.500000e+00 2.250000e+00 8.287500e+00
         vertex 1.500000e+00 2.871742e+00 6.852385e+00
         vertex 1.500000e+00 2.934882e+00 6.869303e+00
      endloop
   endfacet
   facet normal 1.000000e+00 -0.000000e+00 0.000000e+00
      outer loop
         vertex 1.500000e+00 2.250000e+00 8.287500e+00
         vertex 1.500000e+00 2.934882e+00 6.869303e+00
         vertex 1.500000e+00 3.750000e+00 8.287500e+00
      endloop
   endfacet
   facet normal 1.000000e+00 0.000000e+00 0.000000e+00
      outer loop
         vertex 1.500000e+00 3.750000e+00 8.287500e+00
         vertex 1.500000e+00 2.934882e+00 6.869303e+00
         vertex 1.500000e+00 3.000000e+00 6.875000e+00
      endloop
   endfacet
   facet normal 1.000000e+00 0.000000e+00 0.000000e+00
      outer loop
         vertex 1.500000e+00 3.750000e+00 8.287500e+00
         vertex 1.500000e+00 3.000000e+00 6.875000e+00
         vertex 1.500000e+00 3.065118e+00 6.869303e+00
      endloop
   endfacet
   facet normal 1.000000e+00 0.000000e+00 0.000000e+00
      outer loop
         vertex 1.500000e+00 5.619545e-01 3.856212e+00
         vertex 1.500000e+00 2.250000e+00 4.712500e+00
         vertex 1.500000e+00 5.625002e-01 4.712500e+00
      endloop
   endfacet
   facet normal 1.000000e+00 0.000000e+00 0.000000e+00
      outer loop
         vertex 1.500000e+00 5.625002e-01 4.712500e+00
         vertex 1.500000e+00 2.250000e+00 4.712500e+00
         vertex 1.500000e+00 1.500000e+00 6.125000e+00
      endloop
   endfacet
   facet normal 1.000000e+00 0.000000e+00 0.000000e+00
      outer loop
         vertex 1.500000e+00 5.625002e-01 4.712500e+00
         vertex 1.500000e+00 1.500000e+00 6.125000e+00
         vertex 1.500000e+00 1.434882e+00 6.130697e+00
      endloop
   endfacet
   facet normal 1.000000e+00 0.000000e+00 0.000000e+00
      outer loop
         vertex 1.500000e+00 1.434882e+00 6.130697e+00
         vertex 1.500000e+00 1.371743e+00 6.147615e+00
         vertex 1.500000e+00 5.625002e-01 4.712500e+00
      endloop
   endfacet
   facet normal 1.000000e+00 0.000000e+00 0.000000e+00
      outer loop
         vertex 1.500000e+00 5.625002e-01 4.712500e+00
         vertex 1.500000e+00 1.371743e+00 6.147615e+00
         vertex 1.500000e+00 1.312500e+00 6.175241e+00
      endloop
   endfacet
   facet normal 1.000000e+00 0.000000e+00 0.000000e+00
      outer loop
         vertex 1.500000e+00 5.625002e-01 4.712500e+00
         vertex 1.500000e+00 1.312500e+00 6.175241e+00
         vertex 1.500000e+00 1.258955e+00 6.212733e+00
      endloop
   endfacet
   facet normal 1.000000e+00 0.000000e+00 0.000000e+00
      outer loop
         vertex 1.500000e+00 1.258955e+00 6.212733e+00
         vertex 1.500000e+00 1.212733e+00 6.258955e+00
         vertex 1.500000e+00 5.625002e-01 4.712500e+00
      endloop
   endfacet
   facet normal 1.000000e+00 0.000000e+00 0.000000e+00
      outer loop
         vertex 1.500000e+00 5.625002e-01 4.712500e+00
         vertex 1.500000e+00 1.212733e+00 6.258955e+00
         vertex 1.500000e+00 1.175241e+00 6.312500e+00
      endloop
   endfacet
   facet normal 1.000000e+00 0.000000e+00 0.000000e+00
      outer loop
         vertex 1.500000e+00 5.625002e-01 4.712500e+00
         vertex 1.500000e+00 1.175241e+00 6.312500e+00
         vertex 1.500000e+00 1.147615e+00 6.371743e+00
      endloop
   endfacet
   facet normal 1.000000e+00 0.000000e+00 0.000000e+00
      outer loop
         vertex 1.500000e+00 1.852385e+00 6.371743e+00
         vertex 1.500000e+00 1.824760e+00 6.312500e+00
         vertex 1.500000e+00 2.250000e+00 4.712500e+00
      endloop
   endfacet
   facet normal 1.000000e+00 0.000000e+00 -0.000000e+00
      outer loop
         vertex 1.500000e+00 1.147615e+00 6.628258e+00
         vertex 1.500000e+00 1.175241e+00 6.687500e+00
         vertex 1.500000e+00 5.625002e-01 8.287500e+00
      endloop
   endfacet
   facet normal 1.000000e+00 -0.000000e+00 0.000000e+00
      outer loop
         vertex 1.500000e+00 1.741046e+00 6.787267e+00
         vertex 1.500000e+00 1.787267e+00 6.741045e+00
         vertex 1.500000e+00 2.250000e+00 8.287500e+00
      endloop
   endfacet
   facet normal 1.000000e+00 0.000000e+00 0.000000e+00
      outer loop
         vertex 1.500000e+00 2.250000e+00 8.287500e+00
         vertex 1.500000e+00 1.787267e+00 6.741045e+00
         vertex 1.500000e+00 1.824760e+00 6.687500e+00
      endloop
   endfacet
   facet normal 1.000000e+00 0.000000e+00 0.000000e+00
      outer loop
         vertex 1.500000e+00 2.250000e+00 8.287500e+00
         vertex 1.500000e+00 1.824760e+00 6.687500e+00
         vertex 1.500000e+00 1.852385e+00 6.628258e+00
      endloop
   endfacet
   facet normal 1.000000e+00 -0.000000e+00 0.000000e+00
      outer loop
         vertex 1.500000e+00 1.852385e+00 6.628258e+00
         vertex 1.500000e+00 1.869303e+00 6.565118e+00
         vertex 1.500000e+00 2.250000e+00 8.287500e+00
      endloop
   endfacet
   facet normal 1.000000e+00 0.000000e+00 0.000000e+00
      outer loop
         vertex 1.500000e+00 2.250000e+00 8.287500e+00
         vertex 1.500000e+00 1.869303e+00 6.565118e+00
         vertex 1.500000e+00 1.875000e+00 6.500000e+00
      endloop
   endfacet
   facet normal 1.000000e+00 0.000000e+00 0.000000e+00
      outer loop
         vertex 1.500000e+00 2.250000e+00 8.287500e+00
         vertex 1.500000e+00 1.875000e+00 6.500000e+00
         vertex 1.500000e+00 2.250000e+00 4.712500e+00
      endloop
   endfacet
   facet normal 1.000000e+00 0.000000e+00 0.000000e+00
      outer loop
         vertex 1.500000e+00 2.250000e+00 4.712500e+00
         vertex 1.500000e+00 1.875000e+00 6.500000e+00
         vertex 1.500000e+00 1.869303e+00 6.434882e+00
      endloop
   endfacet
   facet normal 1.000000e+00 0.000000e+00 0.000000e+00
      outer loop
         vertex 1.500000e+00 2.250000e+00 4.712500e+00
         vertex 1.500000e+00 1.869303e+00 6.434882e+00
         vertex 1.500000e+00 1.852385e+00 6.371743e+00
      endloop
   endfacet
   facet normal 1.000000e+00 0.000000e+00 0.000000e+00
      outer loop
         vertex 1.500000e+00 1.824760e+00 6.312500e+00
         vertex 1.500000e+00 1.787267e+00 6.258955e+00
         vertex 1.500000e+00 2.250000e+00 4.712500e+00
      endloop
   endfacet
   facet normal 1.000000e+00 0.000000e+00 0.000000e+00
      outer loop
         vertex 1.500000e+00 2.250000e+00 4.712500e+00
         vertex 1.500000e+00 1.787267e+00 6.258955e+00
         vertex 1.500000e+00 1.741046e+00 6.212733e+00
      endloop
   endfacet
   facet normal 1.000000e+00 0.000000e+00 0.000000e+00
      outer loop
         vertex 1.500000e+00 2.250000e+00 4.712500e+00
         vertex 1.500000e+00 1.741046e+00 6.212733e+00
         vertex 1.500000e+00 1.687500e+00 6.175241e+00
      endloop
   endfacet
   facet normal 1.000000e+00 0.000000e+00 0.000000e+00
      outer loop
         vertex 1.500000e+00 1.687500e+00 6.175241e+00
         vertex 1.500000e+00 1.628258e+00 6.147615e+00
         vertex 1.500000e+00 2.250000e+00 4.712500e+00
      endloop
   endfacet
   facet normal 1.000000e+00 0.000000e+00 0.000000e+00
      outer loop
         vertex 1.500000e+00 2.250000e+00 4.712500e+00
         vertex 1.500000e+00 1.628258e+00 6.147615e+00
         vertex 1.500000e+00 1.565118e+00 6.130697e+00
      endloop
   endfacet
   facet normal 1.000000e+00 0.000000e+00 0.000000e+00
      outer loop
         vertex 1.500000e+00 2.250000e+00 4.712500e+00
         vertex 1.500000e+00 1.565118e+00 6.130697e+00
         vertex 1.500000e+00 1.500000e+00 6.125000e+00
      endloop
   endfacet
   facet normal 1.000000e+00 0.000000e+00 0.000000e+00
      outer loop
         vertex 1.500000e+00 1.147615e+00 6.371743e+00
         vertex 1.500000e+00 1.130697e+00 6.434882e+00
         vertex 1.500000e+00 5.625002e-01 4.712500e+00
      endloop
   endfacet
   facet normal 1.000000e+00 0.000000e+00 0.000000e+00
      outer loop
         vertex 1.500000e+00 5.625002e-01 4.712500e+00
         vertex 1.500000e+00 1.130697e+00 6.434882e+00
         vertex 1.500000e+00 1.125000e+00 6.500000e+00
      endloop
   endfacet
   facet normal 1.000000e+00 0.000000e+00 0.000000e+00
      outer loop
         vertex 1.500000e+00 5.625002e-01 4.712500e+00
         vertex 1.500000e+00 1.125000e+00 6.500000e+00
         vertex 1.500000e+00 5.625002e-01 8.287500e+00
      endloop
   endfacet
   facet normal 1.000000e+00 0.000000e+00 0.000000e+00
      outer loop
         vertex 1.500000e+00 5.625002e-01 8.287500e+00
         vertex 1.500000e+00 1.125000e+00 6.500000e+00
         vertex 1.500000e+00 1.130697e+00 6.565118e+00
      endloop
   endfacet
   facet normal 1.000000e+00 0.000000e+00 0.000000e+00
      outer loop
         vertex 1.500000e+00 5.625002e-01 8.287500e+00
         vertex 1.500000e+00 1.130697e+00 6.565118e+00
         vertex 1.500000e+00 1.147615e+00 6.628258e+00
      endloop
   endfacet
   facet normal 1.000000e+00 0.000000e+00 -0.000000e+00
      outer loop
         vertex 1.500000e+00 1.175241e+00 6.687500e+00
         vertex 1.500000e+00 1.212733e+00 6.741045e+00
         vertex 1.500000e+00 5.625002e-01 8.287500e+00
      endloop
   endfacet
   facet normal 1.000000e+00 0.000000e+00 0.000000e+00
      outer loop
         vertex 1.500000e+00 5.625002e-01 8.287500e+00
         vertex 1.500000e+00 1.212733e+00 6.741045e+00
         vertex 1.500000e+00 1.258955e+00 6.787267e+00
      endloop
   endfacet
   facet normal 1.000000e+00 0.000000e+00 0.000000e+00
      outer loop
         vertex 1.500000e+00 5.625002e-01 8.287500e+00
         vertex 1.500000e+00 1.258955e+00 6.787267e+00
         vertex 1.500000e+00 1.312500e+00 6.824760e+00
      endloop
   endfacet
   facet normal 1.000000e+00 0.000000e+00 -0.000000e+00
      outer loop
         vertex 1.500000e+00 1.312500e+00 6.824760e+00
         vertex 1.500000e+00 1.371743e+00 6.852385e+00
         vertex 1.500000e+00 5.625002e-01 8.287500e+00
      endloop
   endfacet
   facet normal 1.000000e+00 0.000000e+00 0.000000e+00
      outer loop
         vertex 1.500000e+00 5.625002e-01 8.287500e+00
         vertex 1.500000e+00 1.371743e+00 6.852385e+00
         vertex 1.500000e+00 1.434882e+00 6.869303e+00
      endloop
   endfacet
   facet normal 1.000000e+00 -0.000000e+00 0.000000e+00
      outer loop
         vertex 1.500000e+00 5.625002e-01 8.287500e+00
         vertex 1.500000e+00 1.434882e+00 6.869303e+00
         vertex 1.500000e+00 2.250000e+00 8.287500e+00
      endloop
   endfacet
   facet normal 1.000000e+00 0.000000e+00 0.000000e+00
      outer loop
         vertex 1.500000e+00 2.250000e+00 8.287500e+00
         vertex 1.500000e+00 1.434882e+00 6.869303e+00
         vertex 1.500000e+00 1.500000e+00 6.875000e+00
      endloop
   endfacet
   facet normal 1.000000e+00 0.000000e+00 0.000000e+00
      outer loop
         vertex 1.500000e+00 2.250000e+00 8.287500e+00
         vertex 1.500000e+00 1.500000e+00 6.875000e+00
         vertex 1.500000e+00 1.565118e+00 6.869303e+00
      endloop
   endfacet
   facet normal 1.000000e+00 -0.000000e+00 0.000000e+00
      outer loop
         vertex 1.500000e+00 1.565118e+00 6.869303e+00
         vertex 1.500000e+00 1.628258e+00 6.852385e+00
         vertex 1.500000e+00 2.250000e+00 8.287500e+00
      endloop
   endfacet
   facet normal 1.000000e+00 0.000000e+00 0.000000e+00
      outer loop
         vertex 1.500000e+00 2.250000e+00 8.287500e+00
         vertex 1.500000e+00 1.628258e+00 6.852385e+00
         vertex 1.500000e+00 1.687500e+00 6.824760e+00
      endloop
   endfacet
   facet normal 1.000000e+00 0.000000e+00 0.000000e+00
      outer loop
         vertex 1.500000e+00 2.250000e+00 8.287500e+00
         vertex 1.500000e+00 1.687500e+00 6.824760e+00
         vertex 1.500000e+00 1.741046e+00 6.787267e+00
      endloop
   endfacet
   facet normal -1.000000e+00 -0.000000e+00 0.000000e+00
      outer loop
         vertex 0.000000e+00 8.312500e+00 6.824760e+00
         vertex 0.000000e+00 8.258955e+00 6.787267e+00
         vertex 0.000000e+00 6.500000e+00 9.937500e+00
      endloop
   endfacet
   facet normal -1.000000e+00 0.000000e+00 0.000000e+00
      outer loop
         vertex 0.000000e+00 8.312500e+00 6.824760e+00
         vertex 0.000000e+00 6.500000e+00 9.937500e+00
         vertex 0.000000e+00 8.371743e+00 6.852385e+00
      endloop
   endfacet
   facet normal -1.000000e+00 0.000000e+00 0.000000e+00
      outer loop
         vertex 0.000000e+00 8.787267e+00 6.741045e+00
         vertex 0.000000e+00 9.250000e+00 9.937500e+00
         vertex 0.000000e+00 8.824760e+00 6.687500e+00
      endloop
   endfacet
   facet normal -1.000000e+00 0.000000e+00 0.000000e+00
      outer loop
         vertex 0.000000e+00 8.824760e+00 6.687500e+00
         vertex 0.000000e+00 9.250000e+00 9.937500e+00
         vertex 0.000000e+00 8.852385e+00 6.628258e+00
      endloop
   endfacet
   facet normal -1.000000e+00 0.000000e+00 0.000000e+00
      outer loop
         vertex 0.000000e+00 8.787267e+00 6.741045e+00
         vertex 0.000000e+00 8.741046e+00 6.787267e+00
         vertex 0.000000e+00 9.250000e+00 9.937500e+00
      endloop
   endfacet
   facet normal -1.000000e+00 0.000000e+00 0.000000e+00
      outer loop
         vertex 0.000000e+00 9.250000e+00 9.937500e+00
         vertex 0.000000e+00 8.741046e+00 6.787267e+00
         vertex 0.000000e+00 8.687500e+00 6.824760e+00
      endloop
   endfacet
   facet normal -1.000000e+00 0.000000e+00 0.000000e+00
      outer loop
         vertex 0.000000e+00 9.250000e+00 9.937500e+00
         vertex 0.000000e+00 8.687500e+00 6.824760e+00
         vertex 0.000000e+00 8.628258e+00 6.852385e+00
      endloop
   endfacet
   facet normal -1.000000e+00 -0.000000e+00 0.000000e+00
      outer loop
         vertex 0.000000e+00 8.258955e+00 6.787267e+00
         vertex 0.000000e+00 8.212733e+00 6.741045e+00
         vertex 0.000000e+00 6.500000e+00 9.937500e+00
      endloop
   endfacet
   facet normal -1.000000e+00 0.000000e+00 0.000000e+00
      outer loop
         vertex 0.000000e+00 6.500000e+00 9.937500e+00
         vertex 0.000000e+00 8.212733e+00 6.741045e+00
         vertex 0.000000e+00 8.175241e+00 6.687500e+00
      endloop
   endfacet
   facet normal -1.000000e+00 0.000000e+00 0.000000e+00
      outer loop
         vertex 0.000000e+00 6.500000e+00 9.937500e+00
         vertex 0.000000e+00 8.175241e+00 6.687500e+00
         vertex 0.000000e+00 8.147615e+00 6.628258e+00
      endloop
   endfacet
   facet normal -1.000000e+00 0.000000e+00 0.000000e+00
      outer loop
         vertex 0.000000e+00 8.628258e+00 6.852385e+00
         vertex 0.000000e+00 8.565118e+00 6.869303e+00
         vertex 0.000000e+00 9.250000e+00 9.937500e+00
      endloop
   endfacet
   facet normal -1.000000e+00 0.000000e+00 0.000000e+00
      outer loop
         vertex 0.000000e+00 9.250000e+00 9.937500e+00
         vertex 0.000000e+00 8.565118e+00 6.869303e+00
         vertex 0.000000e+00 8.500000e+00 6.875000e+00
      endloop
   endfacet
   facet normal -1.000000e+00 -0.000000e+00 0.000000e+00
      outer loop
         vertex 0.000000e+00 9.250000e+00 9.937500e+00
         vertex 0.000000e+00 8.500000e+00 6.875000e+00
         vertex 0.000000e+00 6.500000e+00 9.937500e+00
      endloop
   endfacet
   facet normal -1.000000e+00 0.000000e+00 0.000000e+00
      outer loop
         vertex 0.000000e+00 6.500000e+00 9.937500e+00
         vertex 0.000000e+00 8.500000e+00 6.875000e+00
         vertex 0.000000e+00 8.434882e+00 6.869303e+00
      endloop
   endfacet
   facet normal -1.000000e+00 0.000000e+00 0.000000e+00
      outer loop
         vertex 0.000000e+00 6.500000e+00 9.937500e+00
         vertex 0.000000e+00 8.434882e+00 6.869303e+00
         vertex 0.000000e+00 8.371743e+00 6.852385e+00
      endloop
   endfacet
   facet normal -1.000000e+00 -0.000000e+00 0.000000e+00
      outer loop
         vertex 0.000000e+00 8.147615e+00 6.628258e+00
         vertex 0.000000e+00 8.130697e+00 6.565118e+00
         vertex 0.000000e+00 6.500000e+00 9.937500e+00
      endloop
   endfacet
   facet normal -1.000000e+00 0.000000e+00 0.000000e+00
      outer loop
         vertex 0.000000e+00 6.500000e+00 9.937500e+00
         vertex 0.000000e+00 8.130697e+00 6.565118e+00
         vertex 0.000000e+00 8.125000e+00 6.500000e+00
      endloop
   endfacet
   facet normal -1.000000e+00 0.000000e+00 0.000000e+00
      outer loop
         vertex 0.000000e+00 6.500000e+00 9.937500e+00
         vertex 0.000000e+00 8.125000e+00 6.500000e+00
         vertex 0.000000e+00 6.500000e+00 0.000000e+00
      endloop
   endfacet
   facet normal -1.000000e+00 0.000000e+00 0.000000e+00
      outer loop
         vertex 0.000000e+00 6.500000e+00 0.000000e+00
         vertex 0.000000e+00 8.125000e+00 6.500000e+00
         vertex 0.000000e+00 8.130697e+00 6.434882e+00
      endloop
   endfacet
   facet normal -1.000000e+00 0.000000e+00 0.000000e+00
      outer loop
         vertex 0.000000e+00 6.500000e+00 0.000000e+00
         vertex 0.000000e+00 8.130697e+00 6.434882e+00
         vertex 0.000000e+00 8.147615e+00 6.371743e+00
      endloop
   endfacet
   facet normal -1.000000e+00 0.000000e+00 -0.000000e+00
      outer loop
         vertex 0.000000e+00 8.147615e+00 6.371743e+00
         vertex 0.000000e+00 8.175241e+00 6.312500e+00
         vertex 0.000000e+00 6.500000e+00 0.000000e+00
      endloop
   endfacet
   facet normal -1.000000e+00 0.000000e+00 0.000000e+00
      outer loop
         vertex 0.000000e+00 6.500000e+00 0.000000e+00
         vertex 0.000000e+00 8.175241e+00 6.312500e+00
         vertex 0.000000e+00 8.212733e+00 6.258955e+00
      endloop
   endfacet
   facet normal -1.000000e+00 0.000000e+00 0.000000e+00
      outer loop
         vertex 0.000000e+00 6.500000e+00 0.000000e+00
         vertex 0.000000e+00 8.212733e+00 6.258955e+00
         vertex 0.000000e+00 8.258955e+00 6.212733e+00
      endloop
   endfacet
   facet normal -1.000000e+00 0.000000e+00 0.000000e+00
      outer loop
         vertex 0.000000e+00 9.252338e+00 6.114831e-01
         vertex 0.000000e+00 8.824760e+00 6.312500e+00
         vertex 0.000000e+00 8.852385e+00 6.371743e+00
      endloop
   endfacet
   facet normal -1.000000e+00 0.000000e+00 0.000000e+00
      outer loop
         vertex 0.000000e+00 8.852385e+00 6.371743e+00
         vertex 0.000000e+00 8.869303e+00 6.434882e+00
         vertex 0.000000e+00 9.252338e+00 6.114831e-01
      endloop
   endfacet
   facet normal -1.000000e+00 0.000000e+00 0.000000e+00
      outer loop
         vertex 0.000000e+00 9.252338e+00 6.114831e-01
         vertex 0.000000e+00 8.869303e+00 6.434882e+00
         vertex 0.000000e+00 8.875000e+00 6.500000e+00
      endloop
   endfacet
   facet normal -1.000000e+00 0.000000e+00 0.000000e+00
      outer loop
         vertex 0.000000e+00 9.252338e+00 6.114831e-01
         vertex 0.000000e+00 8.875000e+00 6.500000e+00
         vertex 0.000000e+00 9.250000e+00 9.937500e+00
      endloop
   endfacet
   facet normal -1.000000e+00 0.000000e+00 0.000000e+00
      outer loop
         vertex 0.000000e+00 9.250000e+00 9.937500e+00
         vertex 0.000000e+00 8.875000e+00 6.500000e+00
         vertex 0.000000e+00 8.869303e+00 6.565118e+00
      endloop
   endfacet
   facet normal -1.000000e+00 0.000000e+00 0.000000e+00
      outer loop
         vertex 0.000000e+00 9.250000e+00 9.937500e+00
         vertex 0.000000e+00 8.869303e+00 6.565118e+00
         vertex 0.000000e+00 8.852385e+00 6.628258e+00
      endloop
   endfacet
   facet normal -1.000000e+00 0.000000e+00 -0.000000e+00
      outer loop
         vertex 0.000000e+00 8.258955e+00 6.212733e+00
         vertex 0.000000e+00 8.312500e+00 6.175241e+00
         vertex 0.000000e+00 6.500000e+00 0.000000e+00
      endloop
   endfacet
   facet normal -1.000000e+00 0.000000e+00 0.000000e+00
      outer loop
         vertex 0.000000e+00 6.500000e+00 0.000000e+00
         vertex 0.000000e+00 8.312500e+00 6.175241e+00
         vertex 0.000000e+00 8.371743e+00 6.147615e+00
      endloop
   endfacet
   facet normal -1.000000e+00 0.000000e+00 0.000000e+00
      outer loop
         vertex 0.000000e+00 6.500000e+00 0.000000e+00
         vertex 0.000000e+00 8.371743e+00 6.147615e+00
         vertex 0.000000e+00 7.179435e+00 3.560772e-02
      endloop
   endfacet
   facet normal -1.000000e+00 0.000000e+00 0.000000e+00
      outer loop
         vertex 0.000000e+00 7.179435e+00 3.560772e-02
         vertex 0.000000e+00 8.371743e+00 6.147615e+00
         vertex 0.000000e+00 8.434882e+00 6.130697e+00
      endloop
   endfacet
   facet normal -1.000000e+00 0.000000e+00 0.000000e+00
      outer loop
         vertex 0.000000e+00 7.179435e+00 3.560772e-02
         vertex 0.000000e+00 8.434882e+00 6.130697e+00
         vertex 0.000000e+00 7.851426e+00 1.420407e-01
      endloop
   endfacet
   facet normal -1.000000e+00 0.000000e+00 0.000000e+00
      outer loop
         vertex 0.000000e+00 7.851426e+00 1.420407e-01
         vertex 0.000000e+00 8.434882e+00 6.130697e+00
         vertex 0.000000e+00 8.500000e+00 6.125000e+00
      endloop
   endfacet
   facet normal -1.000000e+00 0.000000e+00 0.000000e+00
      outer loop
         vertex 0.000000e+00 7.851426e+00 1.420407e-01
         vertex 0.000000e+00 8.500000e+00 6.125000e+00
         vertex 0.000000e+00 8.508611e+00 3.181328e-01
      endloop
   endfacet
   facet normal -1.000000e+00 0.000000e+00 0.000000e+00
      outer loop
         vertex 0.000000e+00 8.508611e+00 3.181328e-01
         vertex 0.000000e+00 8.500000e+00 6.125000e+00
         vertex 0.000000e+00 9.143788e+00 5.619545e-01
      endloop
   endfacet
   facet normal -1.000000e+00 0.000000e+00 0.000000e+00
      outer loop
         vertex 0.000000e+00 9.143788e+00 5.619545e-01
         vertex 0.000000e+00 8.500000e+00 6.125000e+00
         vertex 0.000000e+00 8.565118e+00 6.130697e+00
      endloop
   endfacet
   facet normal -1.000000e+00 0.000000e+00 0.000000e+00
      outer loop
         vertex 0.000000e+00 9.143788e+00 5.619545e-01
         vertex 0.000000e+00 8.565118e+00 6.130697e+00
         vertex 0.000000e+00 9.252338e+00 6.114831e-01
      endloop
   endfacet
   facet normal -1.000000e+00 0.000000e+00 0.000000e+00
      outer loop
         vertex 0.000000e+00 9.252338e+00 6.114831e-01
         vertex 0.000000e+00 8.565118e+00 6.130697e+00
         vertex 0.000000e+00 8.628258e+00 6.147615e+00
      endloop
   endfacet
   facet normal -1.000000e+00 0.000000e+00 0.000000e+00
      outer loop
         vertex 0.000000e+00 9.252338e+00 6.114831e-01
         vertex 0.000000e+00 8.628258e+00 6.147615e+00
         vertex 0.000000e+00 8.687500e+00 6.175241e+00
      endloop
   endfacet
   facet normal -1.000000e+00 0.000000e+00 0.000000e+00
      outer loop
         vertex 0.000000e+00 8.687500e+00 6.175241e+00
         vertex 0.000000e+00 8.741046e+00 6.212733e+00
         vertex 0.000000e+00 9.252338e+00 6.114831e-01
      endloop
   endfacet
   facet normal -1.000000e+00 0.000000e+00 0.000000e+00
      outer loop
         vertex 0.000000e+00 9.252338e+00 6.114831e-01
         vertex 0.000000e+00 8.741046e+00 6.212733e+00
         vertex 0.000000e+00 8.787267e+00 6.258955e+00
      endloop
   endfacet
   facet normal -1.000000e+00 0.000000e+00 0.000000e+00
      outer loop
         vertex 0.000000e+00 9.252338e+00 6.114831e-01
         vertex 0.000000e+00 8.787267e+00 6.258955e+00
         vertex 0.000000e+00 8.824760e+00 6.312500e+00
      endloop
   endfacet
   facet normal -1.000000e+00 -0.000000e+00 0.000000e+00
      outer loop
         vertex 0.000000e+00 9.675241e+00 6.687500e+00
         vertex 0.000000e+00 9.647615e+00 6.628258e+00
         vertex 0.000000e+00 9.250000e+00 9.937500e+00
      endloop
   endfacet
   facet normal -1.000000e+00 0.000000e+00 0.000000e+00
      outer loop
         vertex 0.000000e+00 9.250000e+00 9.937500e+00
         vertex 0.000000e+00 1.075000e+01 9.937500e+00
         vertex 0.000000e+00 1.000000e+01 6.875000e+00
      endloop
   endfacet
   facet normal -1.000000e+00 0.000000e+00 0.000000e+00
      outer loop
         vertex 0.000000e+00 9.252338e+00 6.114831e-01
         vertex 0.000000e+00 9.647615e+00 6.371743e+00
         vertex 0.000000e+00 9.675241e+00 6.312500e+00
      endloop
   endfacet
   facet normal -1.000000e+00 -0.000000e+00 0.000000e+00
      outer loop
         vertex 0.000000e+00 1.000000e+01 6.875000e+00
         vertex 0.000000e+00 9.934882e+00 6.869303e+00
         vertex 0.000000e+00 9.250000e+00 9.937500e+00
      endloop
   endfacet
   facet normal -1.000000e+00 0.000000e+00 0.000000e+00
      outer loop
         vertex 0.000000e+00 9.250000e+00 9.937500e+00
         vertex 0.000000e+00 9.934882e+00 6.869303e+00
         vertex 0.000000e+00 9.871743e+00 6.852385e+00
      endloop
   endfacet
   facet normal -1.000000e+00 0.000000e+00 0.000000e+00
      outer loop
         vertex 0.000000e+00 9.250000e+00 9.937500e+00
         vertex 0.000000e+00 9.871743e+00 6.852385e+00
         vertex 0.000000e+00 9.812500e+00 6.824760e+00
      endloop
   endfacet
   facet normal -1.000000e+00 0.000000e+00 -0.000000e+00
      outer loop
         vertex 0.000000e+00 1.037500e+01 6.500000e+00
         vertex 0.000000e+00 1.075000e+01 9.937500e+00
         vertex 0.000000e+00 1.036930e+01 6.434882e+00
      endloop
   endfacet
   facet normal -1.000000e+00 0.000000e+00 0.000000e+00
      outer loop
         vertex 0.000000e+00 1.036930e+01 6.434882e+00
         vertex 0.000000e+00 1.075000e+01 9.937500e+00
         vertex 0.000000e+00 1.075342e+01 1.584881e+00
      endloop
   endfacet
   facet normal -1.000000e+00 0.000000e+00 0.000000e+00
      outer loop
         vertex 0.000000e+00 1.037500e+01 6.500000e+00
         vertex 0.000000e+00 1.036930e+01 6.565118e+00
         vertex 0.000000e+00 1.075000e+01 9.937500e+00
      endloop
   endfacet
   facet normal -1.000000e+00 0.000000e+00 0.000000e+00
      outer loop
         vertex 0.000000e+00 1.075000e+01 9.937500e+00
         vertex 0.000000e+00 1.036930e+01 6.565118e+00
         vertex 0.000000e+00 1.035238e+01 6.628258e+00
      endloop
   endfacet
   facet normal -1.000000e+00 0.000000e+00 0.000000e+00
      outer loop
         vertex 0.000000e+00 1.075000e+01 9.937500e+00
         vertex 0.000000e+00 1.035238e+01 6.628258e+00
         vertex 0.000000e+00 1.032476e+01 6.687500e+00
      endloop
   endfacet
   facet normal -1.000000e+00 -0.000000e+00 0.000000e+00
      outer loop
         vertex 0.000000e+00 9.812500e+00 6.824760e+00
         vertex 0.000000e+00 9.758955e+00 6.787267e+00
         vertex 0.000000e+00 9.250000e+00 9.937500e+00
      endloop
   endfacet
   facet normal -1.000000e+00 0.000000e+00 0.000000e+00
      outer loop
         vertex 0.000000e+00 9.250000e+00 9.937500e+00
         vertex 0.000000e+00 9.758955e+00 6.787267e+00
         vertex 0.000000e+00 9.712734e+00 6.741045e+00
      endloop
   endfacet
   facet normal -1.000000e+00 0.000000e+00 0.000000e+00
      outer loop
         vertex 0.000000e+00 9.250000e+00 9.937500e+00
         vertex 0.000000e+00 9.712734e+00 6.741045e+00
         vertex 0.000000e+00 9.675241e+00 6.687500e+00
      endloop
   endfacet
   facet normal -1.000000e+00 -0.000000e+00 0.000000e+00
      outer loop
         vertex 0.000000e+00 9.647615e+00 6.628258e+00
         vertex 0.000000e+00 9.630697e+00 6.565118e+00
         vertex 0.000000e+00 9.250000e+00 9.937500e+00
      endloop
   endfacet
   facet normal -1.000000e+00 0.000000e+00 0.000000e+00
      outer loop
         vertex 0.000000e+00 9.250000e+00 9.937500e+00
         vertex 0.000000e+00 9.630697e+00 6.565118e+00
         vertex 0.000000e+00 9.625000e+00 6.500000e+00
      endloop
   endfacet
   facet normal -1.000000e+00 0.000000e+00 0.000000e+00
      outer loop
         vertex 0.000000e+00 9.250000e+00 9.937500e+00
         vertex 0.000000e+00 9.625000e+00 6.500000e+00
         vertex 0.000000e+00 9.252338e+00 6.114831e-01
      endloop
   endfacet
   facet normal -1.000000e+00 0.000000e+00 0.000000e+00
      outer loop
         vertex 0.000000e+00 9.252338e+00 6.114831e-01
         vertex 0.000000e+00 9.625000e+00 6.500000e+00
         vertex 0.000000e+00 9.630697e+00 6.434882e+00
      endloop
   endfacet
   facet normal -1.000000e+00 0.000000e+00 0.000000e+00
      outer loop
         vertex 0.000000e+00 9.252338e+00 6.114831e-01
         vertex 0.000000e+00 9.630697e+00 6.434882e+00
         vertex 0.000000e+00 9.647615e+00 6.371743e+00
      endloop
   endfacet
   facet normal -1.000000e+00 0.000000e+00 0.000000e+00
      outer loop
         vertex 0.000000e+00 1.032476e+01 6.687500e+00
         vertex 0.000000e+00 1.028727e+01 6.741045e+00
         vertex 0.000000e+00 1.075000e+01 9.937500e+00
      endloop
   endfacet
   facet normal -1.000000e+00 0.000000e+00 0.000000e+00
      outer loop
         vertex 0.000000e+00 1.075000e+01 9.937500e+00
         vertex 0.000000e+00 1.028727e+01 6.741045e+00
         vertex 0.000000e+00 1.024105e+01 6.787267e+00
      endloop
   endfacet
   facet normal -1.000000e+00 0.000000e+00 0.000000e+00
      outer loop
         vertex 0.000000e+00 1.075000e+01 9.937500e+00
         vertex 0.000000e+00 1.024105e+01 6.787267e+00
         vertex 0.000000e+00 1.018750e+01 6.824760e+00
      endloop
   endfacet
   facet normal -1.000000e+00 0.000000e+00 0.000000e+00
      outer loop
         vertex 0.000000e+00 1.018750e+01 6.175241e+00
         vertex 0.000000e+00 1.024105e+01 6.212733e+00
         vertex 0.000000e+00 1.075342e+01 1.584881e+00
      endloop
   endfacet
   facet normal -1.000000e+00 0.000000e+00 0.000000e+00
      outer loop
         vertex 0.000000e+00 1.075342e+01 1.584881e+00
         vertex 0.000000e+00 1.024105e+01 6.212733e+00
         vertex 0.000000e+00 1.028727e+01 6.258955e+00
      endloop
   endfacet
   facet normal -1.000000e+00 0.000000e+00 -0.000000e+00
      outer loop
         vertex 0.000000e+00 9.675241e+00 6.312500e+00
         vertex 0.000000e+00 9.712734e+00 6.258955e+00
         vertex 0.000000e+00 9.252338e+00 6.114831e-01
      endloop
   endfacet
   facet normal -1.000000e+00 0.000000e+00 0.000000e+00
      outer loop
         vertex 0.000000e+00 9.252338e+00 6.114831e-01
         vertex 0.000000e+00 9.712734e+00 6.258955e+00
         vertex 0.000000e+00 9.758955e+00 6.212733e+00
      endloop
   endfacet
   facet normal -1.000000e+00 0.000000e+00 0.000000e+00
      outer loop
         vertex 0.000000e+00 9.252338e+00 6.114831e-01
         vertex 0.000000e+00 9.758955e+00 6.212733e+00
         vertex 0.000000e+00 9.812500e+00 6.175241e+00
      endloop
   endfacet
   facet normal -1.000000e+00 0.000000e+00 0.000000e+00
      outer loop
         vertex 0.000000e+00 1.028727e+01 6.258955e+00
         vertex 0.000000e+00 1.032476e+01 6.312500e+00
         vertex 0.000000e+00 1.075342e+01 1.584881e+00
      endloop
   endfacet
   facet normal -1.000000e+00 0.000000e+00 0.000000e+00
      outer loop
         vertex 0.000000e+00 1.075342e+01 1.584881e+00
         vertex 0.000000e+00 1.032476e+01 6.312500e+00
         vertex 0.000000e+00 1.035238e+01 6.371743e+00
      endloop
   endfacet
   facet normal -1.000000e+00 0.000000e+00 0.000000e+00
      outer loop
         vertex 0.000000e+00 1.075342e+01 1.584881e+00
         vertex 0.000000e+00 1.035238e+01 6.371743e+00
         vertex 0.000000e+00 1.036930e+01 6.434882e+00
      endloop
   endfacet
   facet normal -1.000000e+00 0.000000e+00 0.000000e+00
      outer loop
         vertex 0.000000e+00 1.018750e+01 6.824760e+00
         vertex 0.000000e+00 1.012826e+01 6.852385e+00
         vertex 0.000000e+00 1.075000e+01 9.937500e+00
      endloop
   endfacet
   facet normal -1.000000e+00 0.000000e+00 0.000000e+00
      outer loop
         vertex 0.000000e+00 1.075000e+01 9.937500e+00
         vertex 0.000000e+00 1.012826e+01 6.852385e+00
         vertex 0.000000e+00 1.006512e+01 6.869303e+00
      endloop
   endfacet
   facet normal -1.000000e+00 0.000000e+00 0.000000e+00
      outer loop
         vertex 0.000000e+00 1.075000e+01 9.937500e+00
         vertex 0.000000e+00 1.006512e+01 6.869303e+00
         vertex 0.000000e+00 1.000000e+01 6.875000e+00
      endloop
   endfacet
   facet normal -1.000000e+00 0.000000e+00 -0.000000e+00
      outer loop
         vertex 0.000000e+00 9.812500e+00 6.175241e+00
         vertex 0.000000e+00 9.871743e+00 6.147615e+00
         vertex 0.000000e+00 9.252338e+00 6.114831e-01
      endloop
   endfacet
   facet normal -1.000000e+00 0.000000e+00 0.000000e+00
      outer loop
         vertex 0.000000e+00 9.252338e+00 6.114831e-01
         vertex 0.000000e+00 9.871743e+00 6.147615e+00
         vertex 0.000000e+00 9.934882e+00 6.130697e+00
      endloop
   endfacet
   facet normal -1.000000e+00 0.000000e+00 0.000000e+00
      outer loop
         vertex 0.000000e+00 9.252338e+00 6.114831e-01
         vertex 0.000000e+00 9.934882e+00 6.130697e+00
         vertex 0.000000e+00 9.750000e+00 8.708350e-01
      endloop
   endfacet
   facet normal -1.000000e+00 0.000000e+00 0.000000e+00
      outer loop
         vertex 0.000000e+00 9.750000e+00 8.708350e-01
         vertex 0.000000e+00 9.934882e+00 6.130697e+00
         vertex 0.000000e+00 1.000000e+01 6.125000e+00
      endloop
   endfacet
   facet normal -1.000000e+00 0.000000e+00 0.000000e+00
      outer loop
         vertex 0.000000e+00 9.750000e+00 8.708350e-01
         vertex 0.000000e+00 1.000000e+01 6.125000e+00
         vertex 0.000000e+00 1.032060e+01 1.241390e+00
      endloop
   endfacet
   facet normal -1.000000e+00 0.000000e+00 0.000000e+00
      outer loop
         vertex 0.000000e+00 1.032060e+01 1.241390e+00
         vertex 0.000000e+00 1.000000e+01 6.125000e+00
         vertex 0.000000e+00 1.006512e+01 6.130697e+00
      endloop
   endfacet
   facet normal -1.000000e+00 0.000000e+00 0.000000e+00
      outer loop
         vertex 0.000000e+00 1.032060e+01 1.241390e+00
         vertex 0.000000e+00 1.006512e+01 6.130697e+00
         vertex 0.000000e+00 1.075342e+01 1.584881e+00
      endloop
   endfacet
   facet normal -1.000000e+00 0.000000e+00 0.000000e+00
      outer loop
         vertex 0.000000e+00 1.075342e+01 1.584881e+00
         vertex 0.000000e+00 1.006512e+01 6.130697e+00
         vertex 0.000000e+00 1.012826e+01 6.147615e+00
      endloop
   endfacet
   facet normal -1.000000e+00 0.000000e+00 0.000000e+00
      outer loop
         vertex 0.000000e+00 1.075342e+01 1.584881e+00
         vertex 0.000000e+00 1.012826e+01 6.147615e+00
         vertex 0.000000e+00 1.018750e+01 6.175241e+00
      endloop
   endfacet
   facet normal -1.000000e+00 0.000000e+00 -0.000000e+00
      outer loop
         vertex 0.000000e+00 1.114762e+01 6.371743e+00
         vertex 0.000000e+00 1.117524e+01 6.312500e+00
         vertex 0.000000e+00 1.075342e+01 1.584881e+00
      endloop
   endfacet
   facet normal -1.000000e+00 0.000000e+00 0.000000e+00
      outer loop
         vertex 0.000000e+00 1.185239e+01 6.628258e+00
         vertex 0.000000e+00 1.182476e+01 6.687500e+00
         vertex 0.000000e+00 1.296439e+01 7.179435e+00
      endloop
   endfacet
   facet normal -1.000000e+00 -0.000000e+00 0.000000e+00
      outer loop
         vertex 0.000000e+00 1.150000e+01 6.875000e+00
         vertex 0.000000e+00 1.143488e+01 6.869303e+00
         vertex 0.000000e+00 1.075000e+01 9.937500e+00
      endloop
   endfacet
   facet normal -1.000000e+00 0.000000e+00 -0.000000e+00
      outer loop
         vertex 0.000000e+00 1.117524e+01 6.312500e+00
         vertex 0.000000e+00 1.121273e+01 6.258955e+00
         vertex 0.000000e+00 1.075342e+01 1.584881e+00
      endloop
   endfacet
   facet normal -1.000000e+00 0.000000e+00 0.000000e+00
      outer loop
         vertex 0.000000e+00 1.075342e+01 1.584881e+00
         vertex 0.000000e+00 1.121273e+01 6.258955e+00
         vertex 0.000000e+00 1.125895e+01 6.212733e+00
      endloop
   endfacet
   facet normal -1.000000e+00 0.000000e+00 0.000000e+00
      outer loop
         vertex 0.000000e+00 1.075342e+01 1.584881e+00
         vertex 0.000000e+00 1.125895e+01 6.212733e+00
         vertex 0.000000e+00 1.131250e+01 6.175241e+00
      endloop
   endfacet
   facet normal -1.000000e+00 0.000000e+00 0.000000e+00
      outer loop
         vertex 0.000000e+00 1.296439e+01 5.820565e+00
         vertex 0.000000e+00 1.182476e+01 6.312500e+00
         vertex 0.000000e+00 1.185239e+01 6.371743e+00
      endloop
   endfacet
   facet normal -1.000000e+00 -0.000000e+00 0.000000e+00
      outer loop
         vertex 0.000000e+00 1.296439e+01 7.179435e+00
         vertex 0.000000e+00 1.182476e+01 6.687500e+00
         vertex 0.000000e+00 1.285796e+01 7.851426e+00
      endloop
   endfacet
   facet normal -1.000000e+00 -0.000000e+00 0.000000e+00
      outer loop
         vertex 0.000000e+00 1.143488e+01 6.869303e+00
         vertex 0.000000e+00 1.137174e+01 6.852385e+00
         vertex 0.000000e+00 1.075000e+01 9.937500e+00
      endloop
   endfacet
   facet normal -1.000000e+00 0.000000e+00 0.000000e+00
      outer loop
         vertex 0.000000e+00 1.075000e+01 9.937500e+00
         vertex 0.000000e+00 1.137174e+01 6.852385e+00
         vertex 0.000000e+00 1.131250e+01 6.824760e+00
      endloop
   endfacet
   facet normal -1.000000e+00 0.000000e+00 0.000000e+00
      outer loop
         vertex 0.000000e+00 1.075000e+01 9.937500e+00
         vertex 0.000000e+00 1.131250e+01 6.824760e+00
         vertex 0.000000e+00 1.125895e+01 6.787267e+00
      endloop
   endfacet
   facet normal -1.000000e+00 -0.000000e+00 0.000000e+00
      outer loop
         vertex 0.000000e+00 1.114762e+01 6.628258e+00
         vertex 0.000000e+00 1.113070e+01 6.565118e+00
         vertex 0.000000e+00 1.075000e+01 9.937500e+00
      endloop
   endfacet
   facet normal -1.000000e+00 0.000000e+00 0.000000e+00
      outer loop
         vertex 0.000000e+00 1.075000e+01 9.937500e+00
         vertex 0.000000e+00 1.113070e+01 6.565118e+00
         vertex 0.000000e+00 1.112500e+01 6.500000e+00
      endloop
   endfacet
   facet normal -1.000000e+00 0.000000e+00 0.000000e+00
      outer loop
         vertex 0.000000e+00 1.075000e+01 9.937500e+00
         vertex 0.000000e+00 1.112500e+01 6.500000e+00
         vertex 0.000000e+00 1.075342e+01 1.584881e+00
      endloop
   endfacet
   facet normal -1.000000e+00 0.000000e+00 0.000000e+00
      outer loop
         vertex 0.000000e+00 1.075342e+01 1.584881e+00
         vertex 0.000000e+00 1.112500e+01 6.500000e+00
         vertex 0.000000e+00 1.113070e+01 6.434882e+00
      endloop
   endfacet
   facet normal -1.000000e+00 0.000000e+00 0.000000e+00
      outer loop
         vertex 0.000000e+00 1.075342e+01 1.584881e+00
         vertex 0.000000e+00 1.113070e+01 6.434882e+00
         vertex 0.000000e+00 1.114762e+01 6.371743e+00
      endloop
   endfacet
   facet normal -1.000000e+00 0.000000e+00 0.000000e+00
      outer loop
         vertex 0.000000e+00 1.185239e+01 6.628258e+00
         vertex 0.000000e+00 1.296439e+01 7.179435e+00
         vertex 0.000000e+00 1.186930e+01 6.565118e+00
      endloop
   endfacet
   facet normal -1.000000e+00 0.000000e+00 0.000000e+00
      outer loop
         vertex 0.000000e+00 1.186930e+01 6.565118e+00
         vertex 0.000000e+00 1.296439e+01 7.179435e+00
         vertex 0.000000e+00 1.300000e+01 6.500000e+00
      endloop
   endfacet
   facet normal -1.000000e+00 0.000000e+00 0.000000e+00
      outer loop
         vertex 0.000000e+00 1.186930e+01 6.565118e+00
         vertex 0.000000e+00 1.300000e+01 6.500000e+00
         vertex 0.000000e+00 1.187500e+01 6.500000e+00
      endloop
   endfacet
   facet normal -1.000000e+00 -0.000000e+00 0.000000e+00
      outer loop
         vertex 0.000000e+00 1.125895e+01 6.787267e+00
         vertex 0.000000e+00 1.121273e+01 6.741045e+00
         vertex 0.000000e+00 1.075000e+01 9.937500e+00
      endloop
   endfacet
   facet normal -1.000000e+00 0.000000e+00 0.000000e+00
      outer loop
         vertex 0.000000e+00 1.075000e+01 9.937500e+00
         vertex 0.000000e+00 1.121273e+01 6.741045e+00
         vertex 0.000000e+00 1.117524e+01 6.687500e+00
      endloop
   endfacet
   facet normal -1.000000e+00 0.000000e+00 0.000000e+00
      outer loop
         vertex 0.000000e+00 1.075000e+01 9.937500e+00
         vertex 0.000000e+00 1.117524e+01 6.687500e+00
         vertex 0.000000e+00 1.114762e+01 6.628258e+00
      endloop
   endfacet
   facet normal -1.000000e+00 0.000000e+00 0.000000e+00
      outer loop
         vertex 0.000000e+00 1.296439e+01 5.820565e+00
         vertex 0.000000e+00 1.185239e+01 6.371743e+00
         vertex 0.000000e+00 1.300000e+01 6.500000e+00
      endloop
   endfacet
   facet normal -1.000000e+00 0.000000e+00 0.000000e+00
      outer loop
         vertex 0.000000e+00 1.300000e+01 6.500000e+00
         vertex 0.000000e+00 1.185239e+01 6.371743e+00
         vertex 0.000000e+00 1.186930e+01 6.434882e+00
      endloop
   endfacet
   facet normal -1.000000e+00 0.000000e+00 0.000000e+00
      outer loop
         vertex 0.000000e+00 1.300000e+01 6.500000e+00
         vertex 0.000000e+00 1.186930e+01 6.434882e+00
         vertex 0.000000e+00 1.187500e+01 6.500000e+00
      endloop
   endfacet
   facet normal -1.000000e+00 0.000000e+00 0.000000e+00
      outer loop
         vertex 0.000000e+00 1.182476e+01 6.687500e+00
         vertex 0.000000e+00 1.178727e+01 6.741045e+00
         vertex 0.000000e+00 1.285796e+01 7.851426e+00
      endloop
   endfacet
   facet normal -1.000000e+00 0.000000e+00 0.000000e+00
      outer loop
         vertex 0.000000e+00 1.285796e+01 7.851426e+00
         vertex 0.000000e+00 1.178727e+01 6.741045e+00
         vertex 0.000000e+00 1.174105e+01 6.787267e+00
      endloop
   endfacet
   facet normal -1.000000e+00 -0.000000e+00 0.000000e+00
      outer loop
         vertex 0.000000e+00 1.285796e+01 7.851426e+00
         vertex 0.000000e+00 1.174105e+01 6.787267e+00
         vertex 0.000000e+00 1.268187e+01 8.508611e+00
      endloop
   endfacet
   facet normal -1.000000e+00 0.000000e+00 0.000000e+00
      outer loop
         vertex 0.000000e+00 1.268187e+01 8.508611e+00
         vertex 0.000000e+00 1.174105e+01 6.787267e+00
         vertex 0.000000e+00 1.168750e+01 6.824760e+00
      endloop
   endfacet
   facet normal -1.000000e+00 -0.000000e+00 0.000000e+00
      outer loop
         vertex 0.000000e+00 1.268187e+01 8.508611e+00
         vertex 0.000000e+00 1.168750e+01 6.824760e+00
         vertex 0.000000e+00 1.243805e+01 9.143788e+00
      endloop
   endfacet
   facet normal -1.000000e+00 0.000000e+00 0.000000e+00
      outer loop
         vertex 0.000000e+00 1.243805e+01 9.143788e+00
         vertex 0.000000e+00 1.168750e+01 6.824760e+00
         vertex 0.000000e+00 1.162826e+01 6.852385e+00
      endloop
   endfacet
   facet normal -1.000000e+00 -0.000000e+00 0.000000e+00
      outer loop
         vertex 0.000000e+00 1.243805e+01 9.143788e+00
         vertex 0.000000e+00 1.162826e+01 6.852385e+00
         vertex 0.000000e+00 1.212917e+01 9.750000e+00
      endloop
   endfacet
   facet normal -1.000000e+00 0.000000e+00 0.000000e+00
      outer loop
         vertex 0.000000e+00 1.212917e+01 9.750000e+00
         vertex 0.000000e+00 1.162826e+01 6.852385e+00
         vertex 0.000000e+00 1.156512e+01 6.869303e+00
      endloop
   endfacet
   facet normal -1.000000e+00 -0.000000e+00 0.000000e+00
      outer loop
         vertex 0.000000e+00 1.212917e+01 9.750000e+00
         vertex 0.000000e+00 1.156512e+01 6.869303e+00
         vertex 0.000000e+00 1.175861e+01 1.032060e+01
      endloop
   endfacet
   facet normal -1.000000e+00 0.000000e+00 -0.000000e+00
      outer loop
         vertex 0.000000e+00 1.143488e+01 6.130697e+00
         vertex 0.000000e+00 1.150000e+01 6.125000e+00
         vertex 0.000000e+00 1.133044e+01 2.150651e+00
      endloop
   endfacet
   facet normal -1.000000e+00 0.000000e+00 -0.000000e+00
      outer loop
         vertex 0.000000e+00 1.182476e+01 6.312500e+00
         vertex 0.000000e+00 1.296439e+01 5.820565e+00
         vertex 0.000000e+00 1.178727e+01 6.258955e+00
      endloop
   endfacet
   facet normal -1.000000e+00 0.000000e+00 0.000000e+00
      outer loop
         vertex 0.000000e+00 1.178727e+01 6.258955e+00
         vertex 0.000000e+00 1.296439e+01 5.820565e+00
         vertex 0.000000e+00 1.285796e+01 5.148574e+00
      endloop
   endfacet
   facet normal -1.000000e+00 0.000000e+00 -0.000000e+00
      outer loop
         vertex 0.000000e+00 1.178727e+01 6.258955e+00
         vertex 0.000000e+00 1.285796e+01 5.148574e+00
         vertex 0.000000e+00 1.174105e+01 6.212733e+00
      endloop
   endfacet
   facet normal -1.000000e+00 0.000000e+00 -0.000000e+00
      outer loop
         vertex 0.000000e+00 1.131250e+01 6.175241e+00
         vertex 0.000000e+00 1.137174e+01 6.147615e+00
         vertex 0.000000e+00 1.075342e+01 1.584881e+00
      endloop
   endfacet
   facet normal -1.000000e+00 0.000000e+00 0.000000e+00
      outer loop
         vertex 0.000000e+00 1.075342e+01 1.584881e+00
         vertex 0.000000e+00 1.137174e+01 6.147615e+00
         vertex 0.000000e+00 1.143488e+01 6.130697e+00
      endloop
   endfacet
   facet normal -1.000000e+00 0.000000e+00 0.000000e+00
      outer loop
         vertex 0.000000e+00 1.075342e+01 1.584881e+00
         vertex 0.000000e+00 1.143488e+01 6.130697e+00
         vertex 0.000000e+00 1.084935e+01 1.669559e+00
      endloop
   endfacet
   facet normal -1.000000e+00 0.000000e+00 0.000000e+00
      outer loop
         vertex 0.000000e+00 1.084935e+01 1.669559e+00
         vertex 0.000000e+00 1.143488e+01 6.130697e+00
         vertex 0.000000e+00 1.133044e+01 2.150651e+00
      endloop
   endfacet
   facet normal -1.000000e+00 0.000000e+00 -0.000000e+00
      outer loop
         vertex 0.000000e+00 1.174105e+01 6.212733e+00
         vertex 0.000000e+00 1.285796e+01 5.148574e+00
         vertex 0.000000e+00 1.168750e+01 6.175241e+00
      endloop
   endfacet
   facet normal -1.000000e+00 0.000000e+00 0.000000e+00
      outer loop
         vertex 0.000000e+00 1.168750e+01 6.175241e+00
         vertex 0.000000e+00 1.285796e+01 5.148574e+00
         vertex 0.000000e+00 1.268187e+01 4.491390e+00
      endloop
   endfacet
   facet normal -1.000000e+00 0.000000e+00 -0.000000e+00
      outer loop
         vertex 0.000000e+00 1.168750e+01 6.175241e+00
         vertex 0.000000e+00 1.268187e+01 4.491390e+00
         vertex 0.000000e+00 1.162826e+01 6.147615e+00
      endloop
   endfacet
   facet normal -1.000000e+00 0.000000e+00 0.000000e+00
      outer loop
         vertex 0.000000e+00 1.162826e+01 6.147615e+00
         vertex 0.000000e+00 1.268187e+01 4.491390e+00
         vertex 0.000000e+00 1.243805e+01 3.856212e+00
      endloop
   endfacet
   facet normal -1.000000e+00 0.000000e+00 -0.000000e+00
      outer loop
         vertex 0.000000e+00 1.162826e+01 6.147615e+00
         vertex 0.000000e+00 1.243805e+01 3.856212e+00
         vertex 0.000000e+00 1.156512e+01 6.130697e+00
      endloop
   endfacet
   facet normal -1.000000e+00 0.000000e+00 0.000000e+00
      outer loop
         vertex 0.000000e+00 1.156512e+01 6.130697e+00
         vertex 0.000000e+00 1.243805e+01 3.856212e+00
         vertex 0.000000e+00 1.212917e+01 3.250000e+00
      endloop
   endfacet
   facet normal -1.000000e+00 0.000000e+00 -0.000000e+00
      outer loop
         vertex 0.000000e+00 1.156512e+01 6.130697e+00
         vertex 0.000000e+00 1.212917e+01 3.250000e+00
         vertex 0.000000e+00 1.150000e+01 6.125000e+00
      endloop
   endfacet
   facet normal -1.000000e+00 0.000000e+00 0.000000e+00
      outer loop
         vertex 0.000000e+00 1.150000e+01 6.125000e+00
         vertex 0.000000e+00 1.212917e+01 3.250000e+00
         vertex 0.000000e+00 1.175861e+01 2.679396e+00
      endloop
   endfacet
   facet normal -1.000000e+00 0.000000e+00 -0.000000e+00
      outer loop
         vertex 0.000000e+00 1.150000e+01 6.125000e+00
         vertex 0.000000e+00 1.175861e+01 2.679396e+00
         vertex 0.000000e+00 1.133044e+01 2.150651e+00
      endloop
   endfacet
   facet normal -1.000000e+00 0.000000e+00 0.000000e+00
      outer loop
         vertex 0.000000e+00 1.156512e+01 6.869303e+00
         vertex 0.000000e+00 1.150000e+01 6.875000e+00
         vertex 0.000000e+00 1.175861e+01 1.032060e+01
      endloop
   endfacet
   facet normal -1.000000e+00 0.000000e+00 0.000000e+00
      outer loop
         vertex 0.000000e+00 1.175861e+01 1.032060e+01
         vertex 0.000000e+00 1.150000e+01 6.875000e+00
         vertex 0.000000e+00 1.075000e+01 9.937500e+00
      endloop
   endfacet
   facet normal -1.000000e+00 -0.000000e+00 0.000000e+00
      outer loop
         vertex 0.000000e+00 1.175861e+01 1.032060e+01
         vertex 0.000000e+00 1.075000e+01 9.937500e+00
         vertex 0.000000e+00 1.133044e+01 1.084935e+01
      endloop
   endfacet
   facet normal -1.000000e+00 -0.000000e+00 0.000000e+00
      outer loop
         vertex 0.000000e+00 1.133044e+01 1.084935e+01
         vertex 0.000000e+00 1.075000e+01 9.937500e+00
         vertex 0.000000e+00 1.084935e+01 1.133044e+01
      endloop
   endfacet
   facet normal -1.000000e+00 -0.000000e+00 0.000000e+00
      outer loop
         vertex 0.000000e+00 1.084935e+01 1.133044e+01
         vertex 0.000000e+00 1.075000e+01 9.937500e+00
         vertex 0.000000e+00 1.032060e+01 1.175861e+01
      endloop
   endfacet
   facet normal -1.000000e+00 0.000000e+00 -0.000000e+00
      outer loop
         vertex 0.000000e+00 1.032060e+01 1.175861e+01
         vertex 0.000000e+00 1.075000e+01 9.937500e+00
         vertex 0.000000e+00 9.250000e+00 9.937500e+00
      endloop
   endfacet
   facet normal -1.000000e+00 -0.000000e+00 0.000000e+00
      outer loop
         vertex 0.000000e+00 1.032060e+01 1.175861e+01
         vertex 0.000000e+00 9.250000e+00 9.937500e+00
         vertex 0.000000e+00 9.750000e+00 1.212917e+01
      endloop
   endfacet
   facet normal -1.000000e+00 0.000000e+00 0.000000e+00
      outer loop
         vertex 0.000000e+00 5.820565e+00 1.296439e+01
         vertex 0.000000e+00 6.500000e+00 1.300000e+01
         vertex 0.000000e+00 6.500000e+00 9.937500e+00
      endloop
   endfacet
   facet normal -1.000000e+00 0.000000e+00 0.000000e+00
      outer loop
         vertex 0.000000e+00 6.500000e+00 9.937500e+00
         vertex 0.000000e+00 6.500000e+00 1.300000e+01
         vertex 0.000000e+00 7.179435e+00 1.296439e+01
      endloop
   endfacet
   facet normal -1.000000e+00 0.000000e+00 -0.000000e+00
      outer loop
         vertex 0.000000e+00 7.179435e+00 1.296439e+01
         vertex 0.000000e+00 7.851426e+00 1.285796e+01
         vertex 0.000000e+00 6.500000e+00 9.937500e+00
      endloop
   endfacet
   facet normal -1.000000e+00 0.000000e+00 0.000000e+00
      outer loop
         vertex 0.000000e+00 6.500000e+00 9.937500e+00
         vertex 0.000000e+00 7.851426e+00 1.285796e+01
         vertex 0.000000e+00 8.508611e+00 1.268187e+01
      endloop
   endfacet
   facet normal -1.000000e+00 0.000000e+00 0.000000e+00
      outer loop
         vertex 0.000000e+00 6.500000e+00 9.937500e+00
         vertex 0.000000e+00 8.508611e+00 1.268187e+01
         vertex 0.000000e+00 9.250000e+00 9.937500e+00
      endloop
   endfacet
   facet normal -1.000000e+00 0.000000e+00 0.000000e+00
      outer loop
         vertex 0.000000e+00 9.250000e+00 9.937500e+00
         vertex 0.000000e+00 8.508611e+00 1.268187e+01
         vertex 0.000000e+00 9.143788e+00 1.243805e+01
      endloop
   endfacet
   facet normal -1.000000e+00 0.000000e+00 0.000000e+00
      outer loop
         vertex 0.000000e+00 9.250000e+00 9.937500e+00
         vertex 0.000000e+00 9.143788e+00 1.243805e+01
         vertex 0.000000e+00 9.750000e+00 1.212917e+01
      endloop
   endfacet
   facet normal -1.000000e+00 0.000000e+00 0.000000e+00
      outer loop
         vertex 0.000000e+00 3.750000e+00 9.937500e+00
         vertex 0.000000e+00 4.491390e+00 1.268187e+01
         vertex 0.000000e+00 6.500000e+00 9.937500e+00
      endloop
   endfacet
   facet normal -1.000000e+00 0.000000e+00 0.000000e+00
      outer loop
         vertex 0.000000e+00 6.500000e+00 9.937500e+00
         vertex 0.000000e+00 4.491390e+00 1.268187e+01
         vertex 0.000000e+00 5.148574e+00 1.285796e+01
      endloop
   endfacet
   facet normal -1.000000e+00 0.000000e+00 0.000000e+00
      outer loop
         vertex 0.000000e+00 6.500000e+00 9.937500e+00
         vertex 0.000000e+00 5.148574e+00 1.285796e+01
         vertex 0.000000e+00 5.820565e+00 1.296439e+01
      endloop
   endfacet
   facet normal -1.000000e+00 0.000000e+00 0.000000e+00
      outer loop
         vertex 0.000000e+00 2.679396e+00 1.175861e+01
         vertex 0.000000e+00 3.250000e+00 1.212917e+01
         vertex 0.000000e+00 3.750000e+00 9.937500e+00
      endloop
   endfacet
   facet normal -1.000000e+00 0.000000e+00 0.000000e+00
      outer loop
         vertex 0.000000e+00 3.750000e+00 9.937500e+00
         vertex 0.000000e+00 3.250000e+00 1.212917e+01
         vertex 0.000000e+00 3.856212e+00 1.243805e+01
      endloop
   endfacet
   facet normal -1.000000e+00 0.000000e+00 0.000000e+00
      outer loop
         vertex 0.000000e+00 3.750000e+00 9.937500e+00
         vertex 0.000000e+00 3.856212e+00 1.243805e+01
         vertex 0.000000e+00 4.491390e+00 1.268187e+01
      endloop
   endfacet
   facet normal -1.000000e+00 0.000000e+00 -0.000000e+00
      outer loop
         vertex 0.000000e+00 2.150651e+00 1.133044e+01
         vertex 0.000000e+00 2.250000e+00 9.937500e+00
         vertex 0.000000e+00 1.669559e+00 1.084935e+01
      endloop
   endfacet
   facet normal -1.000000e+00 0.000000e+00 -0.000000e+00
      outer loop
         vertex 0.000000e+00 1.669559e+00 1.084935e+01
         vertex 0.000000e+00 2.250000e+00 9.937500e+00
         vertex 0.000000e+00 1.241390e+00 1.032060e+01
      endloop
   endfacet
   facet normal -1.000000e+00 0.000000e+00 0.000000e+00
      outer loop
         vertex 0.000000e+00 1.852385e+00 6.628258e+00
         vertex 0.000000e+00 1.824760e+00 6.687500e+00
         vertex 0.000000e+00 2.250000e+00 9.937500e+00
      endloop
   endfacet
   facet normal -1.000000e+00 0.000000e+00 -0.000000e+00
      outer loop
         vertex 0.000000e+00 1.125000e+00 6.500000e+00
         vertex 0.000000e+00 1.130697e+00 6.434882e+00
         vertex 0.000000e+00 5.624443e-01 3.855113e+00
      endloop
   endfacet
   facet normal -1.000000e+00 0.000000e+00 0.000000e+00
      outer loop
         vertex 0.000000e+00 5.624443e-01 3.855113e+00
         vertex 0.000000e+00 1.130697e+00 6.434882e+00
         vertex 0.000000e+00 1.147615e+00 6.371743e+00
      endloop
   endfacet
   facet normal -1.000000e+00 0.000000e+00 0.000000e+00
      outer loop
         vertex 0.000000e+00 1.852385e+00 6.628258e+00
         vertex 0.000000e+00 2.250000e+00 9.937500e+00
         vertex 0.000000e+00 1.869303e+00 6.565118e+00
      endloop
   endfacet
   facet normal -1.000000e+00 0.000000e+00 -0.000000e+00
      outer loop
         vertex 0.000000e+00 1.147615e+00 6.371743e+00
         vertex 0.000000e+00 1.175241e+00 6.312500e+00
         vertex 0.000000e+00 5.624443e-01 3.855113e+00
      endloop
   endfacet
   facet normal -1.000000e+00 0.000000e+00 0.000000e+00
      outer loop
         vertex 0.000000e+00 5.624443e-01 3.855113e+00
         vertex 0.000000e+00 1.175241e+00 6.312500e+00
         vertex 0.000000e+00 1.212733e+00 6.258955e+00
      endloop
   endfacet
   facet normal -1.000000e+00 0.000000e+00 0.000000e+00
      outer loop
         vertex 0.000000e+00 5.624443e-01 3.855113e+00
         vertex 0.000000e+00 1.212733e+00 6.258955e+00
         vertex 0.000000e+00 1.258955e+00 6.212733e+00
      endloop
   endfacet
   facet normal -1.000000e+00 0.000000e+00 0.000000e+00
      outer loop
         vertex 0.000000e+00 5.619545e-01 9.143788e+00
         vertex 0.000000e+00 1.312500e+00 6.824760e+00
         vertex 0.000000e+00 1.258955e+00 6.787267e+00
      endloop
   endfacet
   facet normal -1.000000e+00 0.000000e+00 0.000000e+00
      outer loop
         vertex 0.000000e+00 5.619545e-01 9.143788e+00
         vertex 0.000000e+00 1.147615e+00 6.628258e+00
         vertex 0.000000e+00 1.130697e+00 6.565118e+00
      endloop
   endfacet
   facet normal -1.000000e+00 0.000000e+00 0.000000e+00
      outer loop
         vertex 0.000000e+00 1.824760e+00 6.687500e+00
         vertex 0.000000e+00 1.787267e+00 6.741045e+00
         vertex 0.000000e+00 2.250000e+00 9.937500e+00
      endloop
   endfacet
   facet normal -1.000000e+00 0.000000e+00 0.000000e+00
      outer loop
         vertex 0.000000e+00 2.250000e+00 9.937500e+00
         vertex 0.000000e+00 1.787267e+00 6.741045e+00
         vertex 0.000000e+00 1.741046e+00 6.787267e+00
      endloop
   endfacet
   facet normal -1.000000e+00 0.000000e+00 0.000000e+00
      outer loop
         vertex 0.000000e+00 2.250000e+00 9.937500e+00
         vertex 0.000000e+00 1.741046e+00 6.787267e+00
         vertex 0.000000e+00 1.687500e+00 6.824760e+00
      endloop
   endfacet
   facet normal -1.000000e+00 0.000000e+00 0.000000e+00
      outer loop
         vertex 0.000000e+00 1.687500e+00 6.824760e+00
         vertex 0.000000e+00 1.628258e+00 6.852385e+00
         vertex 0.000000e+00 2.250000e+00 9.937500e+00
      endloop
   endfacet
   facet normal -1.000000e+00 0.000000e+00 0.000000e+00
      outer loop
         vertex 0.000000e+00 2.250000e+00 9.937500e+00
         vertex 0.000000e+00 1.628258e+00 6.852385e+00
         vertex 0.000000e+00 1.565118e+00 6.869303e+00
      endloop
   endfacet
   facet normal -1.000000e+00 -0.000000e+00 0.000000e+00
      outer loop
         vertex 0.000000e+00 2.250000e+00 9.937500e+00
         vertex 0.000000e+00 1.565118e+00 6.869303e+00
         vertex 0.000000e+00 1.241390e+00 1.032060e+01
      endloop
   endfacet
   facet normal -1.000000e+00 0.000000e+00 0.000000e+00
      outer loop
         vertex 0.000000e+00 1.241390e+00 1.032060e+01
         vertex 0.000000e+00 1.565118e+00 6.869303e+00
         vertex 0.000000e+00 1.500000e+00 6.875000e+00
      endloop
   endfacet
   facet normal -1.000000e+00 0.000000e+00 -0.000000e+00
      outer loop
         vertex 0.000000e+00 1.241390e+00 1.032060e+01
         vertex 0.000000e+00 1.500000e+00 6.875000e+00
         vertex 0.000000e+00 8.708350e-01 9.750000e+00
      endloop
   endfacet
   facet normal -1.000000e+00 0.000000e+00 0.000000e+00
      outer loop
         vertex 0.000000e+00 8.708350e-01 9.750000e+00
         vertex 0.000000e+00 1.500000e+00 6.875000e+00
         vertex 0.000000e+00 1.434882e+00 6.869303e+00
      endloop
   endfacet
   facet normal -1.000000e+00 0.000000e+00 -0.000000e+00
      outer loop
         vertex 0.000000e+00 8.708350e-01 9.750000e+00
         vertex 0.000000e+00 1.434882e+00 6.869303e+00
         vertex 0.000000e+00 5.619545e-01 9.143788e+00
      endloop
   endfacet
   facet normal -1.000000e+00 0.000000e+00 0.000000e+00
      outer loop
         vertex 0.000000e+00 5.619545e-01 9.143788e+00
         vertex 0.000000e+00 1.434882e+00 6.869303e+00
         vertex 0.000000e+00 1.371743e+00 6.852385e+00
      endloop
   endfacet
   facet normal -1.000000e+00 0.000000e+00 0.000000e+00
      outer loop
         vertex 0.000000e+00 5.619545e-01 9.143788e+00
         vertex 0.000000e+00 1.371743e+00 6.852385e+00
         vertex 0.000000e+00 1.312500e+00 6.824760e+00
      endloop
   endfacet
   facet normal -1.000000e+00 -0.000000e+00 0.000000e+00
      outer loop
         vertex 0.000000e+00 1.258955e+00 6.787267e+00
         vertex 0.000000e+00 1.212733e+00 6.741045e+00
         vertex 0.000000e+00 5.619545e-01 9.143788e+00
      endloop
   endfacet
   facet normal -1.000000e+00 0.000000e+00 0.000000e+00
      outer loop
         vertex 0.000000e+00 5.619545e-01 9.143788e+00
         vertex 0.000000e+00 1.212733e+00 6.741045e+00
         vertex 0.000000e+00 1.175241e+00 6.687500e+00
      endloop
   endfacet
   facet normal -1.000000e+00 0.000000e+00 0.000000e+00
      outer loop
         vertex 0.000000e+00 5.619545e-01 9.143788e+00
         vertex 0.000000e+00 1.175241e+00 6.687500e+00
         vertex 0.000000e+00 1.147615e+00 6.628258e+00
      endloop
   endfacet
   facet normal -1.000000e+00 0.000000e+00 0.000000e+00
      outer loop
         vertex 0.000000e+00 1.687500e+00 6.175241e+00
         vertex 0.000000e+00 1.741046e+00 6.212733e+00
         vertex 0.000000e+00 2.246577e+00 1.584881e+00
      endloop
   endfacet
   facet normal -1.000000e+00 0.000000e+00 0.000000e+00
      outer loop
         vertex 0.000000e+00 2.246577e+00 1.584881e+00
         vertex 0.000000e+00 1.741046e+00 6.212733e+00
         vertex 0.000000e+00 1.787267e+00 6.258955e+00
      endloop
   endfacet
   facet normal -1.000000e+00 0.000000e+00 0.000000e+00
      outer loop
         vertex 0.000000e+00 2.246577e+00 1.584881e+00
         vertex 0.000000e+00 1.787267e+00 6.258955e+00
         vertex 0.000000e+00 1.824760e+00 6.312500e+00
      endloop
   endfacet
   facet normal -1.000000e+00 0.000000e+00 0.000000e+00
      outer loop
         vertex 0.000000e+00 1.824760e+00 6.312500e+00
         vertex 0.000000e+00 1.852385e+00 6.371743e+00
         vertex 0.000000e+00 2.246577e+00 1.584881e+00
      endloop
   endfacet
   facet normal -1.000000e+00 0.000000e+00 0.000000e+00
      outer loop
         vertex 0.000000e+00 2.246577e+00 1.584881e+00
         vertex 0.000000e+00 1.852385e+00 6.371743e+00
         vertex 0.000000e+00 1.869303e+00 6.434882e+00
      endloop
   endfacet
   facet normal -1.000000e+00 0.000000e+00 0.000000e+00
      outer loop
         vertex 0.000000e+00 2.246577e+00 1.584881e+00
         vertex 0.000000e+00 1.869303e+00 6.434882e+00
         vertex 0.000000e+00 2.250000e+00 9.937500e+00
      endloop
   endfacet
   facet normal -1.000000e+00 0.000000e+00 0.000000e+00
      outer loop
         vertex 0.000000e+00 2.250000e+00 9.937500e+00
         vertex 0.000000e+00 1.869303e+00 6.434882e+00
         vertex 0.000000e+00 1.875000e+00 6.500000e+00
      endloop
   endfacet
   facet normal -1.000000e+00 0.000000e+00 0.000000e+00
      outer loop
         vertex 0.000000e+00 2.250000e+00 9.937500e+00
         vertex 0.000000e+00 1.875000e+00 6.500000e+00
         vertex 0.000000e+00 1.869303e+00 6.565118e+00
      endloop
   endfacet
   facet normal -1.000000e+00 0.000000e+00 -0.000000e+00
      outer loop
         vertex 0.000000e+00 1.258955e+00 6.212733e+00
         vertex 0.000000e+00 1.312500e+00 6.175241e+00
         vertex 0.000000e+00 5.624443e-01 3.855113e+00
      endloop
   endfacet
   facet normal -1.000000e+00 0.000000e+00 0.000000e+00
      outer loop
         vertex 0.000000e+00 5.624443e-01 3.855113e+00
         vertex 0.000000e+00 1.312500e+00 6.175241e+00
         vertex 0.000000e+00 1.371743e+00 6.147615e+00
      endloop
   endfacet
   facet normal -1.000000e+00 0.000000e+00 0.000000e+00
      outer loop
         vertex 0.000000e+00 5.624443e-01 3.855113e+00
         vertex 0.000000e+00 1.371743e+00 6.147615e+00
         vertex 0.000000e+00 8.708350e-01 3.250000e+00
      endloop
   endfacet
   facet normal -1.000000e+00 0.000000e+00 0.000000e+00
      outer loop
         vertex 0.000000e+00 8.708350e-01 3.250000e+00
         vertex 0.000000e+00 1.371743e+00 6.147615e+00
         vertex 0.000000e+00 1.434882e+00 6.130697e+00
      endloop
   endfacet
   facet normal -1.000000e+00 0.000000e+00 0.000000e+00
      outer loop
         vertex 0.000000e+00 8.708350e-01 3.250000e+00
         vertex 0.000000e+00 1.434882e+00 6.130697e+00
         vertex 0.000000e+00 1.241390e+00 2.679396e+00
      endloop
   endfacet
   facet normal -1.000000e+00 0.000000e+00 0.000000e+00
      outer loop
         vertex 0.000000e+00 1.241390e+00 2.679396e+00
         vertex 0.000000e+00 1.434882e+00 6.130697e+00
         vertex 0.000000e+00 1.500000e+00 6.125000e+00
      endloop
   endfacet
   facet normal -1.000000e+00 0.000000e+00 0.000000e+00
      outer loop
         vertex 0.000000e+00 1.241390e+00 2.679396e+00
         vertex 0.000000e+00 1.500000e+00 6.125000e+00
         vertex 0.000000e+00 1.669559e+00 2.150651e+00
      endloop
   endfacet
   facet normal -1.000000e+00 0.000000e+00 0.000000e+00
      outer loop
         vertex 0.000000e+00 1.669559e+00 2.150651e+00
         vertex 0.000000e+00 1.500000e+00 6.125000e+00
         vertex 0.000000e+00 2.150651e+00 1.669559e+00
      endloop
   endfacet
   facet normal -1.000000e+00 0.000000e+00 0.000000e+00
      outer loop
         vertex 0.000000e+00 2.150651e+00 1.669559e+00
         vertex 0.000000e+00 1.500000e+00 6.125000e+00
         vertex 0.000000e+00 1.565118e+00 6.130697e+00
      endloop
   endfacet
   facet normal -1.000000e+00 0.000000e+00 0.000000e+00
      outer loop
         vertex 0.000000e+00 2.150651e+00 1.669559e+00
         vertex 0.000000e+00 1.565118e+00 6.130697e+00
         vertex 0.000000e+00 2.246577e+00 1.584881e+00
      endloop
   endfacet
   facet normal -1.000000e+00 0.000000e+00 0.000000e+00
      outer loop
         vertex 0.000000e+00 2.246577e+00 1.584881e+00
         vertex 0.000000e+00 1.565118e+00 6.130697e+00
         vertex 0.000000e+00 1.628258e+00 6.147615e+00
      endloop
   endfacet
   facet normal -1.000000e+00 0.000000e+00 0.000000e+00
      outer loop
         vertex 0.000000e+00 2.246577e+00 1.584881e+00
         vertex 0.000000e+00 1.628258e+00 6.147615e+00
         vertex 0.000000e+00 1.687500e+00 6.175241e+00
      endloop
   endfacet
   facet normal -1.000000e+00 0.000000e+00 0.000000e+00
      outer loop
         vertex 0.000000e+00 3.560772e-02 5.820565e+00
         vertex 0.000000e+00 5.624443e-01 3.855113e+00
         vertex 0.000000e+00 1.420407e-01 5.148574e+00
      endloop
   endfacet
   facet normal -1.000000e+00 0.000000e+00 0.000000e+00
      outer loop
         vertex 0.000000e+00 1.420407e-01 5.148574e+00
         vertex 0.000000e+00 5.624443e-01 3.855113e+00
         vertex 0.000000e+00 3.181328e-01 4.491390e+00
      endloop
   endfacet
   facet normal -1.000000e+00 0.000000e+00 0.000000e+00
      outer loop
         vertex 0.000000e+00 3.560772e-02 5.820565e+00
         vertex 0.000000e+00 0.000000e+00 6.500000e+00
         vertex 0.000000e+00 5.624443e-01 3.855113e+00
      endloop
   endfacet
   facet normal -1.000000e+00 0.000000e+00 0.000000e+00
      outer loop
         vertex 0.000000e+00 5.624443e-01 3.855113e+00
         vertex 0.000000e+00 0.000000e+00 6.500000e+00
         vertex 0.000000e+00 3.560772e-02 7.179435e+00
      endloop
   endfacet
   facet normal -1.000000e+00 0.000000e+00 0.000000e+00
      outer loop
         vertex 0.000000e+00 5.624443e-01 3.855113e+00
         vertex 0.000000e+00 3.560772e-02 7.179435e+00
         vertex 0.000000e+00 1.420407e-01 7.851426e+00
      endloop
   endfacet
   facet normal -1.000000e+00 -0.000000e+00 0.000000e+00
      outer loop
         vertex 0.000000e+00 1.130697e+00 6.565118e+00
         vertex 0.000000e+00 1.125000e+00 6.500000e+00
         vertex 0.000000e+00 5.619545e-01 9.143788e+00
      endloop
   endfacet
   facet normal -1.000000e+00 0.000000e+00 0.000000e+00
      outer loop
         vertex 0.000000e+00 5.619545e-01 9.143788e+00
         vertex 0.000000e+00 1.125000e+00 6.500000e+00
         vertex 0.000000e+00 5.624443e-01 3.855113e+00
      endloop
   endfacet
   facet normal -1.000000e+00 0.000000e+00 -0.000000e+00
      outer loop
         vertex 0.000000e+00 5.619545e-01 9.143788e+00
         vertex 0.000000e+00 5.624443e-01 3.855113e+00
         vertex 0.000000e+00 3.181328e-01 8.508611e+00
      endloop
   endfacet
   facet normal -1.000000e+00 0.000000e+00 -0.000000e+00
      outer loop
         vertex 0.000000e+00 3.181328e-01 8.508611e+00
         vertex 0.000000e+00 5.624443e-01 3.855113e+00
         vertex 0.000000e+00 1.420407e-01 7.851426e+00
      endloop
   endfacet
   facet normal -1.000000e+00 -0.000000e+00 0.000000e+00
      outer loop
         vertex 0.000000e+00 2.675241e+00 6.687500e+00
         vertex 0.000000e+00 2.647616e+00 6.628258e+00
         vertex 0.000000e+00 2.250000e+00 9.937500e+00
      endloop
   endfacet
   facet normal -1.000000e+00 0.000000e+00 0.000000e+00
      outer loop
         vertex 0.000000e+00 3.000000e+00 6.875000e+00
         vertex 0.000000e+00 2.250000e+00 9.937500e+00
         vertex 0.000000e+00 3.750000e+00 9.937500e+00
      endloop
   endfacet
   facet normal -1.000000e+00 0.000000e+00 0.000000e+00
      outer loop
         vertex 0.000000e+00 3.750000e+00 9.937500e+00
         vertex 0.000000e+00 2.250000e+00 9.937500e+00
         vertex 0.000000e+00 2.150651e+00 1.133044e+01
      endloop
   endfacet
   facet normal -1.000000e+00 0.000000e+00 0.000000e+00
      outer loop
         vertex 0.000000e+00 3.750000e+00 9.937500e+00
         vertex 0.000000e+00 2.150651e+00 1.133044e+01
         vertex 0.000000e+00 2.679396e+00 1.175861e+01
      endloop
   endfacet
   facet normal -1.000000e+00 0.000000e+00 0.000000e+00
      outer loop
         vertex 0.000000e+00 2.246577e+00 1.584881e+00
         vertex 0.000000e+00 2.647616e+00 6.371743e+00
         vertex 0.000000e+00 2.675241e+00 6.312500e+00
      endloop
   endfacet
   facet normal -1.000000e+00 -0.000000e+00 0.000000e+00
      outer loop
         vertex 0.000000e+00 3.000000e+00 6.875000e+00
         vertex 0.000000e+00 2.934882e+00 6.869303e+00
         vertex 0.000000e+00 2.250000e+00 9.937500e+00
      endloop
   endfacet
   facet normal -1.000000e+00 0.000000e+00 0.000000e+00
      outer loop
         vertex 0.000000e+00 2.250000e+00 9.937500e+00
         vertex 0.000000e+00 2.934882e+00 6.869303e+00
         vertex 0.000000e+00 2.871742e+00 6.852385e+00
      endloop
   endfacet
   facet normal -1.000000e+00 0.000000e+00 0.000000e+00
      outer loop
         vertex 0.000000e+00 2.250000e+00 9.937500e+00
         vertex 0.000000e+00 2.871742e+00 6.852385e+00
         vertex 0.000000e+00 2.812500e+00 6.824760e+00
      endloop
   endfacet
   facet normal -1.000000e+00 0.000000e+00 -0.000000e+00
      outer loop
         vertex 0.000000e+00 3.375000e+00 6.500000e+00
         vertex 0.000000e+00 3.750000e+00 9.937500e+00
         vertex 0.000000e+00 3.369303e+00 6.434882e+00
      endloop
   endfacet
   facet normal -1.000000e+00 0.000000e+00 0.000000e+00
      outer loop
         vertex 0.000000e+00 3.369303e+00 6.434882e+00
         vertex 0.000000e+00 3.750000e+00 9.937500e+00
         vertex 0.000000e+00 3.747662e+00 6.114831e-01
      endloop
   endfacet
   facet normal -1.000000e+00 0.000000e+00 0.000000e+00
      outer loop
         vertex 0.000000e+00 3.375000e+00 6.500000e+00
         vertex 0.000000e+00 3.369303e+00 6.565118e+00
         vertex 0.000000e+00 3.750000e+00 9.937500e+00
      endloop
   endfacet
   facet normal -1.000000e+00 0.000000e+00 0.000000e+00
      outer loop
         vertex 0.000000e+00 3.750000e+00 9.937500e+00
         vertex 0.000000e+00 3.369303e+00 6.565118e+00
         vertex 0.000000e+00 3.352385e+00 6.628258e+00
      endloop
   endfacet
   facet normal -1.000000e+00 0.000000e+00 0.000000e+00
      outer loop
         vertex 0.000000e+00 3.750000e+00 9.937500e+00
         vertex 0.000000e+00 3.352385e+00 6.628258e+00
         vertex 0.000000e+00 3.324760e+00 6.687500e+00
      endloop
   endfacet
   facet normal -1.000000e+00 -0.000000e+00 0.000000e+00
      outer loop
         vertex 0.000000e+00 2.812500e+00 6.824760e+00
         vertex 0.000000e+00 2.758955e+00 6.787267e+00
         vertex 0.000000e+00 2.250000e+00 9.937500e+00
      endloop
   endfacet
   facet normal -1.000000e+00 0.000000e+00 0.000000e+00
      outer loop
         vertex 0.000000e+00 2.250000e+00 9.937500e+00
         vertex 0.000000e+00 2.758955e+00 6.787267e+00
         vertex 0.000000e+00 2.712734e+00 6.741045e+00
      endloop
   endfacet
   facet normal -1.000000e+00 0.000000e+00 0.000000e+00
      outer loop
         vertex 0.000000e+00 2.250000e+00 9.937500e+00
         vertex 0.000000e+00 2.712734e+00 6.741045e+00
         vertex 0.000000e+00 2.675241e+00 6.687500e+00
      endloop
   endfacet
   facet normal -1.000000e+00 -0.000000e+00 0.000000e+00
      outer loop
         vertex 0.000000e+00 2.647616e+00 6.628258e+00
         vertex 0.000000e+00 2.630697e+00 6.565118e+00
         vertex 0.000000e+00 2.250000e+00 9.937500e+00
      endloop
   endfacet
   facet normal -1.000000e+00 0.000000e+00 0.000000e+00
      outer loop
         vertex 0.000000e+00 2.250000e+00 9.937500e+00
         vertex 0.000000e+00 2.630697e+00 6.565118e+00
         vertex 0.000000e+00 2.625000e+00 6.500000e+00
      endloop
   endfacet
   facet normal -1.000000e+00 0.000000e+00 -0.000000e+00
      outer loop
         vertex 0.000000e+00 2.250000e+00 9.937500e+00
         vertex 0.000000e+00 2.625000e+00 6.500000e+00
         vertex 0.000000e+00 2.246577e+00 1.584881e+00
      endloop
   endfacet
   facet normal -1.000000e+00 0.000000e+00 0.000000e+00
      outer loop
         vertex 0.000000e+00 2.246577e+00 1.584881e+00
         vertex 0.000000e+00 2.625000e+00 6.500000e+00
         vertex 0.000000e+00 2.630697e+00 6.434882e+00
      endloop
   endfacet
   facet normal -1.000000e+00 0.000000e+00 0.000000e+00
      outer loop
         vertex 0.000000e+00 2.246577e+00 1.584881e+00
         vertex 0.000000e+00 2.630697e+00 6.434882e+00
         vertex 0.000000e+00 2.647616e+00 6.371743e+00
      endloop
   endfacet
   facet normal -1.000000e+00 0.000000e+00 0.000000e+00
      outer loop
         vertex 0.000000e+00 3.324760e+00 6.687500e+00
         vertex 0.000000e+00 3.287267e+00 6.741045e+00
         vertex 0.000000e+00 3.750000e+00 9.937500e+00
      endloop
   endfacet
   facet normal -1.000000e+00 0.000000e+00 0.000000e+00
      outer loop
         vertex 0.000000e+00 3.750000e+00 9.937500e+00
         vertex 0.000000e+00 3.287267e+00 6.741045e+00
         vertex 0.000000e+00 3.241045e+00 6.787267e+00
      endloop
   endfacet
   facet normal -1.000000e+00 0.000000e+00 0.000000e+00
      outer loop
         vertex 0.000000e+00 3.750000e+00 9.937500e+00
         vertex 0.000000e+00 3.241045e+00 6.787267e+00
         vertex 0.000000e+00 3.187500e+00 6.824760e+00
      endloop
   endfacet
   facet normal -1.000000e+00 0.000000e+00 -0.000000e+00
      outer loop
         vertex 0.000000e+00 2.675241e+00 6.312500e+00
         vertex 0.000000e+00 2.712734e+00 6.258955e+00
         vertex 0.000000e+00 2.246577e+00 1.584881e+00
      endloop
   endfacet
   facet normal -1.000000e+00 0.000000e+00 0.000000e+00
      outer loop
         vertex 0.000000e+00 2.246577e+00 1.584881e+00
         vertex 0.000000e+00 2.712734e+00 6.258955e+00
         vertex 0.000000e+00 2.758955e+00 6.212733e+00
      endloop
   endfacet
   facet normal -1.000000e+00 0.000000e+00 0.000000e+00
      outer loop
         vertex 0.000000e+00 2.246577e+00 1.584881e+00
         vertex 0.000000e+00 2.758955e+00 6.212733e+00
         vertex 0.000000e+00 2.812500e+00 6.175241e+00
      endloop
   endfacet
   facet normal -1.000000e+00 0.000000e+00 0.000000e+00
      outer loop
         vertex 0.000000e+00 3.287267e+00 6.258955e+00
         vertex 0.000000e+00 3.324760e+00 6.312500e+00
         vertex 0.000000e+00 3.747662e+00 6.114831e-01
      endloop
   endfacet
   facet normal -1.000000e+00 0.000000e+00 0.000000e+00
      outer loop
         vertex 0.000000e+00 3.747662e+00 6.114831e-01
         vertex 0.000000e+00 3.324760e+00 6.312500e+00
         vertex 0.000000e+00 3.352385e+00 6.371743e+00
      endloop
   endfacet
   facet normal -1.000000e+00 0.000000e+00 0.000000e+00
      outer loop
         vertex 0.000000e+00 3.747662e+00 6.114831e-01
         vertex 0.000000e+00 3.352385e+00 6.371743e+00
         vertex 0.000000e+00 3.369303e+00 6.434882e+00
      endloop
   endfacet
   facet normal -1.000000e+00 0.000000e+00 0.000000e+00
      outer loop
         vertex 0.000000e+00 3.187500e+00 6.824760e+00
         vertex 0.000000e+00 3.128258e+00 6.852385e+00
         vertex 0.000000e+00 3.750000e+00 9.937500e+00
      endloop
   endfacet
   facet normal -1.000000e+00 0.000000e+00 0.000000e+00
      outer loop
         vertex 0.000000e+00 3.750000e+00 9.937500e+00
         vertex 0.000000e+00 3.128258e+00 6.852385e+00
         vertex 0.000000e+00 3.065118e+00 6.869303e+00
      endloop
   endfacet
   facet normal -1.000000e+00 0.000000e+00 0.000000e+00
      outer loop
         vertex 0.000000e+00 3.750000e+00 9.937500e+00
         vertex 0.000000e+00 3.065118e+00 6.869303e+00
         vertex 0.000000e+00 3.000000e+00 6.875000e+00
      endloop
   endfacet
   facet normal -1.000000e+00 0.000000e+00 -0.000000e+00
      outer loop
         vertex 0.000000e+00 2.812500e+00 6.175241e+00
         vertex 0.000000e+00 2.871742e+00 6.147615e+00
         vertex 0.000000e+00 2.246577e+00 1.584881e+00
      endloop
   endfacet
   facet normal -1.000000e+00 0.000000e+00 0.000000e+00
      outer loop
         vertex 0.000000e+00 2.246577e+00 1.584881e+00
         vertex 0.000000e+00 2.871742e+00 6.147615e+00
         vertex 0.000000e+00 2.934882e+00 6.130697e+00
      endloop
   endfacet
   facet normal -1.000000e+00 0.000000e+00 0.000000e+00
      outer loop
         vertex 0.000000e+00 2.246577e+00 1.584881e+00
         vertex 0.000000e+00 2.934882e+00 6.130697e+00
         vertex 0.000000e+00 2.679396e+00 1.241390e+00
      endloop
   endfacet
   facet normal -1.000000e+00 0.000000e+00 0.000000e+00
      outer loop
         vertex 0.000000e+00 2.679396e+00 1.241390e+00
         vertex 0.000000e+00 2.934882e+00 6.130697e+00
         vertex 0.000000e+00 3.000000e+00 6.125000e+00
      endloop
   endfacet
   facet normal -1.000000e+00 0.000000e+00 0.000000e+00
      outer loop
         vertex 0.000000e+00 2.679396e+00 1.241390e+00
         vertex 0.000000e+00 3.000000e+00 6.125000e+00
         vertex 0.000000e+00 3.250000e+00 8.708350e-01
      endloop
   endfacet
   facet normal -1.000000e+00 0.000000e+00 0.000000e+00
      outer loop
         vertex 0.000000e+00 3.250000e+00 8.708350e-01
         vertex 0.000000e+00 3.000000e+00 6.125000e+00
         vertex 0.000000e+00 3.747662e+00 6.114831e-01
      endloop
   endfacet
   facet normal -1.000000e+00 0.000000e+00 0.000000e+00
      outer loop
         vertex 0.000000e+00 3.747662e+00 6.114831e-01
         vertex 0.000000e+00 3.000000e+00 6.125000e+00
         vertex 0.000000e+00 3.065118e+00 6.130697e+00
      endloop
   endfacet
   facet normal -1.000000e+00 0.000000e+00 0.000000e+00
      outer loop
         vertex 0.000000e+00 3.747662e+00 6.114831e-01
         vertex 0.000000e+00 3.065118e+00 6.130697e+00
         vertex 0.000000e+00 3.128258e+00 6.147615e+00
      endloop
   endfacet
   facet normal -1.000000e+00 0.000000e+00 0.000000e+00
      outer loop
         vertex 0.000000e+00 3.128258e+00 6.147615e+00
         vertex 0.000000e+00 3.187500e+00 6.175241e+00
         vertex 0.000000e+00 3.747662e+00 6.114831e-01
      endloop
   endfacet
   facet normal -1.000000e+00 0.000000e+00 0.000000e+00
      outer loop
         vertex 0.000000e+00 3.747662e+00 6.114831e-01
         vertex 0.000000e+00 3.187500e+00 6.175241e+00
         vertex 0.000000e+00 3.241045e+00 6.212733e+00
      endloop
   endfacet
   facet normal -1.000000e+00 0.000000e+00 0.000000e+00
      outer loop
         vertex 0.000000e+00 3.747662e+00 6.114831e-01
         vertex 0.000000e+00 3.241045e+00 6.212733e+00
         vertex 0.000000e+00 3.287267e+00 6.258955e+00
      endloop
   endfacet
   facet normal -1.000000e+00 -0.000000e+00 0.000000e+00
      outer loop
         vertex 0.000000e+00 4.175241e+00 6.687500e+00
         vertex 0.000000e+00 4.147616e+00 6.628258e+00
         vertex 0.000000e+00 3.750000e+00 9.937500e+00
      endloop
   endfacet
   facet normal -1.000000e+00 -0.000000e+00 0.000000e+00
      outer loop
         vertex 0.000000e+00 4.434882e+00 6.869303e+00
         vertex 0.000000e+00 4.371742e+00 6.852385e+00
         vertex 0.000000e+00 3.750000e+00 9.937500e+00
      endloop
   endfacet
   facet normal -1.000000e+00 0.000000e+00 0.000000e+00
      outer loop
         vertex 0.000000e+00 3.750000e+00 9.937500e+00
         vertex 0.000000e+00 4.371742e+00 6.852385e+00
         vertex 0.000000e+00 4.312500e+00 6.824760e+00
      endloop
   endfacet
   facet normal -1.000000e+00 0.000000e+00 0.000000e+00
      outer loop
         vertex 0.000000e+00 4.869303e+00 6.565118e+00
         vertex 0.000000e+00 4.852385e+00 6.628258e+00
         vertex 0.000000e+00 6.500000e+00 9.937500e+00
      endloop
   endfacet
   facet normal -1.000000e+00 0.000000e+00 0.000000e+00
      outer loop
         vertex 0.000000e+00 6.500000e+00 9.937500e+00
         vertex 0.000000e+00 4.852385e+00 6.628258e+00
         vertex 0.000000e+00 4.824760e+00 6.687500e+00
      endloop
   endfacet
   facet normal -1.000000e+00 -0.000000e+00 0.000000e+00
      outer loop
         vertex 0.000000e+00 4.312500e+00 6.824760e+00
         vertex 0.000000e+00 4.258955e+00 6.787267e+00
         vertex 0.000000e+00 3.750000e+00 9.937500e+00
      endloop
   endfacet
   facet normal -1.000000e+00 0.000000e+00 0.000000e+00
      outer loop
         vertex 0.000000e+00 3.750000e+00 9.937500e+00
         vertex 0.000000e+00 4.258955e+00 6.787267e+00
         vertex 0.000000e+00 4.212733e+00 6.741045e+00
      endloop
   endfacet
   facet normal -1.000000e+00 0.000000e+00 0.000000e+00
      outer loop
         vertex 0.000000e+00 3.750000e+00 9.937500e+00
         vertex 0.000000e+00 4.212733e+00 6.741045e+00
         vertex 0.000000e+00 4.175241e+00 6.687500e+00
      endloop
   endfacet
   facet normal -1.000000e+00 0.000000e+00 0.000000e+00
      outer loop
         vertex 0.000000e+00 3.747662e+00 6.114831e-01
         vertex 0.000000e+00 4.147616e+00 6.371743e+00
         vertex 0.000000e+00 4.175241e+00 6.312500e+00
      endloop
   endfacet
   facet normal -1.000000e+00 0.000000e+00 -0.000000e+00
      outer loop
         vertex 0.000000e+00 4.175241e+00 6.312500e+00
         vertex 0.000000e+00 4.212733e+00 6.258955e+00
         vertex 0.000000e+00 3.747662e+00 6.114831e-01
      endloop
   endfacet
   facet normal -1.000000e+00 0.000000e+00 0.000000e+00
      outer loop
         vertex 0.000000e+00 3.747662e+00 6.114831e-01
         vertex 0.000000e+00 4.212733e+00 6.258955e+00
         vertex 0.000000e+00 4.258955e+00 6.212733e+00
      endloop
   endfacet
   facet normal -1.000000e+00 0.000000e+00 0.000000e+00
      outer loop
         vertex 0.000000e+00 3.747662e+00 6.114831e-01
         vertex 0.000000e+00 4.258955e+00 6.212733e+00
         vertex 0.000000e+00 4.312500e+00 6.175241e+00
      endloop
   endfacet
   facet normal -1.000000e+00 0.000000e+00 0.000000e+00
      outer loop
         vertex 0.000000e+00 4.824760e+00 6.312500e+00
         vertex 0.000000e+00 4.852385e+00 6.371743e+00
         vertex 0.000000e+00 6.500000e+00 0.000000e+00
      endloop
   endfacet
   facet normal -1.000000e+00 0.000000e+00 0.000000e+00
      outer loop
         vertex 0.000000e+00 6.500000e+00 0.000000e+00
         vertex 0.000000e+00 4.852385e+00 6.371743e+00
         vertex 0.000000e+00 4.869303e+00 6.434882e+00
      endloop
   endfacet
   facet normal -1.000000e+00 0.000000e+00 0.000000e+00
      outer loop
         vertex 0.000000e+00 6.500000e+00 0.000000e+00
         vertex 0.000000e+00 4.869303e+00 6.434882e+00
         vertex 0.000000e+00 6.500000e+00 9.937500e+00
      endloop
   endfacet
   facet normal -1.000000e+00 0.000000e+00 0.000000e+00
      outer loop
         vertex 0.000000e+00 6.500000e+00 9.937500e+00
         vertex 0.000000e+00 4.869303e+00 6.434882e+00
         vertex 0.000000e+00 4.875000e+00 6.500000e+00
      endloop
   endfacet
   facet normal -1.000000e+00 0.000000e+00 0.000000e+00
      outer loop
         vertex 0.000000e+00 6.500000e+00 9.937500e+00
         vertex 0.000000e+00 4.875000e+00 6.500000e+00
         vertex 0.000000e+00 4.869303e+00 6.565118e+00
      endloop
   endfacet
   facet normal -1.000000e+00 0.000000e+00 0.000000e+00
      outer loop
         vertex 0.000000e+00 4.824760e+00 6.687500e+00
         vertex 0.000000e+00 4.787267e+00 6.741045e+00
         vertex 0.000000e+00 6.500000e+00 9.937500e+00
      endloop
   endfacet
   facet normal -1.000000e+00 0.000000e+00 0.000000e+00
      outer loop
         vertex 0.000000e+00 6.500000e+00 9.937500e+00
         vertex 0.000000e+00 4.787267e+00 6.741045e+00
         vertex 0.000000e+00 4.741046e+00 6.787267e+00
      endloop
   endfacet
   facet normal -1.000000e+00 0.000000e+00 0.000000e+00
      outer loop
         vertex 0.000000e+00 6.500000e+00 9.937500e+00
         vertex 0.000000e+00 4.741046e+00 6.787267e+00
         vertex 0.000000e+00 4.687500e+00 6.824760e+00
      endloop
   endfacet
   facet normal -1.000000e+00 0.000000e+00 0.000000e+00
      outer loop
         vertex 0.000000e+00 4.687500e+00 6.824760e+00
         vertex 0.000000e+00 4.628258e+00 6.852385e+00
         vertex 0.000000e+00 6.500000e+00 9.937500e+00
      endloop
   endfacet
   facet normal -1.000000e+00 0.000000e+00 0.000000e+00
      outer loop
         vertex 0.000000e+00 6.500000e+00 9.937500e+00
         vertex 0.000000e+00 4.628258e+00 6.852385e+00
         vertex 0.000000e+00 4.565118e+00 6.869303e+00
      endloop
   endfacet
   facet normal -1.000000e+00 -0.000000e+00 0.000000e+00
      outer loop
         vertex 0.000000e+00 6.500000e+00 9.937500e+00
         vertex 0.000000e+00 4.565118e+00 6.869303e+00
         vertex 0.000000e+00 3.750000e+00 9.937500e+00
      endloop
   endfacet
   facet normal -1.000000e+00 0.000000e+00 0.000000e+00
      outer loop
         vertex 0.000000e+00 3.750000e+00 9.937500e+00
         vertex 0.000000e+00 4.565118e+00 6.869303e+00
         vertex 0.000000e+00 4.500000e+00 6.875000e+00
      endloop
   endfacet
   facet normal -1.000000e+00 0.000000e+00 0.000000e+00
      outer loop
         vertex 0.000000e+00 3.750000e+00 9.937500e+00
         vertex 0.000000e+00 4.500000e+00 6.875000e+00
         vertex 0.000000e+00 4.434882e+00 6.869303e+00
      endloop
   endfacet
   facet normal -1.000000e+00 -0.000000e+00 0.000000e+00
      outer loop
         vertex 0.000000e+00 4.147616e+00 6.628258e+00
         vertex 0.000000e+00 4.130697e+00 6.565118e+00
         vertex 0.000000e+00 3.750000e+00 9.937500e+00
      endloop
   endfacet
   facet normal -1.000000e+00 0.000000e+00 0.000000e+00
      outer loop
         vertex 0.000000e+00 3.750000e+00 9.937500e+00
         vertex 0.000000e+00 4.130697e+00 6.565118e+00
         vertex 0.000000e+00 4.125000e+00 6.500000e+00
      endloop
   endfacet
   facet normal -1.000000e+00 0.000000e+00 -0.000000e+00
      outer loop
         vertex 0.000000e+00 3.750000e+00 9.937500e+00
         vertex 0.000000e+00 4.125000e+00 6.500000e+00
         vertex 0.000000e+00 3.747662e+00 6.114831e-01
      endloop
   endfacet
   facet normal -1.000000e+00 0.000000e+00 0.000000e+00
      outer loop
         vertex 0.000000e+00 3.747662e+00 6.114831e-01
         vertex 0.000000e+00 4.125000e+00 6.500000e+00
         vertex 0.000000e+00 4.130697e+00 6.434882e+00
      endloop
   endfacet
   facet normal -1.000000e+00 0.000000e+00 0.000000e+00
      outer loop
         vertex 0.000000e+00 3.747662e+00 6.114831e-01
         vertex 0.000000e+00 4.130697e+00 6.434882e+00
         vertex 0.000000e+00 4.147616e+00 6.371743e+00
      endloop
   endfacet
   facet normal -1.000000e+00 0.000000e+00 -0.000000e+00
      outer loop
         vertex 0.000000e+00 4.312500e+00 6.175241e+00
         vertex 0.000000e+00 4.371742e+00 6.147615e+00
         vertex 0.000000e+00 3.747662e+00 6.114831e-01
      endloop
   endfacet
   facet normal -1.000000e+00 0.000000e+00 0.000000e+00
      outer loop
         vertex 0.000000e+00 3.747662e+00 6.114831e-01
         vertex 0.000000e+00 4.371742e+00 6.147615e+00
         vertex 0.000000e+00 4.434882e+00 6.130697e+00
      endloop
   endfacet
   facet normal -1.000000e+00 0.000000e+00 0.000000e+00
      outer loop
         vertex 0.000000e+00 3.747662e+00 6.114831e-01
         vertex 0.000000e+00 4.434882e+00 6.130697e+00
         vertex 0.000000e+00 3.856212e+00 5.619545e-01
      endloop
   endfacet
   facet normal -1.000000e+00 0.000000e+00 0.000000e+00
      outer loop
         vertex 0.000000e+00 3.856212e+00 5.619545e-01
         vertex 0.000000e+00 4.434882e+00 6.130697e+00
         vertex 0.000000e+00 4.500000e+00 6.125000e+00
      endloop
   endfacet
   facet normal -1.000000e+00 0.000000e+00 0.000000e+00
      outer loop
         vertex 0.000000e+00 3.856212e+00 5.619545e-01
         vertex 0.000000e+00 4.500000e+00 6.125000e+00
         vertex 0.000000e+00 4.491390e+00 3.181328e-01
      endloop
   endfacet
   facet normal -1.000000e+00 0.000000e+00 0.000000e+00
      outer loop
         vertex 0.000000e+00 4.687500e+00 6.175241e+00
         vertex 0.000000e+00 4.741046e+00 6.212733e+00
         vertex 0.000000e+00 6.500000e+00 0.000000e+00
      endloop
   endfacet
   facet normal -1.000000e+00 0.000000e+00 0.000000e+00
      outer loop
         vertex 0.000000e+00 6.500000e+00 0.000000e+00
         vertex 0.000000e+00 4.741046e+00 6.212733e+00
         vertex 0.000000e+00 4.787267e+00 6.258955e+00
      endloop
   endfacet
   facet normal -1.000000e+00 0.000000e+00 0.000000e+00
      outer loop
         vertex 0.000000e+00 6.500000e+00 0.000000e+00
         vertex 0.000000e+00 4.787267e+00 6.258955e+00
         vertex 0.000000e+00 4.824760e+00 6.312500e+00
      endloop
   endfacet
   facet normal -1.000000e+00 0.000000e+00 0.000000e+00
      outer loop
         vertex 0.000000e+00 4.491390e+00 3.181328e-01
         vertex 0.000000e+00 4.500000e+00 6.125000e+00
         vertex 0.000000e+00 5.148574e+00 1.420407e-01
      endloop
   endfacet
   facet normal -1.000000e+00 0.000000e+00 0.000000e+00
      outer loop
         vertex 0.000000e+00 5.148574e+00 1.420407e-01
         vertex 0.000000e+00 4.500000e+00 6.125000e+00
         vertex 0.000000e+00 4.565118e+00 6.130697e+00
      endloop
   endfacet
   facet normal -1.000000e+00 0.000000e+00 0.000000e+00
      outer loop
         vertex 0.000000e+00 5.148574e+00 1.420407e-01
         vertex 0.000000e+00 4.565118e+00 6.130697e+00
         vertex 0.000000e+00 5.820565e+00 3.560772e-02
      endloop
   endfacet
   facet normal -1.000000e+00 0.000000e+00 0.000000e+00
      outer loop
         vertex 0.000000e+00 5.820565e+00 3.560772e-02
         vertex 0.000000e+00 4.565118e+00 6.130697e+00
         vertex 0.000000e+00 6.500000e+00 0.000000e+00
      endloop
   endfacet
   facet normal -1.000000e+00 0.000000e+00 0.000000e+00
      outer loop
         vertex 0.000000e+00 6.500000e+00 0.000000e+00
         vertex 0.000000e+00 4.565118e+00 6.130697e+00
         vertex 0.000000e+00 4.628258e+00 6.147615e+00
      endloop
   endfacet
   facet normal -1.000000e+00 0.000000e+00 0.000000e+00
      outer loop
         vertex 0.000000e+00 6.500000e+00 0.000000e+00
         vertex 0.000000e+00 4.628258e+00 6.147615e+00
         vertex 0.000000e+00 4.687500e+00 6.175241e+00
      endloop
   endfacet
   facet normal 3.987262e-01 -9.170700e-01 0.000000e+00
      outer loop
         vertex 3.990739e+00 5.582930e+00 1.110000e+01
         vertex 1.500000e+00 4.500000e+00 1.110000e+01
         vertex 3.990739e+00 5.582930e+00 9.700000e+00
      endloop
   endfacet
   facet normal 3.987262e-01 -9.170700e-01 0.000000e+00
      outer loop
         vertex 3.990739e+00 5.582930e+00 9.700000e+00
         vertex 1.500000e+00 4.500000e+00 1.110000e+01
         vertex 1.500000e+00 4.500000e+00 9.700000e+00
      endloop
   endfacet
   facet normal 3.987262e-01 9.170700e-01 -0.000000e+00
      outer loop
         vertex 3.990739e+00 7.417070e+00 9.700000e+00
         vertex 1.500000e+00 8.500000e+00 9.700000e+00
         vertex 3.990739e+00 7.417070e+00 1.110000e+01
      endloop
   endfacet
   facet normal 3.987262e-01 9.170700e-01 0.000000e+00
      outer loop
         vertex 3.990739e+00 7.417070e+00 1.110000e+01
         vertex 1.500000e+00 8.500000e+00 9.700000e+00
         vertex 1.500000e+00 8.500000e+00 1.110000e+01
      endloop
   endfacet
   facet normal 0.000000e+00 0.000000e+00 -1.000000e+00
      outer loop
         vertex 1.500000e+00 4.500000e+00 9.700000e+00
         vertex 3.246467e+00 6.078676e+00 9.700000e+00
         vertex 3.325000e+00 6.023686e+00 9.700000e+00
      endloop
   endfacet
   facet normal -0.000000e+00 0.000000e+00 -1.000000e+00
      outer loop
         vertex 3.058356e+00 6.404494e+00 9.700000e+00
         vertex 1.500000e+00 5.419608e+00 9.700000e+00
         vertex 3.050000e+00 6.500000e+00 9.700000e+00
      endloop
   endfacet
   facet normal 0.000000e+00 0.000000e+00 -1.000000e+00
      outer loop
         vertex 3.050000e+00 6.500000e+00 9.700000e+00
         vertex 1.500000e+00 5.419608e+00 9.700000e+00
         vertex 2.750000e+00 6.500000e+00 9.700000e+00
      endloop
   endfacet
   facet normal -0.000000e+00 0.000000e+00 -1.000000e+00
      outer loop
         vertex 3.050000e+00 6.500000e+00 9.700000e+00
         vertex 2.750000e+00 6.500000e+00 9.700000e+00
         vertex 3.058356e+00 6.595507e+00 9.700000e+00
      endloop
   endfacet
   facet normal -0.000000e+00 0.000000e+00 -1.000000e+00
      outer loop
         vertex 3.058356e+00 6.595507e+00 9.700000e+00
         vertex 2.750000e+00 6.500000e+00 9.700000e+00
         vertex 1.500000e+00 7.419608e+00 9.700000e+00
      endloop
   endfacet
   facet normal 0.000000e+00 -0.000000e+00 -1.000000e+00
      outer loop
         vertex 3.058356e+00 6.404494e+00 9.700000e+00
         vertex 3.083169e+00 6.311889e+00 9.700000e+00
         vertex 1.500000e+00 5.419608e+00 9.700000e+00
      endloop
   endfacet
   facet normal 0.000000e+00 0.000000e+00 -1.000000e+00
      outer loop
         vertex 1.500000e+00 5.419608e+00 9.700000e+00
         vertex 3.083169e+00 6.311889e+00 9.700000e+00
         vertex 3.123686e+00 6.225000e+00 9.700000e+00
      endloop
   endfacet
   facet normal 0.000000e+00 0.000000e+00 -1.000000e+00
      outer loop
         vertex 1.500000e+00 5.419608e+00 9.700000e+00
         vertex 3.123686e+00 6.225000e+00 9.700000e+00
         vertex 1.500000e+00 4.500000e+00 9.700000e+00
      endloop
   endfacet
   facet normal 0.000000e+00 0.000000e+00 -1.000000e+00
      outer loop
         vertex 1.500000e+00 4.500000e+00 9.700000e+00
         vertex 3.123686e+00 6.225000e+00 9.700000e+00
         vertex 3.178676e+00 6.146467e+00 9.700000e+00
      endloop
   endfacet
   facet normal 0.000000e+00 0.000000e+00 -1.000000e+00
      outer loop
         vertex 1.500000e+00 4.500000e+00 9.700000e+00
         vertex 3.178676e+00 6.146467e+00 9.700000e+00
         vertex 3.246467e+00 6.078676e+00 9.700000e+00
      endloop
   endfacet
   facet normal 0.000000e+00 -0.000000e+00 -1.000000e+00
      outer loop
         vertex 3.325000e+00 6.023686e+00 9.700000e+00
         vertex 3.411889e+00 5.983169e+00 9.700000e+00
         vertex 1.500000e+00 4.500000e+00 9.700000e+00
      endloop
   endfacet
   facet normal 0.000000e+00 0.000000e+00 -1.000000e+00
      outer loop
         vertex 1.500000e+00 4.500000e+00 9.700000e+00
         vertex 3.411889e+00 5.983169e+00 9.700000e+00
         vertex 3.504494e+00 5.958356e+00 9.700000e+00
      endloop
   endfacet
   facet normal 0.000000e+00 0.000000e+00 -1.000000e+00
      outer loop
         vertex 1.500000e+00 4.500000e+00 9.700000e+00
         vertex 3.504494e+00 5.958356e+00 9.700000e+00
         vertex 3.990739e+00 5.582930e+00 9.700000e+00
      endloop
   endfacet
   facet normal 0.000000e+00 0.000000e+00 -1.000000e+00
      outer loop
         vertex 3.990739e+00 5.582930e+00 9.700000e+00
         vertex 3.504494e+00 5.958356e+00 9.700000e+00
         vertex 3.600000e+00 5.950000e+00 9.700000e+00
      endloop
   endfacet
   facet normal -0.000000e+00 0.000000e+00 -1.000000e+00
      outer loop
         vertex 3.411889e+00 7.016831e+00 9.700000e+00
         vertex 3.325000e+00 6.976314e+00 9.700000e+00
         vertex 1.500000e+00 8.500000e+00 9.700000e+00
      endloop
   endfacet
   facet normal -0.000000e+00 0.000000e+00 -1.000000e+00
      outer loop
         vertex 3.325000e+00 6.976314e+00 9.700000e+00
         vertex 3.246467e+00 6.921325e+00 9.700000e+00
         vertex 1.500000e+00 8.500000e+00 9.700000e+00
      endloop
   endfacet
   facet normal 0.000000e+00 0.000000e+00 -1.000000e+00
      outer loop
         vertex 1.500000e+00 8.500000e+00 9.700000e+00
         vertex 3.246467e+00 6.921325e+00 9.700000e+00
         vertex 3.178676e+00 6.853533e+00 9.700000e+00
      endloop
   endfacet
   facet normal 0.000000e+00 0.000000e+00 -1.000000e+00
      outer loop
         vertex 1.500000e+00 8.500000e+00 9.700000e+00
         vertex 3.178676e+00 6.853533e+00 9.700000e+00
         vertex 1.500000e+00 7.772304e+00 9.700000e+00
      endloop
   endfacet
   facet normal 0.000000e+00 0.000000e+00 -1.000000e+00
      outer loop
         vertex 1.500000e+00 7.772304e+00 9.700000e+00
         vertex 3.178676e+00 6.853533e+00 9.700000e+00
         vertex 3.123686e+00 6.775000e+00 9.700000e+00
      endloop
   endfacet
   facet normal 0.000000e+00 0.000000e+00 -1.000000e+00
      outer loop
         vertex 1.500000e+00 7.772304e+00 9.700000e+00
         vertex 3.123686e+00 6.775000e+00 9.700000e+00
         vertex 1.500000e+00 7.419608e+00 9.700000e+00
      endloop
   endfacet
   facet normal 0.000000e+00 0.000000e+00 -1.000000e+00
      outer loop
         vertex 1.500000e+00 7.419608e+00 9.700000e+00
         vertex 3.123686e+00 6.775000e+00 9.700000e+00
         vertex 3.083169e+00 6.688111e+00 9.700000e+00
      endloop
   endfacet
   facet normal 0.000000e+00 0.000000e+00 -1.000000e+00
      outer loop
         vertex 1.500000e+00 7.419608e+00 9.700000e+00
         vertex 3.083169e+00 6.688111e+00 9.700000e+00
         vertex 3.058356e+00 6.595507e+00 9.700000e+00
      endloop
   endfacet
   facet normal 0.000000e+00 0.000000e+00 -1.000000e+00
      outer loop
         vertex 3.600000e+00 5.950000e+00 9.700000e+00
         vertex 3.695507e+00 5.958356e+00 9.700000e+00
         vertex 3.990739e+00 5.582930e+00 9.700000e+00
      endloop
   endfacet
   facet normal 0.000000e+00 0.000000e+00 -1.000000e+00
      outer loop
         vertex 3.990739e+00 5.582930e+00 9.700000e+00
         vertex 3.695507e+00 5.958356e+00 9.700000e+00
         vertex 3.788111e+00 5.983169e+00 9.700000e+00
      endloop
   endfacet
   facet normal 0.000000e+00 0.000000e+00 -1.000000e+00
      outer loop
         vertex 3.990739e+00 5.582930e+00 9.700000e+00
         vertex 3.788111e+00 5.983169e+00 9.700000e+00
         vertex 4.136634e+00 5.661318e+00 9.700000e+00
      endloop
   endfacet
   facet normal 0.000000e+00 0.000000e+00 -1.000000e+00
      outer loop
         vertex 4.136634e+00 5.661318e+00 9.700000e+00
         vertex 3.788111e+00 5.983169e+00 9.700000e+00
         vertex 3.875000e+00 6.023686e+00 9.700000e+00
      endloop
   endfacet
   facet normal 0.000000e+00 0.000000e+00 -1.000000e+00
      outer loop
         vertex 4.136634e+00 5.661318e+00 9.700000e+00
         vertex 3.875000e+00 6.023686e+00 9.700000e+00
         vertex 4.267590e+00 5.762711e+00 9.700000e+00
      endloop
   endfacet
   facet normal 0.000000e+00 0.000000e+00 -1.000000e+00
      outer loop
         vertex 4.267590e+00 5.762711e+00 9.700000e+00
         vertex 3.875000e+00 6.023686e+00 9.700000e+00
         vertex 3.953533e+00 6.078676e+00 9.700000e+00
      endloop
   endfacet
   facet normal 0.000000e+00 0.000000e+00 -1.000000e+00
      outer loop
         vertex 4.267590e+00 5.762711e+00 9.700000e+00
         vertex 3.953533e+00 6.078676e+00 9.700000e+00
         vertex 4.380015e+00 5.884327e+00 9.700000e+00
      endloop
   endfacet
   facet normal 0.000000e+00 0.000000e+00 -1.000000e+00
      outer loop
         vertex 4.380015e+00 5.884327e+00 9.700000e+00
         vertex 3.953533e+00 6.078676e+00 9.700000e+00
         vertex 4.021324e+00 6.146467e+00 9.700000e+00
      endloop
   endfacet
   facet normal 0.000000e+00 0.000000e+00 -1.000000e+00
      outer loop
         vertex 4.380015e+00 5.884327e+00 9.700000e+00
         vertex 4.021324e+00 6.146467e+00 9.700000e+00
         vertex 4.470825e+00 6.022832e+00 9.700000e+00
      endloop
   endfacet
   facet normal 0.000000e+00 0.000000e+00 -1.000000e+00
      outer loop
         vertex 4.470825e+00 6.022832e+00 9.700000e+00
         vertex 4.021324e+00 6.146467e+00 9.700000e+00
         vertex 4.076314e+00 6.225000e+00 9.700000e+00
      endloop
   endfacet
   facet normal 0.000000e+00 0.000000e+00 -1.000000e+00
      outer loop
         vertex 4.470825e+00 6.022832e+00 9.700000e+00
         vertex 4.076314e+00 6.225000e+00 9.700000e+00
         vertex 4.537529e+00 6.174425e+00 9.700000e+00
      endloop
   endfacet
   facet normal 0.000000e+00 0.000000e+00 -1.000000e+00
      outer loop
         vertex 4.537529e+00 6.174425e+00 9.700000e+00
         vertex 4.076314e+00 6.225000e+00 9.700000e+00
         vertex 4.116831e+00 6.311889e+00 9.700000e+00
      endloop
   endfacet
   facet normal 0.000000e+00 0.000000e+00 -1.000000e+00
      outer loop
         vertex 4.537529e+00 6.174425e+00 9.700000e+00
         vertex 4.116831e+00 6.311889e+00 9.700000e+00
         vertex 4.578298e+00 6.334949e+00 9.700000e+00
      endloop
   endfacet
   facet normal -0.000000e+00 0.000000e+00 -1.000000e+00
      outer loop
         vertex 4.578298e+00 6.334949e+00 9.700000e+00
         vertex 4.116831e+00 6.311889e+00 9.700000e+00
         vertex 4.141644e+00 6.404494e+00 9.700000e+00
      endloop
   endfacet
   facet normal 0.000000e+00 0.000000e+00 -1.000000e+00
      outer loop
         vertex 4.578298e+00 6.334949e+00 9.700000e+00
         vertex 4.141644e+00 6.404494e+00 9.700000e+00
         vertex 4.592013e+00 6.500000e+00 9.700000e+00
      endloop
   endfacet
   facet normal -0.000000e+00 0.000000e+00 -1.000000e+00
      outer loop
         vertex 4.592013e+00 6.500000e+00 9.700000e+00
         vertex 4.141644e+00 6.404494e+00 9.700000e+00
         vertex 4.150000e+00 6.500000e+00 9.700000e+00
      endloop
   endfacet
   facet normal 0.000000e+00 0.000000e+00 -1.000000e+00
      outer loop
         vertex 4.592013e+00 6.500000e+00 9.700000e+00
         vertex 4.150000e+00 6.500000e+00 9.700000e+00
         vertex 4.578298e+00 6.665051e+00 9.700000e+00
      endloop
   endfacet
   facet normal 0.000000e+00 0.000000e+00 -1.000000e+00
      outer loop
         vertex 4.578298e+00 6.665051e+00 9.700000e+00
         vertex 4.150000e+00 6.500000e+00 9.700000e+00
         vertex 4.141644e+00 6.595507e+00 9.700000e+00
      endloop
   endfacet
   facet normal -0.000000e+00 0.000000e+00 -1.000000e+00
      outer loop
         vertex 4.578298e+00 6.665051e+00 9.700000e+00
         vertex 4.141644e+00 6.595507e+00 9.700000e+00
         vertex 4.537529e+00 6.825575e+00 9.700000e+00
      endloop
   endfacet
   facet normal 0.000000e+00 0.000000e+00 -1.000000e+00
      outer loop
         vertex 4.537529e+00 6.825575e+00 9.700000e+00
         vertex 4.141644e+00 6.595507e+00 9.700000e+00
         vertex 4.116831e+00 6.688111e+00 9.700000e+00
      endloop
   endfacet
   facet normal -0.000000e+00 0.000000e+00 -1.000000e+00
      outer loop
         vertex 4.537529e+00 6.825575e+00 9.700000e+00
         vertex 4.116831e+00 6.688111e+00 9.700000e+00
         vertex 4.470825e+00 6.977168e+00 9.700000e+00
      endloop
   endfacet
   facet normal 0.000000e+00 0.000000e+00 -1.000000e+00
      outer loop
         vertex 4.470825e+00 6.977168e+00 9.700000e+00
         vertex 4.116831e+00 6.688111e+00 9.700000e+00
         vertex 4.076314e+00 6.775000e+00 9.700000e+00
      endloop
   endfacet
   facet normal -0.000000e+00 0.000000e+00 -1.000000e+00
      outer loop
         vertex 4.470825e+00 6.977168e+00 9.700000e+00
         vertex 4.076314e+00 6.775000e+00 9.700000e+00
         vertex 4.380015e+00 7.115673e+00 9.700000e+00
      endloop
   endfacet
   facet normal 0.000000e+00 0.000000e+00 -1.000000e+00
      outer loop
         vertex 4.380015e+00 7.115673e+00 9.700000e+00
         vertex 4.076314e+00 6.775000e+00 9.700000e+00
         vertex 4.021324e+00 6.853533e+00 9.700000e+00
      endloop
   endfacet
   facet normal -0.000000e+00 0.000000e+00 -1.000000e+00
      outer loop
         vertex 4.380015e+00 7.115673e+00 9.700000e+00
         vertex 4.021324e+00 6.853533e+00 9.700000e+00
         vertex 4.267590e+00 7.237290e+00 9.700000e+00
      endloop
   endfacet
   facet normal 0.000000e+00 0.000000e+00 -1.000000e+00
      outer loop
         vertex 4.267590e+00 7.237290e+00 9.700000e+00
         vertex 4.021324e+00 6.853533e+00 9.700000e+00
         vertex 3.953533e+00 6.921325e+00 9.700000e+00
      endloop
   endfacet
   facet normal -0.000000e+00 0.000000e+00 -1.000000e+00
      outer loop
         vertex 4.267590e+00 7.237290e+00 9.700000e+00
         vertex 3.953533e+00 6.921325e+00 9.700000e+00
         vertex 4.136634e+00 7.338682e+00 9.700000e+00
      endloop
   endfacet
   facet normal 0.000000e+00 0.000000e+00 -1.000000e+00
      outer loop
         vertex 4.136634e+00 7.338682e+00 9.700000e+00
         vertex 3.953533e+00 6.921325e+00 9.700000e+00
         vertex 3.875000e+00 6.976314e+00 9.700000e+00
      endloop
   endfacet
   facet normal -0.000000e+00 0.000000e+00 -1.000000e+00
      outer loop
         vertex 4.136634e+00 7.338682e+00 9.700000e+00
         vertex 3.875000e+00 6.976314e+00 9.700000e+00
         vertex 3.990739e+00 7.417070e+00 9.700000e+00
      endloop
   endfacet
   facet normal 0.000000e+00 0.000000e+00 -1.000000e+00
      outer loop
         vertex 3.990739e+00 7.417070e+00 9.700000e+00
         vertex 3.875000e+00 6.976314e+00 9.700000e+00
         vertex 3.788111e+00 7.016831e+00 9.700000e+00
      endloop
   endfacet
   facet normal 0.000000e+00 0.000000e+00 -1.000000e+00
      outer loop
         vertex 3.788111e+00 7.016831e+00 9.700000e+00
         vertex 3.695507e+00 7.041644e+00 9.700000e+00
         vertex 3.990739e+00 7.417070e+00 9.700000e+00
      endloop
   endfacet
   facet normal 0.000000e+00 0.000000e+00 -1.000000e+00
      outer loop
         vertex 3.990739e+00 7.417070e+00 9.700000e+00
         vertex 3.695507e+00 7.041644e+00 9.700000e+00
         vertex 3.600000e+00 7.050000e+00 9.700000e+00
      endloop
   endfacet
   facet normal -0.000000e+00 0.000000e+00 -1.000000e+00
      outer loop
         vertex 3.990739e+00 7.417070e+00 9.700000e+00
         vertex 3.600000e+00 7.050000e+00 9.700000e+00
         vertex 1.500000e+00 8.500000e+00 9.700000e+00
      endloop
   endfacet
   facet normal 0.000000e+00 0.000000e+00 -1.000000e+00
      outer loop
         vertex 1.500000e+00 8.500000e+00 9.700000e+00
         vertex 3.600000e+00 7.050000e+00 9.700000e+00
         vertex 3.504494e+00 7.041644e+00 9.700000e+00
      endloop
   endfacet
   facet normal 0.000000e+00 0.000000e+00 -1.000000e+00
      outer loop
         vertex 1.500000e+00 8.500000e+00 9.700000e+00
         vertex 3.504494e+00 7.041644e+00 9.700000e+00
         vertex 3.411889e+00 7.016831e+00 9.700000e+00
      endloop
   endfacet
   facet normal 0.000000e+00 -0.000000e+00 1.000000e+00
      outer loop
         vertex 3.050000e+00 6.500000e+00 1.110000e+01
         vertex 3.058356e+00 6.595507e+00 1.110000e+01
         vertex 2.750000e+00 6.500000e+00 1.110000e+01
      endloop
   endfacet
   facet normal 0.000000e+00 0.000000e+00 1.000000e+00
      outer loop
         vertex 1.500000e+00 8.500000e+00 1.110000e+01
         vertex 3.246467e+00 6.921325e+00 1.110000e+01
         vertex 3.325000e+00 6.976314e+00 1.110000e+01
      endloop
   endfacet
   facet normal 0.000000e+00 0.000000e+00 1.000000e+00
      outer loop
         vertex 3.695507e+00 5.958356e+00 1.110000e+01
         vertex 3.600000e+00 5.950000e+00 1.110000e+01
         vertex 3.990739e+00 5.582930e+00 1.110000e+01
      endloop
   endfacet
   facet normal 0.000000e+00 -0.000000e+00 1.000000e+00
      outer loop
         vertex 2.750000e+00 6.500000e+00 1.110000e+01
         vertex 3.058356e+00 6.595507e+00 1.110000e+01
         vertex 1.500000e+00 7.419608e+00 1.110000e+01
      endloop
   endfacet
   facet normal 0.000000e+00 0.000000e+00 1.000000e+00
      outer loop
         vertex 1.500000e+00 7.419608e+00 1.110000e+01
         vertex 3.058356e+00 6.595507e+00 1.110000e+01
         vertex 3.083169e+00 6.688111e+00 1.110000e+01
      endloop
   endfacet
   facet normal -0.000000e+00 0.000000e+00 1.000000e+00
      outer loop
         vertex 1.500000e+00 7.419608e+00 1.110000e+01
         vertex 3.083169e+00 6.688111e+00 1.110000e+01
         vertex 1.500000e+00 7.772304e+00 1.110000e+01
      endloop
   endfacet
   facet normal 0.000000e+00 0.000000e+00 1.000000e+00
      outer loop
         vertex 1.500000e+00 7.772304e+00 1.110000e+01
         vertex 3.083169e+00 6.688111e+00 1.110000e+01
         vertex 3.123686e+00 6.775000e+00 1.110000e+01
      endloop
   endfacet
   facet normal -0.000000e+00 0.000000e+00 1.000000e+00
      outer loop
         vertex 1.500000e+00 7.772304e+00 1.110000e+01
         vertex 3.123686e+00 6.775000e+00 1.110000e+01
         vertex 1.500000e+00 8.500000e+00 1.110000e+01
      endloop
   endfacet
   facet normal 0.000000e+00 0.000000e+00 1.000000e+00
      outer loop
         vertex 1.500000e+00 8.500000e+00 1.110000e+01
         vertex 3.123686e+00 6.775000e+00 1.110000e+01
         vertex 3.178676e+00 6.853533e+00 1.110000e+01
      endloop
   endfacet
   facet normal 0.000000e+00 0.000000e+00 1.000000e+00
      outer loop
         vertex 1.500000e+00 8.500000e+00 1.110000e+01
         vertex 3.178676e+00 6.853533e+00 1.110000e+01
         vertex 3.246467e+00 6.921325e+00 1.110000e+01
      endloop
   endfacet
   facet normal 0.000000e+00 0.000000e+00 1.000000e+00
      outer loop
         vertex 3.050000e+00 6.500000e+00 1.110000e+01
         vertex 2.750000e+00 6.500000e+00 1.110000e+01
         vertex 3.058356e+00 6.404494e+00 1.110000e+01
      endloop
   endfacet
   facet normal 0.000000e+00 0.000000e+00 1.000000e+00
      outer loop
         vertex 3.058356e+00 6.404494e+00 1.110000e+01
         vertex 2.750000e+00 6.500000e+00 1.110000e+01
         vertex 1.500000e+00 5.419608e+00 1.110000e+01
      endloop
   endfacet
   facet normal 0.000000e+00 0.000000e+00 1.000000e+00
      outer loop
         vertex 3.058356e+00 6.404494e+00 1.110000e+01
         vertex 1.500000e+00 5.419608e+00 1.110000e+01
         vertex 3.083169e+00 6.311889e+00 1.110000e+01
      endloop
   endfacet
   facet normal 0.000000e+00 0.000000e+00 1.000000e+00
      outer loop
         vertex 3.990739e+00 5.582930e+00 1.110000e+01
         vertex 3.600000e+00 5.950000e+00 1.110000e+01
         vertex 1.500000e+00 4.500000e+00 1.110000e+01
      endloop
   endfacet
   facet normal 0.000000e+00 0.000000e+00 1.000000e+00
      outer loop
         vertex 1.500000e+00 4.500000e+00 1.110000e+01
         vertex 3.600000e+00 5.950000e+00 1.110000e+01
         vertex 3.504494e+00 5.958356e+00 1.110000e+01
      endloop
   endfacet
   facet normal 0.000000e+00 0.000000e+00 1.000000e+00
      outer loop
         vertex 1.500000e+00 4.500000e+00 1.110000e+01
         vertex 3.504494e+00 5.958356e+00 1.110000e+01
         vertex 3.411889e+00 5.983169e+00 1.110000e+01
      endloop
   endfacet
   facet normal 0.000000e+00 0.000000e+00 1.000000e+00
      outer loop
         vertex 1.500000e+00 4.500000e+00 1.110000e+01
         vertex 3.178676e+00 6.146467e+00 1.110000e+01
         vertex 1.500000e+00 5.419608e+00 1.110000e+01
      endloop
   endfacet
   facet normal 0.000000e+00 0.000000e+00 1.000000e+00
      outer loop
         vertex 1.500000e+00 5.419608e+00 1.110000e+01
         vertex 3.178676e+00 6.146467e+00 1.110000e+01
         vertex 3.123686e+00 6.225000e+00 1.110000e+01
      endloop
   endfacet
   facet normal 0.000000e+00 0.000000e+00 1.000000e+00
      outer loop
         vertex 1.500000e+00 5.419608e+00 1.110000e+01
         vertex 3.123686e+00 6.225000e+00 1.110000e+01
         vertex 3.083169e+00 6.311889e+00 1.110000e+01
      endloop
   endfacet
   facet normal 0.000000e+00 0.000000e+00 1.000000e+00
      outer loop
         vertex 3.411889e+00 5.983169e+00 1.110000e+01
         vertex 3.325000e+00 6.023686e+00 1.110000e+01
         vertex 1.500000e+00 4.500000e+00 1.110000e+01
      endloop
   endfacet
   facet normal 0.000000e+00 0.000000e+00 1.000000e+00
      outer loop
         vertex 1.500000e+00 4.500000e+00 1.110000e+01
         vertex 3.325000e+00 6.023686e+00 1.110000e+01
         vertex 3.246467e+00 6.078676e+00 1.110000e+01
      endloop
   endfacet
   facet normal 0.000000e+00 0.000000e+00 1.000000e+00
      outer loop
         vertex 1.500000e+00 4.500000e+00 1.110000e+01
         vertex 3.246467e+00 6.078676e+00 1.110000e+01
         vertex 3.178676e+00 6.146467e+00 1.110000e+01
      endloop
   endfacet
   facet normal 0.000000e+00 -0.000000e+00 1.000000e+00
      outer loop
         vertex 3.325000e+00 6.976314e+00 1.110000e+01
         vertex 3.411889e+00 7.016831e+00 1.110000e+01
         vertex 1.500000e+00 8.500000e+00 1.110000e+01
      endloop
   endfacet
   facet normal 0.000000e+00 0.000000e+00 1.000000e+00
      outer loop
         vertex 1.500000e+00 8.500000e+00 1.110000e+01
         vertex 3.411889e+00 7.016831e+00 1.110000e+01
         vertex 3.504494e+00 7.041644e+00 1.110000e+01
      endloop
   endfacet
   facet normal 0.000000e+00 0.000000e+00 1.000000e+00
      outer loop
         vertex 1.500000e+00 8.500000e+00 1.110000e+01
         vertex 3.504494e+00 7.041644e+00 1.110000e+01
         vertex 3.990739e+00 7.417070e+00 1.110000e+01
      endloop
   endfacet
   facet normal 0.000000e+00 0.000000e+00 1.000000e+00
      outer loop
         vertex 3.990739e+00 7.417070e+00 1.110000e+01
         vertex 3.504494e+00 7.041644e+00 1.110000e+01
         vertex 3.600000e+00 7.050000e+00 1.110000e+01
      endloop
   endfacet
   facet normal -0.000000e+00 0.000000e+00 1.000000e+00
      outer loop
         vertex 3.600000e+00 7.050000e+00 1.110000e+01
         vertex 3.695507e+00 7.041644e+00 1.110000e+01
         vertex 3.990739e+00 7.417070e+00 1.110000e+01
      endloop
   endfacet
   facet normal 0.000000e+00 0.000000e+00 1.000000e+00
      outer loop
         vertex 3.990739e+00 7.417070e+00 1.110000e+01
         vertex 3.695507e+00 7.041644e+00 1.110000e+01
         vertex 3.788111e+00 7.016831e+00 1.110000e+01
      endloop
   endfacet
   facet normal 0.000000e+00 0.000000e+00 1.000000e+00
      outer loop
         vertex 3.990739e+00 7.417070e+00 1.110000e+01
         vertex 3.788111e+00 7.016831e+00 1.110000e+01
         vertex 4.136634e+00 7.338682e+00 1.110000e+01
      endloop
   endfacet
   facet normal 0.000000e+00 0.000000e+00 1.000000e+00
      outer loop
         vertex 4.136634e+00 7.338682e+00 1.110000e+01
         vertex 3.788111e+00 7.016831e+00 1.110000e+01
         vertex 3.875000e+00 6.976314e+00 1.110000e+01
      endloop
   endfacet
   facet normal 0.000000e+00 0.000000e+00 1.000000e+00
      outer loop
         vertex 4.136634e+00 7.338682e+00 1.110000e+01
         vertex 3.875000e+00 6.976314e+00 1.110000e+01
         vertex 4.267590e+00 7.237290e+00 1.110000e+01
      endloop
   endfacet
   facet normal 0.000000e+00 0.000000e+00 1.000000e+00
      outer loop
         vertex 4.267590e+00 7.237290e+00 1.110000e+01
         vertex 3.875000e+00 6.976314e+00 1.110000e+01
         vertex 3.953533e+00 6.921325e+00 1.110000e+01
      endloop
   endfacet
   facet normal 0.000000e+00 0.000000e+00 1.000000e+00
      outer loop
         vertex 4.267590e+00 7.237290e+00 1.110000e+01
         vertex 3.953533e+00 6.921325e+00 1.110000e+01
         vertex 4.380015e+00 7.115673e+00 1.110000e+01
      endloop
   endfacet
   facet normal 0.000000e+00 0.000000e+00 1.000000e+00
      outer loop
         vertex 4.380015e+00 7.115673e+00 1.110000e+01
         vertex 3.953533e+00 6.921325e+00 1.110000e+01
         vertex 4.021324e+00 6.853533e+00 1.110000e+01
      endloop
   endfacet
   facet normal 0.000000e+00 0.000000e+00 1.000000e+00
      outer loop
         vertex 4.380015e+00 7.115673e+00 1.110000e+01
         vertex 4.021324e+00 6.853533e+00 1.110000e+01
         vertex 4.470825e+00 6.977168e+00 1.110000e+01
      endloop
   endfacet
   facet normal 0.000000e+00 0.000000e+00 1.000000e+00
      outer loop
         vertex 4.470825e+00 6.977168e+00 1.110000e+01
         vertex 4.021324e+00 6.853533e+00 1.110000e+01
         vertex 4.076314e+00 6.775000e+00 1.110000e+01
      endloop
   endfacet
   facet normal 0.000000e+00 0.000000e+00 1.000000e+00
      outer loop
         vertex 4.470825e+00 6.977168e+00 1.110000e+01
         vertex 4.076314e+00 6.775000e+00 1.110000e+01
         vertex 4.537529e+00 6.825575e+00 1.110000e+01
      endloop
   endfacet
   facet normal 0.000000e+00 0.000000e+00 1.000000e+00
      outer loop
         vertex 4.537529e+00 6.825575e+00 1.110000e+01
         vertex 4.076314e+00 6.775000e+00 1.110000e+01
         vertex 4.116831e+00 6.688111e+00 1.110000e+01
      endloop
   endfacet
   facet normal 0.000000e+00 0.000000e+00 1.000000e+00
      outer loop
         vertex 4.537529e+00 6.825575e+00 1.110000e+01
         vertex 4.116831e+00 6.688111e+00 1.110000e+01
         vertex 4.578298e+00 6.665051e+00 1.110000e+01
      endloop
   endfacet
   facet normal 0.000000e+00 0.000000e+00 1.000000e+00
      outer loop
         vertex 4.578298e+00 6.665051e+00 1.110000e+01
         vertex 4.116831e+00 6.688111e+00 1.110000e+01
         vertex 4.141644e+00 6.595507e+00 1.110000e+01
      endloop
   endfacet
   facet normal 0.000000e+00 0.000000e+00 1.000000e+00
      outer loop
         vertex 4.578298e+00 6.665051e+00 1.110000e+01
         vertex 4.141644e+00 6.595507e+00 1.110000e+01
         vertex 4.592013e+00 6.500000e+00 1.110000e+01
      endloop
   endfacet
   facet normal 0.000000e+00 0.000000e+00 1.000000e+00
      outer loop
         vertex 4.592013e+00 6.500000e+00 1.110000e+01
         vertex 4.141644e+00 6.595507e+00 1.110000e+01
         vertex 4.150000e+00 6.500000e+00 1.110000e+01
      endloop
   endfacet
   facet normal 0.000000e+00 0.000000e+00 1.000000e+00
      outer loop
         vertex 4.592013e+00 6.500000e+00 1.110000e+01
         vertex 4.150000e+00 6.500000e+00 1.110000e+01
         vertex 4.578298e+00 6.334949e+00 1.110000e+01
      endloop
   endfacet
   facet normal 0.000000e+00 0.000000e+00 1.000000e+00
      outer loop
         vertex 4.578298e+00 6.334949e+00 1.110000e+01
         vertex 4.150000e+00 6.500000e+00 1.110000e+01
         vertex 4.141644e+00 6.404494e+00 1.110000e+01
      endloop
   endfacet
   facet normal 0.000000e+00 0.000000e+00 1.000000e+00
      outer loop
         vertex 4.578298e+00 6.334949e+00 1.110000e+01
         vertex 4.141644e+00 6.404494e+00 1.110000e+01
         vertex 4.537529e+00 6.174425e+00 1.110000e+01
      endloop
   endfacet
   facet normal 0.000000e+00 0.000000e+00 1.000000e+00
      outer loop
         vertex 4.537529e+00 6.174425e+00 1.110000e+01
         vertex 4.141644e+00 6.404494e+00 1.110000e+01
         vertex 4.116831e+00 6.311889e+00 1.110000e+01
      endloop
   endfacet
   facet normal 0.000000e+00 0.000000e+00 1.000000e+00
      outer loop
         vertex 4.537529e+00 6.174425e+00 1.110000e+01
         vertex 4.116831e+00 6.311889e+00 1.110000e+01
         vertex 4.470825e+00 6.022832e+00 1.110000e+01
      endloop
   endfacet
   facet normal 0.000000e+00 0.000000e+00 1.000000e+00
      outer loop
         vertex 4.470825e+00 6.022832e+00 1.110000e+01
         vertex 4.116831e+00 6.311889e+00 1.110000e+01
         vertex 4.076314e+00 6.225000e+00 1.110000e+01
      endloop
   endfacet
   facet normal 0.000000e+00 0.000000e+00 1.000000e+00
      outer loop
         vertex 4.470825e+00 6.022832e+00 1.110000e+01
         vertex 4.076314e+00 6.225000e+00 1.110000e+01
         vertex 4.380015e+00 5.884327e+00 1.110000e+01
      endloop
   endfacet
   facet normal 0.000000e+00 0.000000e+00 1.000000e+00
      outer loop
         vertex 4.380015e+00 5.884327e+00 1.110000e+01
         vertex 4.076314e+00 6.225000e+00 1.110000e+01
         vertex 4.021324e+00 6.146467e+00 1.110000e+01
      endloop
   endfacet
   facet normal 0.000000e+00 0.000000e+00 1.000000e+00
      outer loop
         vertex 4.380015e+00 5.884327e+00 1.110000e+01
         vertex 4.021324e+00 6.146467e+00 1.110000e+01
         vertex 4.267590e+00 5.762711e+00 1.110000e+01
      endloop
   endfacet
   facet normal 0.000000e+00 0.000000e+00 1.000000e+00
      outer loop
         vertex 4.267590e+00 5.762711e+00 1.110000e+01
         vertex 4.021324e+00 6.146467e+00 1.110000e+01
         vertex 3.953533e+00 6.078676e+00 1.110000e+01
      endloop
   endfacet
   facet normal 0.000000e+00 0.000000e+00 1.000000e+00
      outer loop
         vertex 4.267590e+00 5.762711e+00 1.110000e+01
         vertex 3.953533e+00 6.078676e+00 1.110000e+01
         vertex 4.136634e+00 5.661318e+00 1.110000e+01
      endloop
   endfacet
   facet normal 0.000000e+00 0.000000e+00 1.000000e+00
      outer loop
         vertex 4.136634e+00 5.661318e+00 1.110000e+01
         vertex 3.953533e+00 6.078676e+00 1.110000e+01
         vertex 3.875000e+00 6.023686e+00 1.110000e+01
      endloop
   endfacet
   facet normal 0.000000e+00 0.000000e+00 1.000000e+00
      outer loop
         vertex 4.136634e+00 5.661318e+00 1.110000e+01
         vertex 3.875000e+00 6.023686e+00 1.110000e+01
         vertex 3.990739e+00 5.582930e+00 1.110000e+01
      endloop
   endfacet
   facet normal 0.000000e+00 0.000000e+00 1.000000e+00
      outer loop
         vertex 3.990739e+00 5.582930e+00 1.110000e+01
         vertex 3.875000e+00 6.023686e+00 1.110000e+01
         vertex 3.788111e+00 5.983169e+00 1.110000e+01
      endloop
   endfacet
   facet normal 0.000000e+00 0.000000e+00 1.000000e+00
      outer loop
         vertex 3.990739e+00 5.582930e+00 1.110000e+01
         vertex 3.788111e+00 5.983169e+00 1.110000e+01
         vertex 3.695507e+00 5.958356e+00 1.110000e+01
      endloop
   endfacet
   facet normal 4.732994e-01 8.809016e-01 -0.000000e+00
      outer loop
         vertex 3.990739e+00 7.417070e+00 9.700000e+00
         vertex 3.990739e+00 7.417070e+00 1.110000e+01
         vertex 4.136634e+00 7.338682e+00 1.110000e+01
      endloop
   endfacet
   facet normal 4.732994e-01 8.809016e-01 0.000000e+00
      outer loop
         vertex 3.990739e+00 7.417070e+00 9.700000e+00
         vertex 4.136634e+00 7.338682e+00 1.110000e+01
         vertex 4.136634e+00 7.338682e+00 9.700000e+00
      endloop
   endfacet
   facet normal 6.122014e-01 7.907019e-01 -0.000000e+00
      outer loop
         vertex 4.136634e+00 7.338682e+00 9.700000e+00
         vertex 4.136634e+00 7.338682e+00 1.110000e+01
         vertex 4.267590e+00 7.237290e+00 1.110000e+01
      endloop
   endfacet
   facet normal 6.122014e-01 7.907019e-01 0.000000e+00
      outer loop
         vertex 4.136634e+00 7.338682e+00 9.700000e+00
         vertex 4.267590e+00 7.237290e+00 1.110000e+01
         vertex 4.267590e+00 7.237290e+00 9.700000e+00
      endloop
   endfacet
   facet normal 7.343112e-01 6.788130e-01 -0.000000e+00
      outer loop
         vertex 4.267590e+00 7.237290e+00 9.700000e+00
         vertex 4.267590e+00 7.237290e+00 1.110000e+01
         vertex 4.380015e+00 7.115673e+00 1.110000e+01
      endloop
   endfacet
   facet normal 7.343112e-01 6.788130e-01 0.000000e+00
      outer loop
         vertex 4.267590e+00 7.237290e+00 9.700000e+00
         vertex 4.380015e+00 7.115673e+00 1.110000e+01
         vertex 4.380015e+00 7.115673e+00 9.700000e+00
      endloop
   endfacet
   facet normal 8.362794e-01 5.483036e-01 -0.000000e+00
      outer loop
         vertex 4.380015e+00 7.115673e+00 9.700000e+00
         vertex 4.380015e+00 7.115673e+00 1.110000e+01
         vertex 4.470825e+00 6.977168e+00 1.110000e+01
      endloop
   endfacet
   facet normal 8.362794e-01 5.483036e-01 0.000000e+00
      outer loop
         vertex 4.380015e+00 7.115673e+00 9.700000e+00
         vertex 4.470825e+00 6.977168e+00 1.110000e+01
         vertex 4.470825e+00 6.977168e+00 9.700000e+00
      endloop
   endfacet
   facet normal 9.153082e-01 4.027542e-01 -0.000000e+00
      outer loop
         vertex 4.470825e+00 6.977168e+00 9.700000e+00
         vertex 4.470825e+00 6.977168e+00 1.110000e+01
         vertex 4.537529e+00 6.825575e+00 1.110000e+01
      endloop
   endfacet
   facet normal 9.153082e-01 4.027542e-01 0.000000e+00
      outer loop
         vertex 4.470825e+00 6.977168e+00 9.700000e+00
         vertex 4.537529e+00 6.825575e+00 1.110000e+01
         vertex 4.537529e+00 6.825575e+00 9.700000e+00
      endloop
   endfacet
   facet normal 9.692291e-01 2.461604e-01 -0.000000e+00
      outer loop
         vertex 4.537529e+00 6.825575e+00 9.700000e+00
         vertex 4.537529e+00 6.825575e+00 1.110000e+01
         vertex 4.578298e+00 6.665051e+00 1.110000e+01
      endloop
   endfacet
   facet normal 9.692291e-01 2.461604e-01 0.000000e+00
      outer loop
         vertex 4.537529e+00 6.825575e+00 9.700000e+00
         vertex 4.578298e+00 6.665051e+00 1.110000e+01
         vertex 4.578298e+00 6.665051e+00 9.700000e+00
      endloop
   endfacet
   facet normal 9.965655e-01 8.280800e-02 -0.000000e+00
      outer loop
         vertex 4.578298e+00 6.665051e+00 9.700000e+00
         vertex 4.578298e+00 6.665051e+00 1.110000e+01
         vertex 4.592013e+00 6.500000e+00 1.110000e+01
      endloop
   endfacet
   facet normal 9.965655e-01 8.280800e-02 0.000000e+00
      outer loop
         vertex 4.578298e+00 6.665051e+00 9.700000e+00
         vertex 4.592013e+00 6.500000e+00 1.110000e+01
         vertex 4.592013e+00 6.500000e+00 9.700000e+00
      endloop
   endfacet
   facet normal 9.965655e-01 -8.280800e-02 0.000000e+00
      outer loop
         vertex 4.592013e+00 6.500000e+00 9.700000e+00
         vertex 4.592013e+00 6.500000e+00 1.110000e+01
         vertex 4.578298e+00 6.334949e+00 1.110000e+01
      endloop
   endfacet
   facet normal 9.965655e-01 -8.280800e-02 0.000000e+00
      outer loop
         vertex 4.592013e+00 6.500000e+00 9.700000e+00
         vertex 4.578298e+00 6.334949e+00 1.110000e+01
         vertex 4.578298e+00 6.334949e+00 9.700000e+00
      endloop
   endfacet
   facet normal 9.692291e-01 -2.461604e-01 0.000000e+00
      outer loop
         vertex 4.578298e+00 6.334949e+00 9.700000e+00
         vertex 4.578298e+00 6.334949e+00 1.110000e+01
         vertex 4.537529e+00 6.174425e+00 1.110000e+01
      endloop
   endfacet
   facet normal 9.692291e-01 -2.461604e-01 0.000000e+00
      outer loop
         vertex 4.578298e+00 6.334949e+00 9.700000e+00
         vertex 4.537529e+00 6.174425e+00 1.110000e+01
         vertex 4.537529e+00 6.174425e+00 9.700000e+00
      endloop
   endfacet
   facet normal 9.153082e-01 -4.027542e-01 0.000000e+00
      outer loop
         vertex 4.537529e+00 6.174425e+00 9.700000e+00
         vertex 4.537529e+00 6.174425e+00 1.110000e+01
         vertex 4.470825e+00 6.022832e+00 1.110000e+01
      endloop
   endfacet
   facet normal 9.153082e-01 -4.027542e-01 0.000000e+00
      outer loop
         vertex 4.537529e+00 6.174425e+00 9.700000e+00
         vertex 4.470825e+00 6.022832e+00 1.110000e+01
         vertex 4.470825e+00 6.022832e+00 9.700000e+00
      endloop
   endfacet
   facet normal 8.362794e-01 -5.483036e-01 0.000000e+00
      outer loop
         vertex 4.470825e+00 6.022832e+00 9.700000e+00
         vertex 4.470825e+00 6.022832e+00 1.110000e+01
         vertex 4.380015e+00 5.884327e+00 1.110000e+01
      endloop
   endfacet
   facet normal 8.362794e-01 -5.483036e-01 0.000000e+00
      outer loop
         vertex 4.470825e+00 6.022832e+00 9.700000e+00
         vertex 4.380015e+00 5.884327e+00 1.110000e+01
         vertex 4.380015e+00 5.884327e+00 9.700000e+00
      endloop
   endfacet
   facet normal 7.343112e-01 -6.788130e-01 0.000000e+00
      outer loop
         vertex 4.380015e+00 5.884327e+00 9.700000e+00
         vertex 4.380015e+00 5.884327e+00 1.110000e+01
         vertex 4.267590e+00 5.762711e+00 1.110000e+01
      endloop
   endfacet
   facet normal 7.343112e-01 -6.788130e-01 0.000000e+00
      outer loop
         vertex 4.380015e+00 5.884327e+00 9.700000e+00
         vertex 4.267590e+00 5.762711e+00 1.110000e+01
         vertex 4.267590e+00 5.762711e+00 9.700000e+00
      endloop
   endfacet
   facet normal 6.122014e-01 -7.907019e-01 0.000000e+00
      outer loop
         vertex 4.267590e+00 5.762711e+00 9.700000e+00
         vertex 4.267590e+00 5.762711e+00 1.110000e+01
         vertex 4.136634e+00 5.661318e+00 1.110000e+01
      endloop
   endfacet
   facet normal 6.122014e-01 -7.907019e-01 0.000000e+00
      outer loop
         vertex 4.267590e+00 5.762711e+00 9.700000e+00
         vertex 4.136634e+00 5.661318e+00 1.110000e+01
         vertex 4.136634e+00 5.661318e+00 9.700000e+00
      endloop
   endfacet
   facet normal 4.732994e-01 -8.809016e-01 0.000000e+00
      outer loop
         vertex 4.136634e+00 5.661318e+00 9.700000e+00
         vertex 4.136634e+00 5.661318e+00 1.110000e+01
         vertex 3.990739e+00 5.582930e+00 1.110000e+01
      endloop
   endfacet
   facet normal 4.732994e-01 -8.809016e-01 0.000000e+00
      outer loop
         vertex 4.136634e+00 5.661318e+00 9.700000e+00
         vertex 3.990739e+00 5.582930e+00 1.110000e+01
         vertex 3.990739e+00 5.582930e+00 9.700000e+00
      endloop
   endfacet
   facet normal -6.539132e-01 7.565696e-01 -2.476056e-16
      outer loop
         vertex 2.750000e+00 6.500000e+00 9.700000e+00
         vertex 1.500000e+00 5.419608e+00 9.700000e+00
         vertex 2.750000e+00 6.500000e+00 1.110000e+01
      endloop
   endfacet
   facet normal -6.539132e-01 7.565696e-01 0.000000e+00
      outer loop
         vertex 2.750000e+00 6.500000e+00 1.110000e+01
         vertex 1.500000e+00 5.419608e+00 9.700000e+00
         vertex 1.500000e+00 5.419608e+00 1.110000e+01
      endloop
   endfacet
   facet normal -5.925957e-01 -8.055001e-01 0.000000e+00
      outer loop
         vertex 1.500000e+00 7.419608e+00 9.700000e+00
         vertex 2.750000e+00 6.500000e+00 9.700000e+00
         vertex 1.500000e+00 7.419608e+00 1.110000e+01
      endloop
   endfacet
   facet normal -5.925957e-01 -8.055001e-01 2.924079e-16
      outer loop
         vertex 1.500000e+00 7.419608e+00 1.110000e+01
         vertex 2.750000e+00 6.500000e+00 9.700000e+00
         vertex 2.750000e+00 6.500000e+00 1.110000e+01
      endloop
   endfacet
   facet normal -9.961946e-01 -8.715668e-02 0.000000e+00
      outer loop
         vertex 4.150000e+00 6.500000e+00 9.700000e+00
         vertex 4.150000e+00 6.500000e+00 1.110000e+01
         vertex 4.141644e+00 6.595507e+00 9.700000e+00
      endloop
   endfacet
   facet normal -9.961946e-01 -8.715668e-02 0.000000e+00
      outer loop
         vertex 4.141644e+00 6.595507e+00 9.700000e+00
         vertex 4.150000e+00 6.500000e+00 1.110000e+01
         vertex 4.141644e+00 6.595507e+00 1.110000e+01
      endloop
   endfacet
   facet normal -9.659261e-01 -2.588181e-01 0.000000e+00
      outer loop
         vertex 4.141644e+00 6.595507e+00 9.700000e+00
         vertex 4.141644e+00 6.595507e+00 1.110000e+01
         vertex 4.116831e+00 6.688111e+00 9.700000e+00
      endloop
   endfacet
   facet normal -9.659261e-01 -2.588181e-01 0.000000e+00
      outer loop
         vertex 4.116831e+00 6.688111e+00 9.700000e+00
         vertex 4.141644e+00 6.595507e+00 1.110000e+01
         vertex 4.116831e+00 6.688111e+00 1.110000e+01
      endloop
   endfacet
   facet normal -9.063088e-01 -4.226162e-01 0.000000e+00
      outer loop
         vertex 4.116831e+00 6.688111e+00 9.700000e+00
         vertex 4.116831e+00 6.688111e+00 1.110000e+01
         vertex 4.076314e+00 6.775000e+00 9.700000e+00
      endloop
   endfacet
   facet normal -9.063088e-01 -4.226162e-01 0.000000e+00
      outer loop
         vertex 4.076314e+00 6.775000e+00 9.700000e+00
         vertex 4.116831e+00 6.688111e+00 1.110000e+01
         vertex 4.076314e+00 6.775000e+00 1.110000e+01
      endloop
   endfacet
   facet normal -8.191500e-01 -5.735793e-01 0.000000e+00
      outer loop
         vertex 4.076314e+00 6.775000e+00 9.700000e+00
         vertex 4.076314e+00 6.775000e+00 1.110000e+01
         vertex 4.021324e+00 6.853533e+00 9.700000e+00
      endloop
   endfacet
   facet normal -8.191500e-01 -5.735793e-01 0.000000e+00
      outer loop
         vertex 4.021324e+00 6.853533e+00 9.700000e+00
         vertex 4.076314e+00 6.775000e+00 1.110000e+01
         vertex 4.021324e+00 6.853533e+00 1.110000e+01
      endloop
   endfacet
   facet normal -7.071083e-01 -7.071053e-01 0.000000e+00
      outer loop
         vertex 4.021324e+00 6.853533e+00 9.700000e+00
         vertex 4.021324e+00 6.853533e+00 1.110000e+01
         vertex 3.953533e+00 6.921325e+00 9.700000e+00
      endloop
   endfacet
   facet normal -7.071083e-01 -7.071053e-01 0.000000e+00
      outer loop
         vertex 3.953533e+00 6.921325e+00 9.700000e+00
         vertex 4.021324e+00 6.853533e+00 1.110000e+01
         vertex 3.953533e+00 6.921325e+00 1.110000e+01
      endloop
   endfacet
   facet normal -5.735757e-01 -8.191526e-01 0.000000e+00
      outer loop
         vertex 3.953533e+00 6.921325e+00 9.700000e+00
         vertex 3.953533e+00 6.921325e+00 1.110000e+01
         vertex 3.875000e+00 6.976314e+00 9.700000e+00
      endloop
   endfacet
   facet normal -5.735757e-01 -8.191526e-01 0.000000e+00
      outer loop
         vertex 3.875000e+00 6.976314e+00 9.700000e+00
         vertex 3.953533e+00 6.921325e+00 1.110000e+01
         vertex 3.875000e+00 6.976314e+00 1.110000e+01
      endloop
   endfacet
   facet normal -4.226185e-01 -9.063077e-01 0.000000e+00
      outer loop
         vertex 3.875000e+00 6.976314e+00 9.700000e+00
         vertex 3.875000e+00 6.976314e+00 1.110000e+01
         vertex 3.788111e+00 7.016831e+00 9.700000e+00
      endloop
   endfacet
   facet normal -4.226185e-01 -9.063077e-01 0.000000e+00
      outer loop
         vertex 3.788111e+00 7.016831e+00 9.700000e+00
         vertex 3.875000e+00 6.976314e+00 1.110000e+01
         vertex 3.788111e+00 7.016831e+00 1.110000e+01
      endloop
   endfacet
   facet normal -2.588196e-01 -9.659257e-01 0.000000e+00
      outer loop
         vertex 3.788111e+00 7.016831e+00 9.700000e+00
         vertex 3.788111e+00 7.016831e+00 1.110000e+01
         vertex 3.695507e+00 7.041644e+00 9.700000e+00
      endloop
   endfacet
   facet normal -2.588196e-01 -9.659257e-01 0.000000e+00
      outer loop
         vertex 3.695507e+00 7.041644e+00 9.700000e+00
         vertex 3.788111e+00 7.016831e+00 1.110000e+01
         vertex 3.695507e+00 7.041644e+00 1.110000e+01
      endloop
   endfacet
   facet normal -8.715532e-02 -9.961947e-01 0.000000e+00
      outer loop
         vertex 3.695507e+00 7.041644e+00 9.700000e+00
         vertex 3.695507e+00 7.041644e+00 1.110000e+01
         vertex 3.600000e+00 7.050000e+00 9.700000e+00
      endloop
   endfacet
   facet normal -8.715532e-02 -9.961947e-01 0.000000e+00
      outer loop
         vertex 3.600000e+00 7.050000e+00 9.700000e+00
         vertex 3.695507e+00 7.041644e+00 1.110000e+01
         vertex 3.600000e+00 7.050000e+00 1.110000e+01
      endloop
   endfacet
   facet normal 8.715553e-02 -9.961947e-01 0.000000e+00
      outer loop
         vertex 3.600000e+00 7.050000e+00 9.700000e+00
         vertex 3.600000e+00 7.050000e+00 1.110000e+01
         vertex 3.504494e+00 7.041644e+00 9.700000e+00
      endloop
   endfacet
   facet normal 8.715553e-02 -9.961947e-01 0.000000e+00
      outer loop
         vertex 3.504494e+00 7.041644e+00 9.700000e+00
         vertex 3.600000e+00 7.050000e+00 1.110000e+01
         vertex 3.504494e+00 7.041644e+00 1.110000e+01
      endloop
   endfacet
   facet normal 2.588190e-01 -9.659258e-01 0.000000e+00
      outer loop
         vertex 3.504494e+00 7.041644e+00 9.700000e+00
         vertex 3.504494e+00 7.041644e+00 1.110000e+01
         vertex 3.411889e+00 7.016831e+00 9.700000e+00
      endloop
   endfacet
   facet normal 2.588190e-01 -9.659258e-01 0.000000e+00
      outer loop
         vertex 3.411889e+00 7.016831e+00 9.700000e+00
         vertex 3.504494e+00 7.041644e+00 1.110000e+01
         vertex 3.411889e+00 7.016831e+00 1.110000e+01
      endloop
   endfacet
   facet normal 4.226185e-01 -9.063077e-01 0.000000e+00
      outer loop
         vertex 3.411889e+00 7.016831e+00 9.700000e+00
         vertex 3.411889e+00 7.016831e+00 1.110000e+01
         vertex 3.325000e+00 6.976314e+00 9.700000e+00
      endloop
   endfacet
   facet normal 4.226185e-01 -9.063077e-01 0.000000e+00
      outer loop
         vertex 3.325000e+00 6.976314e+00 9.700000e+00
         vertex 3.411889e+00 7.016831e+00 1.110000e+01
         vertex 3.325000e+00 6.976314e+00 1.110000e+01
      endloop
   endfacet
   facet normal 5.735768e-01 -8.191518e-01 0.000000e+00
      outer loop
         vertex 3.325000e+00 6.976314e+00 9.700000e+00
         vertex 3.325000e+00 6.976314e+00 1.110000e+01
         vertex 3.246467e+00 6.921325e+00 9.700000e+00
      endloop
   endfacet
   facet normal 5.735768e-01 -8.191518e-01 0.000000e+00
      outer loop
         vertex 3.246467e+00 6.921325e+00 9.700000e+00
         vertex 3.325000e+00 6.976314e+00 1.110000e+01
         vertex 3.246467e+00 6.921325e+00 1.110000e+01
      endloop
   endfacet
   facet normal 7.071071e-01 -7.071065e-01 0.000000e+00
      outer loop
         vertex 3.246467e+00 6.921325e+00 9.700000e+00
         vertex 3.246467e+00 6.921325e+00 1.110000e+01
         vertex 3.178676e+00 6.853533e+00 9.700000e+00
      endloop
   endfacet
   facet normal 7.071071e-01 -7.071065e-01 0.000000e+00
      outer loop
         vertex 3.178676e+00 6.853533e+00 9.700000e+00
         vertex 3.246467e+00 6.921325e+00 1.110000e+01
         vertex 3.178676e+00 6.853533e+00 1.110000e+01
      endloop
   endfacet
   facet normal 8.191512e-01 -5.735777e-01 0.000000e+00
      outer loop
         vertex 3.178676e+00 6.853533e+00 9.700000e+00
         vertex 3.178676e+00 6.853533e+00 1.110000e+01
         vertex 3.123686e+00 6.775000e+00 9.700000e+00
      endloop
   endfacet
   facet normal 8.191512e-01 -5.735777e-01 0.000000e+00
      outer loop
         vertex 3.123686e+00 6.775000e+00 9.700000e+00
         vertex 3.178676e+00 6.853533e+00 1.110000e+01
         vertex 3.123686e+00 6.775000e+00 1.110000e+01
      endloop
   endfacet
   facet normal 9.063078e-01 -4.226182e-01 0.000000e+00
      outer loop
         vertex 3.123686e+00 6.775000e+00 9.700000e+00
         vertex 3.123686e+00 6.775000e+00 1.110000e+01
         vertex 3.083169e+00 6.688111e+00 9.700000e+00
      endloop
   endfacet
   facet normal 9.063078e-01 -4.226182e-01 0.000000e+00
      outer loop
         vertex 3.083169e+00 6.688111e+00 9.700000e+00
         vertex 3.123686e+00 6.775000e+00 1.110000e+01
         vertex 3.083169e+00 6.688111e+00 1.110000e+01
      endloop
   endfacet
   facet normal 9.659261e-01 -2.588181e-01 0.000000e+00
      outer loop
         vertex 3.083169e+00 6.688111e+00 9.700000e+00
         vertex 3.083169e+00 6.688111e+00 1.110000e+01
         vertex 3.058356e+00 6.595507e+00 9.700000e+00
      endloop
   endfacet
   facet normal 9.659261e-01 -2.588181e-01 0.000000e+00
      outer loop
         vertex 3.058356e+00 6.595507e+00 9.700000e+00
         vertex 3.083169e+00 6.688111e+00 1.110000e+01
         vertex 3.058356e+00 6.595507e+00 1.110000e+01
      endloop
   endfacet
   facet normal 9.961946e-01 -8.715668e-02 0.000000e+00
      outer loop
         vertex 3.058356e+00 6.595507e+00 9.700000e+00
         vertex 3.058356e+00 6.595507e+00 1.110000e+01
         vertex 3.050000e+00 6.500000e+00 9.700000e+00
      endloop
   endfacet
   facet normal 9.961946e-01 -8.715668e-02 0.000000e+00
      outer loop
         vertex 3.050000e+00 6.500000e+00 9.700000e+00
         vertex 3.058356e+00 6.595507e+00 1.110000e+01
         vertex 3.050000e+00 6.500000e+00 1.110000e+01
      endloop
   endfacet
   facet normal 9.961946e-01 8.715668e-02 -0.000000e+00
      outer loop
         vertex 3.050000e+00 6.500000e+00 9.700000e+00
         vertex 3.050000e+00 6.500000e+00 1.110000e+01
         vertex 3.058356e+00 6.404494e+00 9.700000e+00
      endloop
   endfacet
   facet normal 9.961946e-01 8.715668e-02 -0.000000e+00
      outer loop
         vertex 3.058356e+00 6.404494e+00 9.700000e+00
         vertex 3.050000e+00 6.500000e+00 1.110000e+01
         vertex 3.058356e+00 6.404494e+00 1.110000e+01
      endloop
   endfacet
   facet normal 9.659261e-01 2.588181e-01 -0.000000e+00
      outer loop
         vertex 3.058356e+00 6.404494e+00 9.700000e+00
         vertex 3.058356e+00 6.404494e+00 1.110000e+01
         vertex 3.083169e+00 6.311889e+00 9.700000e+00
      endloop
   endfacet
   facet normal 9.659261e-01 2.588181e-01 -0.000000e+00
      outer loop
         vertex 3.083169e+00 6.311889e+00 9.700000e+00
         vertex 3.058356e+00 6.404494e+00 1.110000e+01
         vertex 3.083169e+00 6.311889e+00 1.110000e+01
      endloop
   endfacet
   facet normal 9.063078e-01 4.226182e-01 -0.000000e+00
      outer loop
         vertex 3.083169e+00 6.311889e+00 9.700000e+00
         vertex 3.083169e+00 6.311889e+00 1.110000e+01
         vertex 3.123686e+00 6.225000e+00 9.700000e+00
      endloop
   endfacet
   facet normal 9.063078e-01 4.226182e-01 -0.000000e+00
      outer loop
         vertex 3.123686e+00 6.225000e+00 9.700000e+00
         vertex 3.083169e+00 6.311889e+00 1.110000e+01
         vertex 3.123686e+00 6.225000e+00 1.110000e+01
      endloop
   endfacet
   facet normal 8.191512e-01 5.735777e-01 -0.000000e+00
      outer loop
         vertex 3.123686e+00 6.225000e+00 9.700000e+00
         vertex 3.123686e+00 6.225000e+00 1.110000e+01
         vertex 3.178676e+00 6.146467e+00 9.700000e+00
      endloop
   endfacet
   facet normal 8.191512e-01 5.735777e-01 -0.000000e+00
      outer loop
         vertex 3.178676e+00 6.146467e+00 9.700000e+00
         vertex 3.123686e+00 6.225000e+00 1.110000e+01
         vertex 3.178676e+00 6.146467e+00 1.110000e+01
      endloop
   endfacet
   facet normal 7.071071e-01 7.071065e-01 -0.000000e+00
      outer loop
         vertex 3.178676e+00 6.146467e+00 9.700000e+00
         vertex 3.178676e+00 6.146467e+00 1.110000e+01
         vertex 3.246467e+00 6.078676e+00 9.700000e+00
      endloop
   endfacet
   facet normal 7.071071e-01 7.071065e-01 -0.000000e+00
      outer loop
         vertex 3.246467e+00 6.078676e+00 9.700000e+00
         vertex 3.178676e+00 6.146467e+00 1.110000e+01
         vertex 3.246467e+00 6.078676e+00 1.110000e+01
      endloop
   endfacet
   facet normal 5.735768e-01 8.191518e-01 -0.000000e+00
      outer loop
         vertex 3.246467e+00 6.078676e+00 9.700000e+00
         vertex 3.246467e+00 6.078676e+00 1.110000e+01
         vertex 3.325000e+00 6.023686e+00 9.700000e+00
      endloop
   endfacet
   facet normal 5.735768e-01 8.191518e-01 -0.000000e+00
      outer loop
         vertex 3.325000e+00 6.023686e+00 9.700000e+00
         vertex 3.246467e+00 6.078676e+00 1.110000e+01
         vertex 3.325000e+00 6.023686e+00 1.110000e+01
      endloop
   endfacet
   facet normal 4.226185e-01 9.063077e-01 -0.000000e+00
      outer loop
         vertex 3.325000e+00 6.023686e+00 9.700000e+00
         vertex 3.325000e+00 6.023686e+00 1.110000e+01
         vertex 3.411889e+00 5.983169e+00 9.700000e+00
      endloop
   endfacet
   facet normal 4.226185e-01 9.063077e-01 -0.000000e+00
      outer loop
         vertex 3.411889e+00 5.983169e+00 9.700000e+00
         vertex 3.325000e+00 6.023686e+00 1.110000e+01
         vertex 3.411889e+00 5.983169e+00 1.110000e+01
      endloop
   endfacet
   facet normal 2.588190e-01 9.659258e-01 -0.000000e+00
      outer loop
         vertex 3.411889e+00 5.983169e+00 9.700000e+00
         vertex 3.411889e+00 5.983169e+00 1.110000e+01
         vertex 3.504494e+00 5.958356e+00 9.700000e+00
      endloop
   endfacet
   facet normal 2.588190e-01 9.659258e-01 -0.000000e+00
      outer loop
         vertex 3.504494e+00 5.958356e+00 9.700000e+00
         vertex 3.411889e+00 5.983169e+00 1.110000e+01
         vertex 3.504494e+00 5.958356e+00 1.110000e+01
      endloop
   endfacet
   facet normal 8.715553e-02 9.961947e-01 -0.000000e+00
      outer loop
         vertex 3.504494e+00 5.958356e+00 9.700000e+00
         vertex 3.504494e+00 5.958356e+00 1.110000e+01
         vertex 3.600000e+00 5.950000e+00 9.700000e+00
      endloop
   endfacet
   facet normal 8.715553e-02 9.961947e-01 -0.000000e+00
      outer loop
         vertex 3.600000e+00 5.950000e+00 9.700000e+00
         vertex 3.504494e+00 5.958356e+00 1.110000e+01
         vertex 3.600000e+00 5.950000e+00 1.110000e+01
      endloop
   endfacet
   facet normal -8.715532e-02 9.961947e-01 0.000000e+00
      outer loop
         vertex 3.600000e+00 5.950000e+00 9.700000e+00
         vertex 3.600000e+00 5.950000e+00 1.110000e+01
         vertex 3.695507e+00 5.958356e+00 9.700000e+00
      endloop
   endfacet
   facet normal -8.715532e-02 9.961947e-01 0.000000e+00
      outer loop
         vertex 3.695507e+00 5.958356e+00 9.700000e+00
         vertex 3.600000e+00 5.950000e+00 1.110000e+01
         vertex 3.695507e+00 5.958356e+00 1.110000e+01
      endloop
   endfacet
   facet normal -2.588196e-01 9.659257e-01 0.000000e+00
      outer loop
         vertex 3.695507e+00 5.958356e+00 9.700000e+00
         vertex 3.695507e+00 5.958356e+00 1.110000e+01
         vertex 3.788111e+00 5.983169e+00 9.700000e+00
      endloop
   endfacet
   facet normal -2.588196e-01 9.659257e-01 0.000000e+00
      outer loop
         vertex 3.788111e+00 5.983169e+00 9.700000e+00
         vertex 3.695507e+00 5.958356e+00 1.110000e+01
         vertex 3.788111e+00 5.983169e+00 1.110000e+01
      endloop
   endfacet
   facet normal -4.226185e-01 9.063077e-01 0.000000e+00
      outer loop
         vertex 3.788111e+00 5.983169e+00 9.700000e+00
         vertex 3.788111e+00 5.983169e+00 1.110000e+01
         vertex 3.875000e+00 6.023686e+00 9.700000e+00
      endloop
   endfacet
   facet normal -4.226185e-01 9.063077e-01 0.000000e+00
      outer loop
         vertex 3.875000e+00 6.023686e+00 9.700000e+00
         vertex 3.788111e+00 5.983169e+00 1.110000e+01
         vertex 3.875000e+00 6.023686e+00 1.110000e+01
      endloop
   endfacet
   facet normal -5.735757e-01 8.191526e-01 0.000000e+00
      outer loop
         vertex 3.875000e+00 6.023686e+00 9.700000e+00
         vertex 3.875000e+00 6.023686e+00 1.110000e+01
         vertex 3.953533e+00 6.078676e+00 9.700000e+00
      endloop
   endfacet
   facet normal -5.735757e-01 8.191526e-01 0.000000e+00
      outer loop
         vertex 3.953533e+00 6.078676e+00 9.700000e+00
         vertex 3.875000e+00 6.023686e+00 1.110000e+01
         vertex 3.953533e+00 6.078676e+00 1.110000e+01
      endloop
   endfacet
   facet normal -7.071083e-01 7.071053e-01 0.000000e+00
      outer loop
         vertex 3.953533e+00 6.078676e+00 9.700000e+00
         vertex 3.953533e+00 6.078676e+00 1.110000e+01
         vertex 4.021324e+00 6.146467e+00 9.700000e+00
      endloop
   endfacet
   facet normal -7.071083e-01 7.071053e-01 0.000000e+00
      outer loop
         vertex 4.021324e+00 6.146467e+00 9.700000e+00
         vertex 3.953533e+00 6.078676e+00 1.110000e+01
         vertex 4.021324e+00 6.146467e+00 1.110000e+01
      endloop
   endfacet
   facet normal -8.191500e-01 5.735793e-01 0.000000e+00
      outer loop
         vertex 4.021324e+00 6.146467e+00 9.700000e+00
         vertex 4.021324e+00 6.146467e+00 1.110000e+01
         vertex 4.076314e+00 6.225000e+00 9.700000e+00
      endloop
   endfacet
   facet normal -8.191500e-01 5.735793e-01 0.000000e+00
      outer loop
         vertex 4.076314e+00 6.225000e+00 9.700000e+00
         vertex 4.021324e+00 6.146467e+00 1.110000e+01
         vertex 4.076314e+00 6.225000e+00 1.110000e+01
      endloop
   endfacet
   facet normal -9.063088e-01 4.226162e-01 0.000000e+00
      outer loop
         vertex 4.076314e+00 6.225000e+00 9.700000e+00
         vertex 4.076314e+00 6.225000e+00 1.110000e+01
         vertex 4.116831e+00 6.311889e+00 9.700000e+00
      endloop
   endfacet
   facet normal -9.063088e-01 4.226162e-01 0.000000e+00
      outer loop
         vertex 4.116831e+00 6.311889e+00 9.700000e+00
         vertex 4.076314e+00 6.225000e+00 1.110000e+01
         vertex 4.116831e+00 6.311889e+00 1.110000e+01
      endloop
   endfacet
   facet normal -9.659261e-01 2.588181e-01 0.000000e+00
      outer loop
         vertex 4.116831e+00 6.311889e+00 9.700000e+00
         vertex 4.116831e+00 6.311889e+00 1.110000e+01
         vertex 4.141644e+00 6.404494e+00 9.700000e+00
      endloop
   endfacet
   facet normal -9.659261e-01 2.588181e-01 0.000000e+00
      outer loop
         vertex 4.141644e+00 6.404494e+00 9.700000e+00
         vertex 4.116831e+00 6.311889e+00 1.110000e+01
         vertex 4.141644e+00 6.404494e+00 1.110000e+01
      endloop
   endfacet
   facet normal -9.961946e-01 8.715668e-02 0.000000e+00
      outer loop
         vertex 4.141644e+00 6.404494e+00 9.700000e+00
         vertex 4.141644e+00 6.404494e+00 1.110000e+01
         vertex 4.150000e+00 6.500000e+00 9.700000e+00
      endloop
   endfacet
   facet normal -9.961946e-01 8.715668e-02 0.000000e+00
      outer loop
         vertex 4.150000e+00 6.500000e+00 9.700000e+00
         vertex 4.141644e+00 6.404494e+00 1.110000e+01
         vertex 4.150000e+00 6.500000e+00 1.110000e+01
      endloop
   endfacet
   facet normal 3.987262e-01 -9.170700e-01 0.000000e+00
      outer loop
         vertex 1.500000e+00 4.500000e+00 1.900000e+00
         vertex 3.990739e+00 5.582930e+00 1.900000e+00
         vertex 1.500000e+00 4.500000e+00 3.300000e+00
      endloop
   endfacet
   facet normal 3.987262e-01 -9.170700e-01 0.000000e+00
      outer loop
         vertex 1.500000e+00 4.500000e+00 3.300000e+00
         vertex 3.990739e+00 5.582930e+00 1.900000e+00
         vertex 3.990739e+00 5.582930e+00 3.300000e+00
      endloop
   endfacet
   facet normal 3.987262e-01 9.170700e-01 0.000000e+00
      outer loop
         vertex 1.500000e+00 8.500000e+00 3.300000e+00
         vertex 3.990739e+00 7.417070e+00 3.300000e+00
         vertex 1.500000e+00 8.500000e+00 1.900000e+00
      endloop
   endfacet
   facet normal 3.987262e-01 9.170700e-01 0.000000e+00
      outer loop
         vertex 1.500000e+00 8.500000e+00 1.900000e+00
         vertex 3.990739e+00 7.417070e+00 3.300000e+00
         vertex 3.990739e+00 7.417070e+00 1.900000e+00
      endloop
   endfacet
   facet normal 0.000000e+00 -0.000000e+00 1.000000e+00
      outer loop
         vertex 3.050000e+00 6.500000e+00 3.300000e+00
         vertex 3.058356e+00 6.595507e+00 3.300000e+00
         vertex 2.750000e+00 6.500000e+00 3.300000e+00
      endloop
   endfacet
   facet normal 0.000000e+00 0.000000e+00 1.000000e+00
      outer loop
         vertex 1.500000e+00 8.500000e+00 3.300000e+00
         vertex 3.246467e+00 6.921325e+00 3.300000e+00
         vertex 3.325000e+00 6.976314e+00 3.300000e+00
      endloop
   endfacet
   facet normal 0.000000e+00 -0.000000e+00 1.000000e+00
      outer loop
         vertex 2.750000e+00 6.500000e+00 3.300000e+00
         vertex 3.058356e+00 6.595507e+00 3.300000e+00
         vertex 1.500000e+00 7.419608e+00 3.300000e+00
      endloop
   endfacet
   facet normal 0.000000e+00 0.000000e+00 1.000000e+00
      outer loop
         vertex 1.500000e+00 7.419608e+00 3.300000e+00
         vertex 3.058356e+00 6.595507e+00 3.300000e+00
         vertex 3.083169e+00 6.688111e+00 3.300000e+00
      endloop
   endfacet
   facet normal -0.000000e+00 0.000000e+00 1.000000e+00
      outer loop
         vertex 1.500000e+00 7.419608e+00 3.300000e+00
         vertex 3.083169e+00 6.688111e+00 3.300000e+00
         vertex 1.500000e+00 7.772304e+00 3.300000e+00
      endloop
   endfacet
   facet normal 0.000000e+00 0.000000e+00 1.000000e+00
      outer loop
         vertex 1.500000e+00 7.772304e+00 3.300000e+00
         vertex 3.083169e+00 6.688111e+00 3.300000e+00
         vertex 3.123686e+00 6.775000e+00 3.300000e+00
      endloop
   endfacet
   facet normal -0.000000e+00 0.000000e+00 1.000000e+00
      outer loop
         vertex 1.500000e+00 7.772304e+00 3.300000e+00
         vertex 3.123686e+00 6.775000e+00 3.300000e+00
         vertex 1.500000e+00 8.500000e+00 3.300000e+00
      endloop
   endfacet
   facet normal 0.000000e+00 0.000000e+00 1.000000e+00
      outer loop
         vertex 1.500000e+00 8.500000e+00 3.300000e+00
         vertex 3.123686e+00 6.775000e+00 3.300000e+00
         vertex 3.178676e+00 6.853533e+00 3.300000e+00
      endloop
   endfacet
   facet normal 0.000000e+00 0.000000e+00 1.000000e+00
      outer loop
         vertex 1.500000e+00 8.500000e+00 3.300000e+00
         vertex 3.178676e+00 6.853533e+00 3.300000e+00
         vertex 3.246467e+00 6.921325e+00 3.300000e+00
      endloop
   endfacet
   facet normal 0.000000e+00 0.000000e+00 1.000000e+00
      outer loop
         vertex 3.411889e+00 5.983169e+00 3.300000e+00
         vertex 3.325000e+00 6.023686e+00 3.300000e+00
         vertex 1.500000e+00 4.500000e+00 3.300000e+00
      endloop
   endfacet
   facet normal 0.000000e+00 0.000000e+00 1.000000e+00
      outer loop
         vertex 3.050000e+00 6.500000e+00 3.300000e+00
         vertex 2.750000e+00 6.500000e+00 3.300000e+00
         vertex 3.058356e+00 6.404494e+00 3.300000e+00
      endloop
   endfacet
   facet normal 0.000000e+00 0.000000e+00 1.000000e+00
      outer loop
         vertex 3.058356e+00 6.404494e+00 3.300000e+00
         vertex 2.750000e+00 6.500000e+00 3.300000e+00
         vertex 1.500000e+00 5.419608e+00 3.300000e+00
      endloop
   endfacet
   facet normal 0.000000e+00 0.000000e+00 1.000000e+00
      outer loop
         vertex 3.058356e+00 6.404494e+00 3.300000e+00
         vertex 1.500000e+00 5.419608e+00 3.300000e+00
         vertex 3.083169e+00 6.311889e+00 3.300000e+00
      endloop
   endfacet
   facet normal -0.000000e+00 0.000000e+00 1.000000e+00
      outer loop
         vertex 3.788111e+00 5.983169e+00 3.300000e+00
         vertex 3.990739e+00 5.582930e+00 3.300000e+00
         vertex 3.875000e+00 6.023686e+00 3.300000e+00
      endloop
   endfacet
   facet normal 0.000000e+00 0.000000e+00 1.000000e+00
      outer loop
         vertex 3.875000e+00 6.023686e+00 3.300000e+00
         vertex 3.990739e+00 5.582930e+00 3.300000e+00
         vertex 4.136634e+00 5.661318e+00 3.300000e+00
      endloop
   endfacet
   facet normal -0.000000e+00 0.000000e+00 1.000000e+00
      outer loop
         vertex 3.875000e+00 6.023686e+00 3.300000e+00
         vertex 4.136634e+00 5.661318e+00 3.300000e+00
         vertex 3.953533e+00 6.078676e+00 3.300000e+00
      endloop
   endfacet
   facet normal 0.000000e+00 0.000000e+00 1.000000e+00
      outer loop
         vertex 3.953533e+00 6.078676e+00 3.300000e+00
         vertex 4.136634e+00 5.661318e+00 3.300000e+00
         vertex 4.267590e+00 5.762711e+00 3.300000e+00
      endloop
   endfacet
   facet normal -0.000000e+00 0.000000e+00 1.000000e+00
      outer loop
         vertex 3.953533e+00 6.078676e+00 3.300000e+00
         vertex 4.267590e+00 5.762711e+00 3.300000e+00
         vertex 4.021324e+00 6.146467e+00 3.300000e+00
      endloop
   endfacet
   facet normal 0.000000e+00 0.000000e+00 1.000000e+00
      outer loop
         vertex 4.021324e+00 6.146467e+00 3.300000e+00
         vertex 4.267590e+00 5.762711e+00 3.300000e+00
         vertex 4.380015e+00 5.884327e+00 3.300000e+00
      endloop
   endfacet
   facet normal -0.000000e+00 0.000000e+00 1.000000e+00
      outer loop
         vertex 4.021324e+00 6.146467e+00 3.300000e+00
         vertex 4.380015e+00 5.884327e+00 3.300000e+00
         vertex 4.076314e+00 6.225000e+00 3.300000e+00
      endloop
   endfacet
   facet normal 0.000000e+00 0.000000e+00 1.000000e+00
      outer loop
         vertex 4.076314e+00 6.225000e+00 3.300000e+00
         vertex 4.380015e+00 5.884327e+00 3.300000e+00
         vertex 4.470825e+00 6.022832e+00 3.300000e+00
      endloop
   endfacet
   facet normal -0.000000e+00 0.000000e+00 1.000000e+00
      outer loop
         vertex 4.076314e+00 6.225000e+00 3.300000e+00
         vertex 4.470825e+00 6.022832e+00 3.300000e+00
         vertex 4.116831e+00 6.311889e+00 3.300000e+00
      endloop
   endfacet
   facet normal 0.000000e+00 0.000000e+00 1.000000e+00
      outer loop
         vertex 4.116831e+00 6.311889e+00 3.300000e+00
         vertex 4.470825e+00 6.022832e+00 3.300000e+00
         vertex 4.537529e+00 6.174425e+00 3.300000e+00
      endloop
   endfacet
   facet normal -0.000000e+00 0.000000e+00 1.000000e+00
      outer loop
         vertex 4.116831e+00 6.311889e+00 3.300000e+00
         vertex 4.537529e+00 6.174425e+00 3.300000e+00
         vertex 4.141644e+00 6.404494e+00 3.300000e+00
      endloop
   endfacet
   facet normal 0.000000e+00 0.000000e+00 1.000000e+00
      outer loop
         vertex 4.141644e+00 6.404494e+00 3.300000e+00
         vertex 4.537529e+00 6.174425e+00 3.300000e+00
         vertex 4.578298e+00 6.334949e+00 3.300000e+00
      endloop
   endfacet
   facet normal -0.000000e+00 0.000000e+00 1.000000e+00
      outer loop
         vertex 4.141644e+00 6.404494e+00 3.300000e+00
         vertex 4.578298e+00 6.334949e+00 3.300000e+00
         vertex 4.150000e+00 6.500000e+00 3.300000e+00
      endloop
   endfacet
   facet normal -0.000000e+00 0.000000e+00 1.000000e+00
      outer loop
         vertex 4.150000e+00 6.500000e+00 3.300000e+00
         vertex 4.578298e+00 6.334949e+00 3.300000e+00
         vertex 4.592013e+00 6.500000e+00 3.300000e+00
      endloop
   endfacet
   facet normal 0.000000e+00 -0.000000e+00 1.000000e+00
      outer loop
         vertex 4.150000e+00 6.500000e+00 3.300000e+00
         vertex 4.592013e+00 6.500000e+00 3.300000e+00
         vertex 4.141644e+00 6.595507e+00 3.300000e+00
      endloop
   endfacet
   facet normal -0.000000e+00 0.000000e+00 1.000000e+00
      outer loop
         vertex 4.141644e+00 6.595507e+00 3.300000e+00
         vertex 4.592013e+00 6.500000e+00 3.300000e+00
         vertex 4.578298e+00 6.665051e+00 3.300000e+00
      endloop
   endfacet
   facet normal 0.000000e+00 -0.000000e+00 1.000000e+00
      outer loop
         vertex 4.141644e+00 6.595507e+00 3.300000e+00
         vertex 4.578298e+00 6.665051e+00 3.300000e+00
         vertex 4.116831e+00 6.688111e+00 3.300000e+00
      endloop
   endfacet
   facet normal -0.000000e+00 0.000000e+00 1.000000e+00
      outer loop
         vertex 4.116831e+00 6.688111e+00 3.300000e+00
         vertex 4.578298e+00 6.665051e+00 3.300000e+00
         vertex 4.537529e+00 6.825575e+00 3.300000e+00
      endloop
   endfacet
   facet normal 0.000000e+00 -0.000000e+00 1.000000e+00
      outer loop
         vertex 4.116831e+00 6.688111e+00 3.300000e+00
         vertex 4.537529e+00 6.825575e+00 3.300000e+00
         vertex 4.076314e+00 6.775000e+00 3.300000e+00
      endloop
   endfacet
   facet normal 0.000000e+00 0.000000e+00 1.000000e+00
      outer loop
         vertex 4.076314e+00 6.775000e+00 3.300000e+00
         vertex 4.537529e+00 6.825575e+00 3.300000e+00
         vertex 4.470825e+00 6.977168e+00 3.300000e+00
      endloop
   endfacet
   facet normal 0.000000e+00 -0.000000e+00 1.000000e+00
      outer loop
         vertex 4.076314e+00 6.775000e+00 3.300000e+00
         vertex 4.470825e+00 6.977168e+00 3.300000e+00
         vertex 4.021324e+00 6.853533e+00 3.300000e+00
      endloop
   endfacet
   facet normal 0.000000e+00 0.000000e+00 1.000000e+00
      outer loop
         vertex 4.021324e+00 6.853533e+00 3.300000e+00
         vertex 4.470825e+00 6.977168e+00 3.300000e+00
         vertex 4.380015e+00 7.115673e+00 3.300000e+00
      endloop
   endfacet
   facet normal 0.000000e+00 -0.000000e+00 1.000000e+00
      outer loop
         vertex 4.021324e+00 6.853533e+00 3.300000e+00
         vertex 4.380015e+00 7.115673e+00 3.300000e+00
         vertex 3.953533e+00 6.921325e+00 3.300000e+00
      endloop
   endfacet
   facet normal 0.000000e+00 0.000000e+00 1.000000e+00
      outer loop
         vertex 3.953533e+00 6.921325e+00 3.300000e+00
         vertex 4.380015e+00 7.115673e+00 3.300000e+00
         vertex 4.267590e+00 7.237290e+00 3.300000e+00
      endloop
   endfacet
   facet normal 0.000000e+00 -0.000000e+00 1.000000e+00
      outer loop
         vertex 3.953533e+00 6.921325e+00 3.300000e+00
         vertex 4.267590e+00 7.237290e+00 3.300000e+00
         vertex 3.875000e+00 6.976314e+00 3.300000e+00
      endloop
   endfacet
   facet normal 0.000000e+00 0.000000e+00 1.000000e+00
      outer loop
         vertex 3.875000e+00 6.976314e+00 3.300000e+00
         vertex 4.267590e+00 7.237290e+00 3.300000e+00
         vertex 4.136634e+00 7.338682e+00 3.300000e+00
      endloop
   endfacet
   facet normal 0.000000e+00 -0.000000e+00 1.000000e+00
      outer loop
         vertex 3.875000e+00 6.976314e+00 3.300000e+00
         vertex 4.136634e+00 7.338682e+00 3.300000e+00
         vertex 3.788111e+00 7.016831e+00 3.300000e+00
      endloop
   endfacet
   facet normal 0.000000e+00 0.000000e+00 1.000000e+00
      outer loop
         vertex 3.788111e+00 7.016831e+00 3.300000e+00
         vertex 4.136634e+00 7.338682e+00 3.300000e+00
         vertex 3.990739e+00 7.417070e+00 3.300000e+00
      endloop
   endfacet
   facet normal 0.000000e+00 -0.000000e+00 1.000000e+00
      outer loop
         vertex 3.788111e+00 7.016831e+00 3.300000e+00
         vertex 3.990739e+00 7.417070e+00 3.300000e+00
         vertex 3.695507e+00 7.041644e+00 3.300000e+00
      endloop
   endfacet
   facet normal 0.000000e+00 0.000000e+00 1.000000e+00
      outer loop
         vertex 3.325000e+00 6.023686e+00 3.300000e+00
         vertex 3.246467e+00 6.078676e+00 3.300000e+00
         vertex 1.500000e+00 4.500000e+00 3.300000e+00
      endloop
   endfacet
   facet normal 0.000000e+00 0.000000e+00 1.000000e+00
      outer loop
         vertex 1.500000e+00 4.500000e+00 3.300000e+00
         vertex 3.246467e+00 6.078676e+00 3.300000e+00
         vertex 3.178676e+00 6.146467e+00 3.300000e+00
      endloop
   endfacet
   facet normal 0.000000e+00 0.000000e+00 1.000000e+00
      outer loop
         vertex 1.500000e+00 4.500000e+00 3.300000e+00
         vertex 3.178676e+00 6.146467e+00 3.300000e+00
         vertex 1.500000e+00 5.419608e+00 3.300000e+00
      endloop
   endfacet
   facet normal 0.000000e+00 0.000000e+00 1.000000e+00
      outer loop
         vertex 1.500000e+00 5.419608e+00 3.300000e+00
         vertex 3.178676e+00 6.146467e+00 3.300000e+00
         vertex 3.123686e+00 6.225000e+00 3.300000e+00
      endloop
   endfacet
   facet normal 0.000000e+00 0.000000e+00 1.000000e+00
      outer loop
         vertex 1.500000e+00 5.419608e+00 3.300000e+00
         vertex 3.123686e+00 6.225000e+00 3.300000e+00
         vertex 3.083169e+00 6.311889e+00 3.300000e+00
      endloop
   endfacet
   facet normal 0.000000e+00 -0.000000e+00 1.000000e+00
      outer loop
         vertex 3.325000e+00 6.976314e+00 3.300000e+00
         vertex 3.411889e+00 7.016831e+00 3.300000e+00
         vertex 1.500000e+00 8.500000e+00 3.300000e+00
      endloop
   endfacet
   facet normal 0.000000e+00 0.000000e+00 1.000000e+00
      outer loop
         vertex 1.500000e+00 8.500000e+00 3.300000e+00
         vertex 3.411889e+00 7.016831e+00 3.300000e+00
         vertex 3.504494e+00 7.041644e+00 3.300000e+00
      endloop
   endfacet
   facet normal 0.000000e+00 0.000000e+00 1.000000e+00
      outer loop
         vertex 1.500000e+00 8.500000e+00 3.300000e+00
         vertex 3.504494e+00 7.041644e+00 3.300000e+00
         vertex 3.990739e+00 7.417070e+00 3.300000e+00
      endloop
   endfacet
   facet normal 0.000000e+00 0.000000e+00 1.000000e+00
      outer loop
         vertex 3.990739e+00 7.417070e+00 3.300000e+00
         vertex 3.504494e+00 7.041644e+00 3.300000e+00
         vertex 3.600000e+00 7.050000e+00 3.300000e+00
      endloop
   endfacet
   facet normal 0.000000e+00 0.000000e+00 1.000000e+00
      outer loop
         vertex 3.990739e+00 7.417070e+00 3.300000e+00
         vertex 3.600000e+00 7.050000e+00 3.300000e+00
         vertex 3.695507e+00 7.041644e+00 3.300000e+00
      endloop
   endfacet
   facet normal 0.000000e+00 0.000000e+00 1.000000e+00
      outer loop
         vertex 3.788111e+00 5.983169e+00 3.300000e+00
         vertex 3.695507e+00 5.958356e+00 3.300000e+00
         vertex 3.990739e+00 5.582930e+00 3.300000e+00
      endloop
   endfacet
   facet normal 0.000000e+00 0.000000e+00 1.000000e+00
      outer loop
         vertex 3.990739e+00 5.582930e+00 3.300000e+00
         vertex 3.695507e+00 5.958356e+00 3.300000e+00
         vertex 3.600000e+00 5.950000e+00 3.300000e+00
      endloop
   endfacet
   facet normal 0.000000e+00 0.000000e+00 1.000000e+00
      outer loop
         vertex 3.990739e+00 5.582930e+00 3.300000e+00
         vertex 3.600000e+00 5.950000e+00 3.300000e+00
         vertex 1.500000e+00 4.500000e+00 3.300000e+00
      endloop
   endfacet
   facet normal 0.000000e+00 0.000000e+00 1.000000e+00
      outer loop
         vertex 1.500000e+00 4.500000e+00 3.300000e+00
         vertex 3.600000e+00 5.950000e+00 3.300000e+00
         vertex 3.504494e+00 5.958356e+00 3.300000e+00
      endloop
   endfacet
   facet normal 0.000000e+00 0.000000e+00 1.000000e+00
      outer loop
         vertex 1.500000e+00 4.500000e+00 3.300000e+00
         vertex 3.504494e+00 5.958356e+00 3.300000e+00
         vertex 3.411889e+00 5.983169e+00 3.300000e+00
      endloop
   endfacet
   facet normal -0.000000e+00 0.000000e+00 -1.000000e+00
      outer loop
         vertex 3.411889e+00 7.016831e+00 1.900000e+00
         vertex 3.325000e+00 6.976314e+00 1.900000e+00
         vertex 1.500000e+00 8.500000e+00 1.900000e+00
      endloop
   endfacet
   facet normal 0.000000e+00 0.000000e+00 -1.000000e+00
      outer loop
         vertex 1.500000e+00 7.419608e+00 1.900000e+00
         vertex 3.058356e+00 6.595507e+00 1.900000e+00
         vertex 2.750000e+00 6.500000e+00 1.900000e+00
      endloop
   endfacet
   facet normal 0.000000e+00 0.000000e+00 -1.000000e+00
      outer loop
         vertex 2.750000e+00 6.500000e+00 1.900000e+00
         vertex 3.058356e+00 6.595507e+00 1.900000e+00
         vertex 3.050000e+00 6.500000e+00 1.900000e+00
      endloop
   endfacet
   facet normal 0.000000e+00 -0.000000e+00 -1.000000e+00
      outer loop
         vertex 2.750000e+00 6.500000e+00 1.900000e+00
         vertex 3.050000e+00 6.500000e+00 1.900000e+00
         vertex 1.500000e+00 5.419608e+00 1.900000e+00
      endloop
   endfacet
   facet normal 0.000000e+00 0.000000e+00 -1.000000e+00
      outer loop
         vertex 1.500000e+00 5.419608e+00 1.900000e+00
         vertex 3.050000e+00 6.500000e+00 1.900000e+00
         vertex 3.058356e+00 6.404494e+00 1.900000e+00
      endloop
   endfacet
   facet normal 0.000000e+00 0.000000e+00 -1.000000e+00
      outer loop
         vertex 1.500000e+00 4.500000e+00 1.900000e+00
         vertex 3.246467e+00 6.078676e+00 1.900000e+00
         vertex 3.325000e+00 6.023686e+00 1.900000e+00
      endloop
   endfacet
   facet normal 0.000000e+00 0.000000e+00 -1.000000e+00
      outer loop
         vertex 3.695507e+00 7.041644e+00 1.900000e+00
         vertex 3.600000e+00 7.050000e+00 1.900000e+00
         vertex 3.990739e+00 7.417070e+00 1.900000e+00
      endloop
   endfacet
   facet normal 0.000000e+00 -0.000000e+00 -1.000000e+00
      outer loop
         vertex 3.058356e+00 6.404494e+00 1.900000e+00
         vertex 3.083169e+00 6.311889e+00 1.900000e+00
         vertex 1.500000e+00 5.419608e+00 1.900000e+00
      endloop
   endfacet
   facet normal 0.000000e+00 0.000000e+00 -1.000000e+00
      outer loop
         vertex 1.500000e+00 5.419608e+00 1.900000e+00
         vertex 3.083169e+00 6.311889e+00 1.900000e+00
         vertex 3.123686e+00 6.225000e+00 1.900000e+00
      endloop
   endfacet
   facet normal 0.000000e+00 0.000000e+00 -1.000000e+00
      outer loop
         vertex 1.500000e+00 5.419608e+00 1.900000e+00
         vertex 3.123686e+00 6.225000e+00 1.900000e+00
         vertex 1.500000e+00 4.500000e+00 1.900000e+00
      endloop
   endfacet
   facet normal 0.000000e+00 0.000000e+00 -1.000000e+00
      outer loop
         vertex 1.500000e+00 4.500000e+00 1.900000e+00
         vertex 3.123686e+00 6.225000e+00 1.900000e+00
         vertex 3.178676e+00 6.146467e+00 1.900000e+00
      endloop
   endfacet
   facet normal 0.000000e+00 0.000000e+00 -1.000000e+00
      outer loop
         vertex 1.500000e+00 4.500000e+00 1.900000e+00
         vertex 3.178676e+00 6.146467e+00 1.900000e+00
         vertex 3.246467e+00 6.078676e+00 1.900000e+00
      endloop
   endfacet
   facet normal -0.000000e+00 0.000000e+00 -1.000000e+00
      outer loop
         vertex 3.990739e+00 7.417070e+00 1.900000e+00
         vertex 3.600000e+00 7.050000e+00 1.900000e+00
         vertex 1.500000e+00 8.500000e+00 1.900000e+00
      endloop
   endfacet
   facet normal 0.000000e+00 0.000000e+00 -1.000000e+00
      outer loop
         vertex 1.500000e+00 8.500000e+00 1.900000e+00
         vertex 3.600000e+00 7.050000e+00 1.900000e+00
         vertex 3.504494e+00 7.041644e+00 1.900000e+00
      endloop
   endfacet
   facet normal 0.000000e+00 0.000000e+00 -1.000000e+00
      outer loop
         vertex 1.500000e+00 8.500000e+00 1.900000e+00
         vertex 3.504494e+00 7.041644e+00 1.900000e+00
         vertex 3.411889e+00 7.016831e+00 1.900000e+00
      endloop
   endfacet
   facet normal -0.000000e+00 0.000000e+00 -1.000000e+00
      outer loop
         vertex 3.325000e+00 6.976314e+00 1.900000e+00
         vertex 3.246467e+00 6.921325e+00 1.900000e+00
         vertex 1.500000e+00 8.500000e+00 1.900000e+00
      endloop
   endfacet
   facet normal 0.000000e+00 0.000000e+00 -1.000000e+00
      outer loop
         vertex 1.500000e+00 8.500000e+00 1.900000e+00
         vertex 3.246467e+00 6.921325e+00 1.900000e+00
         vertex 3.178676e+00 6.853533e+00 1.900000e+00
      endloop
   endfacet
   facet normal 0.000000e+00 0.000000e+00 -1.000000e+00
      outer loop
         vertex 1.500000e+00 8.500000e+00 1.900000e+00
         vertex 3.178676e+00 6.853533e+00 1.900000e+00
         vertex 1.500000e+00 7.772304e+00 1.900000e+00
      endloop
   endfacet
   facet normal 0.000000e+00 0.000000e+00 -1.000000e+00
      outer loop
         vertex 1.500000e+00 7.772304e+00 1.900000e+00
         vertex 3.178676e+00 6.853533e+00 1.900000e+00
         vertex 3.123686e+00 6.775000e+00 1.900000e+00
      endloop
   endfacet
   facet normal 0.000000e+00 0.000000e+00 -1.000000e+00
      outer loop
         vertex 1.500000e+00 7.772304e+00 1.900000e+00
         vertex 3.123686e+00 6.775000e+00 1.900000e+00
         vertex 1.500000e+00 7.419608e+00 1.900000e+00
      endloop
   endfacet
   facet normal 0.000000e+00 0.000000e+00 -1.000000e+00
      outer loop
         vertex 1.500000e+00 7.419608e+00 1.900000e+00
         vertex 3.123686e+00 6.775000e+00 1.900000e+00
         vertex 3.083169e+00 6.688111e+00 1.900000e+00
      endloop
   endfacet
   facet normal 0.000000e+00 0.000000e+00 -1.000000e+00
      outer loop
         vertex 1.500000e+00 7.419608e+00 1.900000e+00
         vertex 3.083169e+00 6.688111e+00 1.900000e+00
         vertex 3.058356e+00 6.595507e+00 1.900000e+00
      endloop
   endfacet
   facet normal 0.000000e+00 -0.000000e+00 -1.000000e+00
      outer loop
         vertex 3.325000e+00 6.023686e+00 1.900000e+00
         vertex 3.411889e+00 5.983169e+00 1.900000e+00
         vertex 1.500000e+00 4.500000e+00 1.900000e+00
      endloop
   endfacet
   facet normal 0.000000e+00 0.000000e+00 -1.000000e+00
      outer loop
         vertex 1.500000e+00 4.500000e+00 1.900000e+00
         vertex 3.411889e+00 5.983169e+00 1.900000e+00
         vertex 3.504494e+00 5.958356e+00 1.900000e+00
      endloop
   endfacet
   facet normal 0.000000e+00 0.000000e+00 -1.000000e+00
      outer loop
         vertex 1.500000e+00 4.500000e+00 1.900000e+00
         vertex 3.504494e+00 5.958356e+00 1.900000e+00
         vertex 3.990739e+00 5.582930e+00 1.900000e+00
      endloop
   endfacet
   facet normal 0.000000e+00 0.000000e+00 -1.000000e+00
      outer loop
         vertex 3.990739e+00 5.582930e+00 1.900000e+00
         vertex 3.504494e+00 5.958356e+00 1.900000e+00
         vertex 3.600000e+00 5.950000e+00 1.900000e+00
      endloop
   endfacet
   facet normal 0.000000e+00 0.000000e+00 -1.000000e+00
      outer loop
         vertex 3.600000e+00 5.950000e+00 1.900000e+00
         vertex 3.695507e+00 5.958356e+00 1.900000e+00
         vertex 3.990739e+00 5.582930e+00 1.900000e+00
      endloop
   endfacet
   facet normal 0.000000e+00 0.000000e+00 -1.000000e+00
      outer loop
         vertex 3.990739e+00 5.582930e+00 1.900000e+00
         vertex 3.695507e+00 5.958356e+00 1.900000e+00
         vertex 3.788111e+00 5.983169e+00 1.900000e+00
      endloop
   endfacet
   facet normal 0.000000e+00 0.000000e+00 -1.000000e+00
      outer loop
         vertex 3.990739e+00 5.582930e+00 1.900000e+00
         vertex 3.788111e+00 5.983169e+00 1.900000e+00
         vertex 4.136634e+00 5.661318e+00 1.900000e+00
      endloop
   endfacet
   facet normal 0.000000e+00 0.000000e+00 -1.000000e+00
      outer loop
         vertex 4.136634e+00 5.661318e+00 1.900000e+00
         vertex 3.788111e+00 5.983169e+00 1.900000e+00
         vertex 3.875000e+00 6.023686e+00 1.900000e+00
      endloop
   endfacet
   facet normal 0.000000e+00 0.000000e+00 -1.000000e+00
      outer loop
         vertex 4.136634e+00 5.661318e+00 1.900000e+00
         vertex 3.875000e+00 6.023686e+00 1.900000e+00
         vertex 4.267590e+00 5.762711e+00 1.900000e+00
      endloop
   endfacet
   facet normal 0.000000e+00 0.000000e+00 -1.000000e+00
      outer loop
         vertex 4.267590e+00 5.762711e+00 1.900000e+00
         vertex 3.875000e+00 6.023686e+00 1.900000e+00
         vertex 3.953533e+00 6.078676e+00 1.900000e+00
      endloop
   endfacet
   facet normal 0.000000e+00 0.000000e+00 -1.000000e+00
      outer loop
         vertex 4.267590e+00 5.762711e+00 1.900000e+00
         vertex 3.953533e+00 6.078676e+00 1.900000e+00
         vertex 4.380015e+00 5.884327e+00 1.900000e+00
      endloop
   endfacet
   facet normal 0.000000e+00 0.000000e+00 -1.000000e+00
      outer loop
         vertex 4.380015e+00 5.884327e+00 1.900000e+00
         vertex 3.953533e+00 6.078676e+00 1.900000e+00
         vertex 4.021324e+00 6.146467e+00 1.900000e+00
      endloop
   endfacet
   facet normal 0.000000e+00 0.000000e+00 -1.000000e+00
      outer loop
         vertex 4.380015e+00 5.884327e+00 1.900000e+00
         vertex 4.021324e+00 6.146467e+00 1.900000e+00
         vertex 4.470825e+00 6.022832e+00 1.900000e+00
      endloop
   endfacet
   facet normal 0.000000e+00 0.000000e+00 -1.000000e+00
      outer loop
         vertex 4.470825e+00 6.022832e+00 1.900000e+00
         vertex 4.021324e+00 6.146467e+00 1.900000e+00
         vertex 4.076314e+00 6.225000e+00 1.900000e+00
      endloop
   endfacet
   facet normal 0.000000e+00 0.000000e+00 -1.000000e+00
      outer loop
         vertex 4.470825e+00 6.022832e+00 1.900000e+00
         vertex 4.076314e+00 6.225000e+00 1.900000e+00
         vertex 4.537529e+00 6.174425e+00 1.900000e+00
      endloop
   endfacet
   facet normal 0.000000e+00 0.000000e+00 -1.000000e+00
      outer loop
         vertex 4.537529e+00 6.174425e+00 1.900000e+00
         vertex 4.076314e+00 6.225000e+00 1.900000e+00
         vertex 4.116831e+00 6.311889e+00 1.900000e+00
      endloop
   endfacet
   facet normal 0.000000e+00 0.000000e+00 -1.000000e+00
      outer loop
         vertex 4.537529e+00 6.174425e+00 1.900000e+00
         vertex 4.116831e+00 6.311889e+00 1.900000e+00
         vertex 4.578298e+00 6.334949e+00 1.900000e+00
      endloop
   endfacet
   facet normal -0.000000e+00 0.000000e+00 -1.000000e+00
      outer loop
         vertex 4.578298e+00 6.334949e+00 1.900000e+00
         vertex 4.116831e+00 6.311889e+00 1.900000e+00
         vertex 4.141644e+00 6.404494e+00 1.900000e+00
      endloop
   endfacet
   facet normal 0.000000e+00 0.000000e+00 -1.000000e+00
      outer loop
         vertex 4.578298e+00 6.334949e+00 1.900000e+00
         vertex 4.141644e+00 6.404494e+00 1.900000e+00
         vertex 4.592013e+00 6.500000e+00 1.900000e+00
      endloop
   endfacet
   facet normal 0.000000e+00 0.000000e+00 -1.000000e+00
      outer loop
         vertex 4.592013e+00 6.500000e+00 1.900000e+00
         vertex 4.141644e+00 6.404494e+00 1.900000e+00
         vertex 4.150000e+00 6.500000e+00 1.900000e+00
      endloop
   endfacet
   facet normal -0.000000e+00 0.000000e+00 -1.000000e+00
      outer loop
         vertex 4.592013e+00 6.500000e+00 1.900000e+00
         vertex 4.150000e+00 6.500000e+00 1.900000e+00
         vertex 4.578298e+00 6.665051e+00 1.900000e+00
      endloop
   endfacet
   facet normal 0.000000e+00 0.000000e+00 -1.000000e+00
      outer loop
         vertex 4.578298e+00 6.665051e+00 1.900000e+00
         vertex 4.150000e+00 6.500000e+00 1.900000e+00
         vertex 4.141644e+00 6.595507e+00 1.900000e+00
      endloop
   endfacet
   facet normal -0.000000e+00 0.000000e+00 -1.000000e+00
      outer loop
         vertex 4.578298e+00 6.665051e+00 1.900000e+00
         vertex 4.141644e+00 6.595507e+00 1.900000e+00
         vertex 4.537529e+00 6.825575e+00 1.900000e+00
      endloop
   endfacet
   facet normal 0.000000e+00 0.000000e+00 -1.000000e+00
      outer loop
         vertex 4.537529e+00 6.825575e+00 1.900000e+00
         vertex 4.141644e+00 6.595507e+00 1.900000e+00
         vertex 4.116831e+00 6.688111e+00 1.900000e+00
      endloop
   endfacet
   facet normal -0.000000e+00 0.000000e+00 -1.000000e+00
      outer loop
         vertex 4.537529e+00 6.825575e+00 1.900000e+00
         vertex 4.116831e+00 6.688111e+00 1.900000e+00
         vertex 4.470825e+00 6.977168e+00 1.900000e+00
      endloop
   endfacet
   facet normal 0.000000e+00 0.000000e+00 -1.000000e+00
      outer loop
         vertex 4.470825e+00 6.977168e+00 1.900000e+00
         vertex 4.116831e+00 6.688111e+00 1.900000e+00
         vertex 4.076314e+00 6.775000e+00 1.900000e+00
      endloop
   endfacet
   facet normal -0.000000e+00 0.000000e+00 -1.000000e+00
      outer loop
         vertex 4.470825e+00 6.977168e+00 1.900000e+00
         vertex 4.076314e+00 6.775000e+00 1.900000e+00
         vertex 4.380015e+00 7.115673e+00 1.900000e+00
      endloop
   endfacet
   facet normal 0.000000e+00 0.000000e+00 -1.000000e+00
      outer loop
         vertex 4.380015e+00 7.115673e+00 1.900000e+00
         vertex 4.076314e+00 6.775000e+00 1.900000e+00
         vertex 4.021324e+00 6.853533e+00 1.900000e+00
      endloop
   endfacet
   facet normal -0.000000e+00 0.000000e+00 -1.000000e+00
      outer loop
         vertex 4.380015e+00 7.115673e+00 1.900000e+00
         vertex 4.021324e+00 6.853533e+00 1.900000e+00
         vertex 4.267590e+00 7.237290e+00 1.900000e+00
      endloop
   endfacet
   facet normal 0.000000e+00 0.000000e+00 -1.000000e+00
      outer loop
         vertex 4.267590e+00 7.237290e+00 1.900000e+00
         vertex 4.021324e+00 6.853533e+00 1.900000e+00
         vertex 3.953533e+00 6.921325e+00 1.900000e+00
      endloop
   endfacet
   facet normal -0.000000e+00 0.000000e+00 -1.000000e+00
      outer loop
         vertex 4.267590e+00 7.237290e+00 1.900000e+00
         vertex 3.953533e+00 6.921325e+00 1.900000e+00
         vertex 4.136634e+00 7.338682e+00 1.900000e+00
      endloop
   endfacet
   facet normal 0.000000e+00 0.000000e+00 -1.000000e+00
      outer loop
         vertex 4.136634e+00 7.338682e+00 1.900000e+00
         vertex 3.953533e+00 6.921325e+00 1.900000e+00
         vertex 3.875000e+00 6.976314e+00 1.900000e+00
      endloop
   endfacet
   facet normal -0.000000e+00 0.000000e+00 -1.000000e+00
      outer loop
         vertex 4.136634e+00 7.338682e+00 1.900000e+00
         vertex 3.875000e+00 6.976314e+00 1.900000e+00
         vertex 3.990739e+00 7.417070e+00 1.900000e+00
      endloop
   endfacet
   facet normal 0.000000e+00 0.000000e+00 -1.000000e+00
      outer loop
         vertex 3.990739e+00 7.417070e+00 1.900000e+00
         vertex 3.875000e+00 6.976314e+00 1.900000e+00
         vertex 3.788111e+00 7.016831e+00 1.900000e+00
      endloop
   endfacet
   facet normal 0.000000e+00 0.000000e+00 -1.000000e+00
      outer loop
         vertex 3.990739e+00 7.417070e+00 1.900000e+00
         vertex 3.788111e+00 7.016831e+00 1.900000e+00
         vertex 3.695507e+00 7.041644e+00 1.900000e+00
      endloop
   endfacet
   facet normal 4.732994e-01 -8.809016e-01 0.000000e+00
      outer loop
         vertex 3.990739e+00 5.582930e+00 3.300000e+00
         vertex 3.990739e+00 5.582930e+00 1.900000e+00
         vertex 4.136634e+00 5.661318e+00 1.900000e+00
      endloop
   endfacet
   facet normal 4.732994e-01 -8.809016e-01 0.000000e+00
      outer loop
         vertex 3.990739e+00 5.582930e+00 3.300000e+00
         vertex 4.136634e+00 5.661318e+00 1.900000e+00
         vertex 4.136634e+00 5.661318e+00 3.300000e+00
      endloop
   endfacet
   facet normal 6.122014e-01 -7.907019e-01 0.000000e+00
      outer loop
         vertex 4.136634e+00 5.661318e+00 3.300000e+00
         vertex 4.136634e+00 5.661318e+00 1.900000e+00
         vertex 4.267590e+00 5.762711e+00 1.900000e+00
      endloop
   endfacet
   facet normal 6.122014e-01 -7.907019e-01 0.000000e+00
      outer loop
         vertex 4.136634e+00 5.661318e+00 3.300000e+00
         vertex 4.267590e+00 5.762711e+00 1.900000e+00
         vertex 4.267590e+00 5.762711e+00 3.300000e+00
      endloop
   endfacet
   facet normal 7.343112e-01 -6.788130e-01 0.000000e+00
      outer loop
         vertex 4.267590e+00 5.762711e+00 3.300000e+00
         vertex 4.267590e+00 5.762711e+00 1.900000e+00
         vertex 4.380015e+00 5.884327e+00 1.900000e+00
      endloop
   endfacet
   facet normal 7.343112e-01 -6.788130e-01 0.000000e+00
      outer loop
         vertex 4.267590e+00 5.762711e+00 3.300000e+00
         vertex 4.380015e+00 5.884327e+00 1.900000e+00
         vertex 4.380015e+00 5.884327e+00 3.300000e+00
      endloop
   endfacet
   facet normal 8.362794e-01 -5.483036e-01 0.000000e+00
      outer loop
         vertex 4.380015e+00 5.884327e+00 3.300000e+00
         vertex 4.380015e+00 5.884327e+00 1.900000e+00
         vertex 4.470825e+00 6.022832e+00 1.900000e+00
      endloop
   endfacet
   facet normal 8.362794e-01 -5.483036e-01 0.000000e+00
      outer loop
         vertex 4.380015e+00 5.884327e+00 3.300000e+00
         vertex 4.470825e+00 6.022832e+00 1.900000e+00
         vertex 4.470825e+00 6.022832e+00 3.300000e+00
      endloop
   endfacet
   facet normal 9.153082e-01 -4.027542e-01 0.000000e+00
      outer loop
         vertex 4.470825e+00 6.022832e+00 3.300000e+00
         vertex 4.470825e+00 6.022832e+00 1.900000e+00
         vertex 4.537529e+00 6.174425e+00 1.900000e+00
      endloop
   endfacet
   facet normal 9.153082e-01 -4.027542e-01 0.000000e+00
      outer loop
         vertex 4.470825e+00 6.022832e+00 3.300000e+00
         vertex 4.537529e+00 6.174425e+00 1.900000e+00
         vertex 4.537529e+00 6.174425e+00 3.300000e+00
      endloop
   endfacet
   facet normal 9.692291e-01 -2.461604e-01 0.000000e+00
      outer loop
         vertex 4.537529e+00 6.174425e+00 3.300000e+00
         vertex 4.537529e+00 6.174425e+00 1.900000e+00
         vertex 4.578298e+00 6.334949e+00 1.900000e+00
      endloop
   endfacet
   facet normal 9.692291e-01 -2.461604e-01 0.000000e+00
      outer loop
         vertex 4.537529e+00 6.174425e+00 3.300000e+00
         vertex 4.578298e+00 6.334949e+00 1.900000e+00
         vertex 4.578298e+00 6.334949e+00 3.300000e+00
      endloop
   endfacet
   facet normal 9.965655e-01 -8.280800e-02 0.000000e+00
      outer loop
         vertex 4.578298e+00 6.334949e+00 3.300000e+00
         vertex 4.578298e+00 6.334949e+00 1.900000e+00
         vertex 4.592013e+00 6.500000e+00 1.900000e+00
      endloop
   endfacet
   facet normal 9.965655e-01 -8.280800e-02 0.000000e+00
      outer loop
         vertex 4.578298e+00 6.334949e+00 3.300000e+00
         vertex 4.592013e+00 6.500000e+00 1.900000e+00
         vertex 4.592013e+00 6.500000e+00 3.300000e+00
      endloop
   endfacet
   facet normal 9.965655e-01 8.280800e-02 0.000000e+00
      outer loop
         vertex 4.592013e+00 6.500000e+00 3.300000e+00
         vertex 4.592013e+00 6.500000e+00 1.900000e+00
         vertex 4.578298e+00 6.665051e+00 1.900000e+00
      endloop
   endfacet
   facet normal 9.965655e-01 8.280800e-02 0.000000e+00
      outer loop
         vertex 4.592013e+00 6.500000e+00 3.300000e+00
         vertex 4.578298e+00 6.665051e+00 1.900000e+00
         vertex 4.578298e+00 6.665051e+00 3.300000e+00
      endloop
   endfacet
   facet normal 9.692291e-01 2.461604e-01 0.000000e+00
      outer loop
         vertex 4.578298e+00 6.665051e+00 3.300000e+00
         vertex 4.578298e+00 6.665051e+00 1.900000e+00
         vertex 4.537529e+00 6.825575e+00 1.900000e+00
      endloop
   endfacet
   facet normal 9.692291e-01 2.461604e-01 0.000000e+00
      outer loop
         vertex 4.578298e+00 6.665051e+00 3.300000e+00
         vertex 4.537529e+00 6.825575e+00 1.900000e+00
         vertex 4.537529e+00 6.825575e+00 3.300000e+00
      endloop
   endfacet
   facet normal 9.153082e-01 4.027542e-01 0.000000e+00
      outer loop
         vertex 4.537529e+00 6.825575e+00 3.300000e+00
         vertex 4.537529e+00 6.825575e+00 1.900000e+00
         vertex 4.470825e+00 6.977168e+00 1.900000e+00
      endloop
   endfacet
   facet normal 9.153082e-01 4.027542e-01 0.000000e+00
      outer loop
         vertex 4.537529e+00 6.825575e+00 3.300000e+00
         vertex 4.470825e+00 6.977168e+00 1.900000e+00
         vertex 4.470825e+00 6.977168e+00 3.300000e+00
      endloop
   endfacet
   facet normal 8.362794e-01 5.483036e-01 0.000000e+00
      outer loop
         vertex 4.470825e+00 6.977168e+00 3.300000e+00
         vertex 4.470825e+00 6.977168e+00 1.900000e+00
         vertex 4.380015e+00 7.115673e+00 1.900000e+00
      endloop
   endfacet
   facet normal 8.362794e-01 5.483036e-01 0.000000e+00
      outer loop
         vertex 4.470825e+00 6.977168e+00 3.300000e+00
         vertex 4.380015e+00 7.115673e+00 1.900000e+00
         vertex 4.380015e+00 7.115673e+00 3.300000e+00
      endloop
   endfacet
   facet normal 7.343112e-01 6.788130e-01 0.000000e+00
      outer loop
         vertex 4.380015e+00 7.115673e+00 3.300000e+00
         vertex 4.380015e+00 7.115673e+00 1.900000e+00
         vertex 4.267590e+00 7.237290e+00 1.900000e+00
      endloop
   endfacet
   facet normal 7.343112e-01 6.788130e-01 0.000000e+00
      outer loop
         vertex 4.380015e+00 7.115673e+00 3.300000e+00
         vertex 4.267590e+00 7.237290e+00 1.900000e+00
         vertex 4.267590e+00 7.237290e+00 3.300000e+00
      endloop
   endfacet
   facet normal 6.122014e-01 7.907019e-01 0.000000e+00
      outer loop
         vertex 4.267590e+00 7.237290e+00 3.300000e+00
         vertex 4.267590e+00 7.237290e+00 1.900000e+00
         vertex 4.136634e+00 7.338682e+00 1.900000e+00
      endloop
   endfacet
   facet normal 6.122014e-01 7.907019e-01 0.000000e+00
      outer loop
         vertex 4.267590e+00 7.237290e+00 3.300000e+00
         vertex 4.136634e+00 7.338682e+00 1.900000e+00
         vertex 4.136634e+00 7.338682e+00 3.300000e+00
      endloop
   endfacet
   facet normal 4.732994e-01 8.809016e-01 0.000000e+00
      outer loop
         vertex 4.136634e+00 7.338682e+00 3.300000e+00
         vertex 4.136634e+00 7.338682e+00 1.900000e+00
         vertex 3.990739e+00 7.417070e+00 1.900000e+00
      endloop
   endfacet
   facet normal 4.732994e-01 8.809016e-01 0.000000e+00
      outer loop
         vertex 4.136634e+00 7.338682e+00 3.300000e+00
         vertex 3.990739e+00 7.417070e+00 1.900000e+00
         vertex 3.990739e+00 7.417070e+00 3.300000e+00
      endloop
   endfacet
   facet normal -6.539132e-01 7.565696e-01 0.000000e+00
      outer loop
         vertex 1.500000e+00 5.419608e+00 3.300000e+00
         vertex 2.750000e+00 6.500000e+00 3.300000e+00
         vertex 1.500000e+00 5.419608e+00 1.900000e+00
      endloop
   endfacet
   facet normal -6.539132e-01 7.565696e-01 2.746454e-16
      outer loop
         vertex 1.500000e+00 5.419608e+00 1.900000e+00
         vertex 2.750000e+00 6.500000e+00 3.300000e+00
         vertex 2.750000e+00 6.500000e+00 1.900000e+00
      endloop
   endfacet
   facet normal -5.925957e-01 -8.055001e-01 -2.495214e-16
      outer loop
         vertex 2.750000e+00 6.500000e+00 3.300000e+00
         vertex 1.500000e+00 7.419608e+00 3.300000e+00
         vertex 2.750000e+00 6.500000e+00 1.900000e+00
      endloop
   endfacet
   facet normal -5.925957e-01 -8.055001e-01 0.000000e+00
      outer loop
         vertex 2.750000e+00 6.500000e+00 1.900000e+00
         vertex 1.500000e+00 7.419608e+00 3.300000e+00
         vertex 1.500000e+00 7.419608e+00 1.900000e+00
      endloop
   endfacet
   facet normal -9.961946e-01 8.715668e-02 0.000000e+00
      outer loop
         vertex 4.150000e+00 6.500000e+00 3.300000e+00
         vertex 4.150000e+00 6.500000e+00 1.900000e+00
         vertex 4.141644e+00 6.404494e+00 3.300000e+00
      endloop
   endfacet
   facet normal -9.961946e-01 8.715668e-02 0.000000e+00
      outer loop
         vertex 4.141644e+00 6.404494e+00 3.300000e+00
         vertex 4.150000e+00 6.500000e+00 1.900000e+00
         vertex 4.141644e+00 6.404494e+00 1.900000e+00
      endloop
   endfacet
   facet normal -9.659261e-01 2.588181e-01 0.000000e+00
      outer loop
         vertex 4.141644e+00 6.404494e+00 3.300000e+00
         vertex 4.141644e+00 6.404494e+00 1.900000e+00
         vertex 4.116831e+00 6.311889e+00 3.300000e+00
      endloop
   endfacet
   facet normal -9.659261e-01 2.588181e-01 0.000000e+00
      outer loop
         vertex 4.116831e+00 6.311889e+00 3.300000e+00
         vertex 4.141644e+00 6.404494e+00 1.900000e+00
         vertex 4.116831e+00 6.311889e+00 1.900000e+00
      endloop
   endfacet
   facet normal -9.063088e-01 4.226162e-01 0.000000e+00
      outer loop
         vertex 4.116831e+00 6.311889e+00 3.300000e+00
         vertex 4.116831e+00 6.311889e+00 1.900000e+00
         vertex 4.076314e+00 6.225000e+00 3.300000e+00
      endloop
   endfacet
   facet normal -9.063088e-01 4.226162e-01 0.000000e+00
      outer loop
         vertex 4.076314e+00 6.225000e+00 3.300000e+00
         vertex 4.116831e+00 6.311889e+00 1.900000e+00
         vertex 4.076314e+00 6.225000e+00 1.900000e+00
      endloop
   endfacet
   facet normal -8.191500e-01 5.735793e-01 0.000000e+00
      outer loop
         vertex 4.076314e+00 6.225000e+00 3.300000e+00
         vertex 4.076314e+00 6.225000e+00 1.900000e+00
         vertex 4.021324e+00 6.146467e+00 3.300000e+00
      endloop
   endfacet
   facet normal -8.191500e-01 5.735793e-01 0.000000e+00
      outer loop
         vertex 4.021324e+00 6.146467e+00 3.300000e+00
         vertex 4.076314e+00 6.225000e+00 1.900000e+00
         vertex 4.021324e+00 6.146467e+00 1.900000e+00
      endloop
   endfacet
   facet normal -7.071083e-01 7.071053e-01 0.000000e+00
      outer loop
         vertex 4.021324e+00 6.146467e+00 3.300000e+00
         vertex 4.021324e+00 6.146467e+00 1.900000e+00
         vertex 3.953533e+00 6.078676e+00 3.300000e+00
      endloop
   endfacet
   facet normal -7.071083e-01 7.071053e-01 0.000000e+00
      outer loop
         vertex 3.953533e+00 6.078676e+00 3.300000e+00
         vertex 4.021324e+00 6.146467e+00 1.900000e+00
         vertex 3.953533e+00 6.078676e+00 1.900000e+00
      endloop
   endfacet
   facet normal -5.735757e-01 8.191526e-01 0.000000e+00
      outer loop
         vertex 3.953533e+00 6.078676e+00 3.300000e+00
         vertex 3.953533e+00 6.078676e+00 1.900000e+00
         vertex 3.875000e+00 6.023686e+00 3.300000e+00
      endloop
   endfacet
   facet normal -5.735757e-01 8.191526e-01 0.000000e+00
      outer loop
         vertex 3.875000e+00 6.023686e+00 3.300000e+00
         vertex 3.953533e+00 6.078676e+00 1.900000e+00
         vertex 3.875000e+00 6.023686e+00 1.900000e+00
      endloop
   endfacet
   facet normal -4.226185e-01 9.063077e-01 0.000000e+00
      outer loop
         vertex 3.875000e+00 6.023686e+00 3.300000e+00
         vertex 3.875000e+00 6.023686e+00 1.900000e+00
         vertex 3.788111e+00 5.983169e+00 3.300000e+00
      endloop
   endfacet
   facet normal -4.226185e-01 9.063077e-01 0.000000e+00
      outer loop
         vertex 3.788111e+00 5.983169e+00 3.300000e+00
         vertex 3.875000e+00 6.023686e+00 1.900000e+00
         vertex 3.788111e+00 5.983169e+00 1.900000e+00
      endloop
   endfacet
   facet normal -2.588196e-01 9.659257e-01 0.000000e+00
      outer loop
         vertex 3.788111e+00 5.983169e+00 3.300000e+00
         vertex 3.788111e+00 5.983169e+00 1.900000e+00
         vertex 3.695507e+00 5.958356e+00 3.300000e+00
      endloop
   endfacet
   facet normal -2.588196e-01 9.659257e-01 0.000000e+00
      outer loop
         vertex 3.695507e+00 5.958356e+00 3.300000e+00
         vertex 3.788111e+00 5.983169e+00 1.900000e+00
         vertex 3.695507e+00 5.958356e+00 1.900000e+00
      endloop
   endfacet
   facet normal -8.715532e-02 9.961947e-01 0.000000e+00
      outer loop
         vertex 3.695507e+00 5.958356e+00 3.300000e+00
         vertex 3.695507e+00 5.958356e+00 1.900000e+00
         vertex 3.600000e+00 5.950000e+00 3.300000e+00
      endloop
   endfacet
   facet normal -8.715532e-02 9.961947e-01 0.000000e+00
      outer loop
         vertex 3.600000e+00 5.950000e+00 3.300000e+00
         vertex 3.695507e+00 5.958356e+00 1.900000e+00
         vertex 3.600000e+00 5.950000e+00 1.900000e+00
      endloop
   endfacet
   facet normal 8.715553e-02 9.961947e-01 0.000000e+00
      outer loop
         vertex 3.600000e+00 5.950000e+00 3.300000e+00
         vertex 3.600000e+00 5.950000e+00 1.900000e+00
         vertex 3.504494e+00 5.958356e+00 3.300000e+00
      endloop
   endfacet
   facet normal 8.715553e-02 9.961947e-01 0.000000e+00
      outer loop
         vertex 3.504494e+00 5.958356e+00 3.300000e+00
         vertex 3.600000e+00 5.950000e+00 1.900000e+00
         vertex 3.504494e+00 5.958356e+00 1.900000e+00
      endloop
   endfacet
   facet normal 2.588190e-01 9.659258e-01 0.000000e+00
      outer loop
         vertex 3.504494e+00 5.958356e+00 3.300000e+00
         vertex 3.504494e+00 5.958356e+00 1.900000e+00
         vertex 3.411889e+00 5.983169e+00 3.300000e+00
      endloop
   endfacet
   facet normal 2.588190e-01 9.659258e-01 0.000000e+00
      outer loop
         vertex 3.411889e+00 5.983169e+00 3.300000e+00
         vertex 3.504494e+00 5.958356e+00 1.900000e+00
         vertex 3.411889e+00 5.983169e+00 1.900000e+00
      endloop
   endfacet
   facet normal 4.226185e-01 9.063077e-01 0.000000e+00
      outer loop
         vertex 3.411889e+00 5.983169e+00 3.300000e+00
         vertex 3.411889e+00 5.983169e+00 1.900000e+00
         vertex 3.325000e+00 6.023686e+00 3.300000e+00
      endloop
   endfacet
   facet normal 4.226185e-01 9.063077e-01 0.000000e+00
      outer loop
         vertex 3.325000e+00 6.023686e+00 3.300000e+00
         vertex 3.411889e+00 5.983169e+00 1.900000e+00
         vertex 3.325000e+00 6.023686e+00 1.900000e+00
      endloop
   endfacet
   facet normal 5.735768e-01 8.191518e-01 0.000000e+00
      outer loop
         vertex 3.325000e+00 6.023686e+00 3.300000e+00
         vertex 3.325000e+00 6.023686e+00 1.900000e+00
         vertex 3.246467e+00 6.078676e+00 3.300000e+00
      endloop
   endfacet
   facet normal 5.735768e-01 8.191518e-01 0.000000e+00
      outer loop
         vertex 3.246467e+00 6.078676e+00 3.300000e+00
         vertex 3.325000e+00 6.023686e+00 1.900000e+00
         vertex 3.246467e+00 6.078676e+00 1.900000e+00
      endloop
   endfacet
   facet normal 7.071071e-01 7.071065e-01 0.000000e+00
      outer loop
         vertex 3.246467e+00 6.078676e+00 3.300000e+00
         vertex 3.246467e+00 6.078676e+00 1.900000e+00
         vertex 3.178676e+00 6.146467e+00 3.300000e+00
      endloop
   endfacet
   facet normal 7.071071e-01 7.071065e-01 0.000000e+00
      outer loop
         vertex 3.178676e+00 6.146467e+00 3.300000e+00
         vertex 3.246467e+00 6.078676e+00 1.900000e+00
         vertex 3.178676e+00 6.146467e+00 1.900000e+00
      endloop
   endfacet
   facet normal 8.191512e-01 5.735777e-01 0.000000e+00
      outer loop
         vertex 3.178676e+00 6.146467e+00 3.300000e+00
         vertex 3.178676e+00 6.146467e+00 1.900000e+00
         vertex 3.123686e+00 6.225000e+00 3.300000e+00
      endloop
   endfacet
   facet normal 8.191512e-01 5.735777e-01 0.000000e+00
      outer loop
         vertex 3.123686e+00 6.225000e+00 3.300000e+00
         vertex 3.178676e+00 6.146467e+00 1.900000e+00
         vertex 3.123686e+00 6.225000e+00 1.900000e+00
      endloop
   endfacet
   facet normal 9.063078e-01 4.226182e-01 0.000000e+00
      outer loop
         vertex 3.123686e+00 6.225000e+00 3.300000e+00
         vertex 3.123686e+00 6.225000e+00 1.900000e+00
         vertex 3.083169e+00 6.311889e+00 3.300000e+00
      endloop
   endfacet
   facet normal 9.063078e-01 4.226182e-01 0.000000e+00
      outer loop
         vertex 3.083169e+00 6.311889e+00 3.300000e+00
         vertex 3.123686e+00 6.225000e+00 1.900000e+00
         vertex 3.083169e+00 6.311889e+00 1.900000e+00
      endloop
   endfacet
   facet normal 9.659261e-01 2.588181e-01 0.000000e+00
      outer loop
         vertex 3.083169e+00 6.311889e+00 3.300000e+00
         vertex 3.083169e+00 6.311889e+00 1.900000e+00
         vertex 3.058356e+00 6.404494e+00 3.300000e+00
      endloop
   endfacet
   facet normal 9.659261e-01 2.588181e-01 0.000000e+00
      outer loop
         vertex 3.058356e+00 6.404494e+00 3.300000e+00
         vertex 3.083169e+00 6.311889e+00 1.900000e+00
         vertex 3.058356e+00 6.404494e+00 1.900000e+00
      endloop
   endfacet
   facet normal 9.961946e-01 8.715668e-02 0.000000e+00
      outer loop
         vertex 3.058356e+00 6.404494e+00 3.300000e+00
         vertex 3.058356e+00 6.404494e+00 1.900000e+00
         vertex 3.050000e+00 6.500000e+00 3.300000e+00
      endloop
   endfacet
   facet normal 9.961946e-01 8.715668e-02 0.000000e+00
      outer loop
         vertex 3.050000e+00 6.500000e+00 3.300000e+00
         vertex 3.058356e+00 6.404494e+00 1.900000e+00
         vertex 3.050000e+00 6.500000e+00 1.900000e+00
      endloop
   endfacet
   facet normal 9.961946e-01 -8.715668e-02 0.000000e+00
      outer loop
         vertex 3.050000e+00 6.500000e+00 3.300000e+00
         vertex 3.050000e+00 6.500000e+00 1.900000e+00
         vertex 3.058356e+00 6.595507e+00 3.300000e+00
      endloop
   endfacet
   facet normal 9.961946e-01 -8.715668e-02 0.000000e+00
      outer loop
         vertex 3.058356e+00 6.595507e+00 3.300000e+00
         vertex 3.050000e+00 6.500000e+00 1.900000e+00
         vertex 3.058356e+00 6.595507e+00 1.900000e+00
      endloop
   endfacet
   facet normal 9.659261e-01 -2.588181e-01 0.000000e+00
      outer loop
         vertex 3.058356e+00 6.595507e+00 3.300000e+00
         vertex 3.058356e+00 6.595507e+00 1.900000e+00
         vertex 3.083169e+00 6.688111e+00 3.300000e+00
      endloop
   endfacet
   facet normal 9.659261e-01 -2.588181e-01 0.000000e+00
      outer loop
         vertex 3.083169e+00 6.688111e+00 3.300000e+00
         vertex 3.058356e+00 6.595507e+00 1.900000e+00
         vertex 3.083169e+00 6.688111e+00 1.900000e+00
      endloop
   endfacet
   facet normal 9.063078e-01 -4.226182e-01 0.000000e+00
      outer loop
         vertex 3.083169e+00 6.688111e+00 3.300000e+00
         vertex 3.083169e+00 6.688111e+00 1.900000e+00
         vertex 3.123686e+00 6.775000e+00 3.300000e+00
      endloop
   endfacet
   facet normal 9.063078e-01 -4.226182e-01 0.000000e+00
      outer loop
         vertex 3.123686e+00 6.775000e+00 3.300000e+00
         vertex 3.083169e+00 6.688111e+00 1.900000e+00
         vertex 3.123686e+00 6.775000e+00 1.900000e+00
      endloop
   endfacet
   facet normal 8.191512e-01 -5.735777e-01 0.000000e+00
      outer loop
         vertex 3.123686e+00 6.775000e+00 3.300000e+00
         vertex 3.123686e+00 6.775000e+00 1.900000e+00
         vertex 3.178676e+00 6.853533e+00 3.300000e+00
      endloop
   endfacet
   facet normal 8.191512e-01 -5.735777e-01 0.000000e+00
      outer loop
         vertex 3.178676e+00 6.853533e+00 3.300000e+00
         vertex 3.123686e+00 6.775000e+00 1.900000e+00
         vertex 3.178676e+00 6.853533e+00 1.900000e+00
      endloop
   endfacet
   facet normal 7.071071e-01 -7.071065e-01 0.000000e+00
      outer loop
         vertex 3.178676e+00 6.853533e+00 3.300000e+00
         vertex 3.178676e+00 6.853533e+00 1.900000e+00
         vertex 3.246467e+00 6.921325e+00 3.300000e+00
      endloop
   endfacet
   facet normal 7.071071e-01 -7.071065e-01 0.000000e+00
      outer loop
         vertex 3.246467e+00 6.921325e+00 3.300000e+00
         vertex 3.178676e+00 6.853533e+00 1.900000e+00
         vertex 3.246467e+00 6.921325e+00 1.900000e+00
      endloop
   endfacet
   facet normal 5.735768e-01 -8.191518e-01 0.000000e+00
      outer loop
         vertex 3.246467e+00 6.921325e+00 3.300000e+00
         vertex 3.246467e+00 6.921325e+00 1.900000e+00
         vertex 3.325000e+00 6.976314e+00 3.300000e+00
      endloop
   endfacet
   facet normal 5.735768e-01 -8.191518e-01 0.000000e+00
      outer loop
         vertex 3.325000e+00 6.976314e+00 3.300000e+00
         vertex 3.246467e+00 6.921325e+00 1.900000e+00
         vertex 3.325000e+00 6.976314e+00 1.900000e+00
      endloop
   endfacet
   facet normal 4.226185e-01 -9.063077e-01 0.000000e+00
      outer loop
         vertex 3.325000e+00 6.976314e+00 3.300000e+00
         vertex 3.325000e+00 6.976314e+00 1.900000e+00
         vertex 3.411889e+00 7.016831e+00 3.300000e+00
      endloop
   endfacet
   facet normal 4.226185e-01 -9.063077e-01 0.000000e+00
      outer loop
         vertex 3.411889e+00 7.016831e+00 3.300000e+00
         vertex 3.325000e+00 6.976314e+00 1.900000e+00
         vertex 3.411889e+00 7.016831e+00 1.900000e+00
      endloop
   endfacet
   facet normal 2.588190e-01 -9.659258e-01 0.000000e+00
      outer loop
         vertex 3.411889e+00 7.016831e+00 3.300000e+00
         vertex 3.411889e+00 7.016831e+00 1.900000e+00
         vertex 3.504494e+00 7.041644e+00 3.300000e+00
      endloop
   endfacet
   facet normal 2.588190e-01 -9.659258e-01 0.000000e+00
      outer loop
         vertex 3.504494e+00 7.041644e+00 3.300000e+00
         vertex 3.411889e+00 7.016831e+00 1.900000e+00
         vertex 3.504494e+00 7.041644e+00 1.900000e+00
      endloop
   endfacet
   facet normal 8.715553e-02 -9.961947e-01 0.000000e+00
      outer loop
         vertex 3.504494e+00 7.041644e+00 3.300000e+00
         vertex 3.504494e+00 7.041644e+00 1.900000e+00
         vertex 3.600000e+00 7.050000e+00 3.300000e+00
      endloop
   endfacet
   facet normal 8.715553e-02 -9.961947e-01 0.000000e+00
      outer loop
         vertex 3.600000e+00 7.050000e+00 3.300000e+00
         vertex 3.504494e+00 7.041644e+00 1.900000e+00
         vertex 3.600000e+00 7.050000e+00 1.900000e+00
      endloop
   endfacet
   facet normal -8.715532e-02 -9.961947e-01 -0.000000e+00
      outer loop
         vertex 3.600000e+00 7.050000e+00 3.300000e+00
         vertex 3.600000e+00 7.050000e+00 1.900000e+00
         vertex 3.695507e+00 7.041644e+00 3.300000e+00
      endloop
   endfacet
   facet normal -8.715532e-02 -9.961947e-01 -0.000000e+00
      outer loop
         vertex 3.695507e+00 7.041644e+00 3.300000e+00
         vertex 3.600000e+00 7.050000e+00 1.900000e+00
         vertex 3.695507e+00 7.041644e+00 1.900000e+00
      endloop
   endfacet
   facet normal -2.588196e-01 -9.659257e-01 -0.000000e+00
      outer loop
         vertex 3.695507e+00 7.041644e+00 3.300000e+00
         vertex 3.695507e+00 7.041644e+00 1.900000e+00
         vertex 3.788111e+00 7.016831e+00 3.300000e+00
      endloop
   endfacet
   facet normal -2.588196e-01 -9.659257e-01 -0.000000e+00
      outer loop
         vertex 3.788111e+00 7.016831e+00 3.300000e+00
         vertex 3.695507e+00 7.041644e+00 1.900000e+00
         vertex 3.788111e+00 7.016831e+00 1.900000e+00
      endloop
   endfacet
   facet normal -4.226185e-01 -9.063077e-01 -0.000000e+00
      outer loop
         vertex 3.788111e+00 7.016831e+00 3.300000e+00
         vertex 3.788111e+00 7.016831e+00 1.900000e+00
         vertex 3.875000e+00 6.976314e+00 3.300000e+00
      endloop
   endfacet
   facet normal -4.226185e-01 -9.063077e-01 -0.000000e+00
      outer loop
         vertex 3.875000e+00 6.976314e+00 3.300000e+00
         vertex 3.788111e+00 7.016831e+00 1.900000e+00
         vertex 3.875000e+00 6.976314e+00 1.900000e+00
      endloop
   endfacet
   facet normal -5.735757e-01 -8.191526e-01 -0.000000e+00
      outer loop
         vertex 3.875000e+00 6.976314e+00 3.300000e+00
         vertex 3.875000e+00 6.976314e+00 1.900000e+00
         vertex 3.953533e+00 6.921325e+00 3.300000e+00
      endloop
   endfacet
   facet normal -5.735757e-01 -8.191526e-01 -0.000000e+00
      outer loop
         vertex 3.953533e+00 6.921325e+00 3.300000e+00
         vertex 3.875000e+00 6.976314e+00 1.900000e+00
         vertex 3.953533e+00 6.921325e+00 1.900000e+00
      endloop
   endfacet
   facet normal -7.071083e-01 -7.071053e-01 -0.000000e+00
      outer loop
         vertex 3.953533e+00 6.921325e+00 3.300000e+00
         vertex 3.953533e+00 6.921325e+00 1.900000e+00
         vertex 4.021324e+00 6.853533e+00 3.300000e+00
      endloop
   endfacet
   facet normal -7.071083e-01 -7.071053e-01 -0.000000e+00
      outer loop
         vertex 4.021324e+00 6.853533e+00 3.300000e+00
         vertex 3.953533e+00 6.921325e+00 1.900000e+00
         vertex 4.021324e+00 6.853533e+00 1.900000e+00
      endloop
   endfacet
   facet normal -8.191500e-01 -5.735793e-01 -0.000000e+00
      outer loop
         vertex 4.021324e+00 6.853533e+00 3.300000e+00
         vertex 4.021324e+00 6.853533e+00 1.900000e+00
         vertex 4.076314e+00 6.775000e+00 3.300000e+00
      endloop
   endfacet
   facet normal -8.191500e-01 -5.735793e-01 -0.000000e+00
      outer loop
         vertex 4.076314e+00 6.775000e+00 3.300000e+00
         vertex 4.021324e+00 6.853533e+00 1.900000e+00
         vertex 4.076314e+00 6.775000e+00 1.900000e+00
      endloop
   endfacet
   facet normal -9.063088e-01 -4.226162e-01 -0.000000e+00
      outer loop
         vertex 4.076314e+00 6.775000e+00 3.300000e+00
         vertex 4.076314e+00 6.775000e+00 1.900000e+00
         vertex 4.116831e+00 6.688111e+00 3.300000e+00
      endloop
   endfacet
   facet normal -9.063088e-01 -4.226162e-01 -0.000000e+00
      outer loop
         vertex 4.116831e+00 6.688111e+00 3.300000e+00
         vertex 4.076314e+00 6.775000e+00 1.900000e+00
         vertex 4.116831e+00 6.688111e+00 1.900000e+00
      endloop
   endfacet
   facet normal -9.659261e-01 -2.588181e-01 -0.000000e+00
      outer loop
         vertex 4.116831e+00 6.688111e+00 3.300000e+00
         vertex 4.116831e+00 6.688111e+00 1.900000e+00
         vertex 4.141644e+00 6.595507e+00 3.300000e+00
      endloop
   endfacet
   facet normal -9.659261e-01 -2.588181e-01 -0.000000e+00
      outer loop
         vertex 4.141644e+00 6.595507e+00 3.300000e+00
         vertex 4.116831e+00 6.688111e+00 1.900000e+00
         vertex 4.141644e+00 6.595507e+00 1.900000e+00
      endloop
   endfacet
   facet normal -9.961946e-01 -8.715668e-02 -0.000000e+00
      outer loop
         vertex 4.141644e+00 6.595507e+00 3.300000e+00
         vertex 4.141644e+00 6.595507e+00 1.900000e+00
         vertex 4.150000e+00 6.500000e+00 3.300000e+00
      endloop
   endfacet
   facet normal -9.961946e-01 -8.715668e-02 -0.000000e+00
      outer loop
         vertex 4.150000e+00 6.500000e+00 3.300000e+00
         vertex 4.141644e+00 6.595507e+00 1.900000e+00
         vertex 4.150000e+00 6.500000e+00 1.900000e+00
      endloop
   endfacet
   facet normal 0.000000e+00 -8.715590e-02 9.961947e-01
      outer loop
         vertex 0.000000e+00 1.500000e+00 6.125000e+00
         vertex 1.500000e+00 1.500000e+00 6.125000e+00
         vertex 0.000000e+00 1.565118e+00 6.130697e+00
      endloop
   endfacet
   facet normal 0.000000e+00 -8.715590e-02 9.961947e-01
      outer loop
         vertex 0.000000e+00 1.565118e+00 6.130697e+00
         vertex 1.500000e+00 1.500000e+00 6.125000e+00
         vertex 1.500000e+00 1.565118e+00 6.130697e+00
      endloop
   endfacet
   facet normal 0.000000e+00 -2.588191e-01 9.659258e-01
      outer loop
         vertex 0.000000e+00 1.565118e+00 6.130697e+00
         vertex 1.500000e+00 1.565118e+00 6.130697e+00
         vertex 0.000000e+00 1.628258e+00 6.147615e+00
      endloop
   endfacet
   facet normal 0.000000e+00 -2.588191e-01 9.659258e-01
      outer loop
         vertex 0.000000e+00 1.628258e+00 6.147615e+00
         vertex 1.500000e+00 1.565118e+00 6.130697e+00
         vertex 1.500000e+00 1.628258e+00 6.147615e+00
      endloop
   endfacet
   facet normal 0.000000e+00 -4.226188e-01 9.063075e-01
      outer loop
         vertex 0.000000e+00 1.628258e+00 6.147615e+00
         vertex 1.500000e+00 1.628258e+00 6.147615e+00
         vertex 0.000000e+00 1.687500e+00 6.175241e+00
      endloop
   endfacet
   facet normal 0.000000e+00 -4.226188e-01 9.063075e-01
      outer loop
         vertex 0.000000e+00 1.687500e+00 6.175241e+00
         vertex 1.500000e+00 1.628258e+00 6.147615e+00
         vertex 1.500000e+00 1.687500e+00 6.175241e+00
      endloop
   endfacet
   facet normal 0.000000e+00 -5.735757e-01 8.191526e-01
      outer loop
         vertex 0.000000e+00 1.687500e+00 6.175241e+00
         vertex 1.500000e+00 1.687500e+00 6.175241e+00
         vertex 0.000000e+00 1.741046e+00 6.212733e+00
      endloop
   endfacet
   facet normal 0.000000e+00 -5.735757e-01 8.191526e-01
      outer loop
         vertex 0.000000e+00 1.741046e+00 6.212733e+00
         vertex 1.500000e+00 1.687500e+00 6.175241e+00
         vertex 1.500000e+00 1.741046e+00 6.212733e+00
      endloop
   endfacet
   facet normal 0.000000e+00 -7.071085e-01 7.071051e-01
      outer loop
         vertex 0.000000e+00 1.741046e+00 6.212733e+00
         vertex 1.500000e+00 1.741046e+00 6.212733e+00
         vertex 0.000000e+00 1.787267e+00 6.258955e+00
      endloop
   endfacet
   facet normal 0.000000e+00 -7.071085e-01 7.071051e-01
      outer loop
         vertex 0.000000e+00 1.787267e+00 6.258955e+00
         vertex 1.500000e+00 1.741046e+00 6.212733e+00
         vertex 1.500000e+00 1.787267e+00 6.258955e+00
      endloop
   endfacet
   facet normal 0.000000e+00 -8.191497e-01 5.735797e-01
      outer loop
         vertex 0.000000e+00 1.787267e+00 6.258955e+00
         vertex 1.500000e+00 1.787267e+00 6.258955e+00
         vertex 0.000000e+00 1.824760e+00 6.312500e+00
      endloop
   endfacet
   facet normal 0.000000e+00 -8.191497e-01 5.735797e-01
      outer loop
         vertex 0.000000e+00 1.824760e+00 6.312500e+00
         vertex 1.500000e+00 1.787267e+00 6.258955e+00
         vertex 1.500000e+00 1.824760e+00 6.312500e+00
      endloop
   endfacet
   facet normal 0.000000e+00 -9.063096e-01 4.226143e-01
      outer loop
         vertex 0.000000e+00 1.824760e+00 6.312500e+00
         vertex 1.500000e+00 1.824760e+00 6.312500e+00
         vertex 0.000000e+00 1.852385e+00 6.371743e+00
      endloop
   endfacet
   facet normal 0.000000e+00 -9.063096e-01 4.226143e-01
      outer loop
         vertex 0.000000e+00 1.852385e+00 6.371743e+00
         vertex 1.500000e+00 1.824760e+00 6.312500e+00
         vertex 1.500000e+00 1.852385e+00 6.371743e+00
      endloop
   endfacet
   facet normal 0.000000e+00 -9.659249e-01 2.588223e-01
      outer loop
         vertex 0.000000e+00 1.852385e+00 6.371743e+00
         vertex 1.500000e+00 1.852385e+00 6.371743e+00
         vertex 0.000000e+00 1.869303e+00 6.434882e+00
      endloop
   endfacet
   facet normal 0.000000e+00 -9.659249e-01 2.588223e-01
      outer loop
         vertex 0.000000e+00 1.869303e+00 6.434882e+00
         vertex 1.500000e+00 1.852385e+00 6.371743e+00
         vertex 1.500000e+00 1.869303e+00 6.434882e+00
      endloop
   endfacet
   facet normal 0.000000e+00 -9.961950e-01 8.715282e-02
      outer loop
         vertex 0.000000e+00 1.869303e+00 6.434882e+00
         vertex 1.500000e+00 1.869303e+00 6.434882e+00
         vertex 0.000000e+00 1.875000e+00 6.500000e+00
      endloop
   endfacet
   facet normal 0.000000e+00 -9.961950e-01 8.715282e-02
      outer loop
         vertex 0.000000e+00 1.875000e+00 6.500000e+00
         vertex 1.500000e+00 1.869303e+00 6.434882e+00
         vertex 1.500000e+00 1.875000e+00 6.500000e+00
      endloop
   endfacet
   facet normal 0.000000e+00 -9.961950e-01 -8.715282e-02
      outer loop
         vertex 0.000000e+00 1.875000e+00 6.500000e+00
         vertex 1.500000e+00 1.875000e+00 6.500000e+00
         vertex 0.000000e+00 1.869303e+00 6.565118e+00
      endloop
   endfacet
   facet normal 0.000000e+00 -9.961950e-01 -8.715282e-02
      outer loop
         vertex 0.000000e+00 1.869303e+00 6.565118e+00
         vertex 1.500000e+00 1.875000e+00 6.500000e+00
         vertex 1.500000e+00 1.869303e+00 6.565118e+00
      endloop
   endfacet
   facet normal 0.000000e+00 -9.659249e-01 -2.588223e-01
      outer loop
         vertex 0.000000e+00 1.869303e+00 6.565118e+00
         vertex 1.500000e+00 1.869303e+00 6.565118e+00
         vertex 0.000000e+00 1.852385e+00 6.628258e+00
      endloop
   endfacet
   facet normal 0.000000e+00 -9.659249e-01 -2.588223e-01
      outer loop
         vertex 0.000000e+00 1.852385e+00 6.628258e+00
         vertex 1.500000e+00 1.869303e+00 6.565118e+00
         vertex 1.500000e+00 1.852385e+00 6.628258e+00
      endloop
   endfacet
   facet normal 0.000000e+00 -9.063096e-01 -4.226143e-01
      outer loop
         vertex 0.000000e+00 1.852385e+00 6.628258e+00
         vertex 1.500000e+00 1.852385e+00 6.628258e+00
         vertex 0.000000e+00 1.824760e+00 6.687500e+00
      endloop
   endfacet
   facet normal 0.000000e+00 -9.063096e-01 -4.226143e-01
      outer loop
         vertex 0.000000e+00 1.824760e+00 6.687500e+00
         vertex 1.500000e+00 1.852385e+00 6.628258e+00
         vertex 1.500000e+00 1.824760e+00 6.687500e+00
      endloop
   endfacet
   facet normal 0.000000e+00 -8.191497e-01 -5.735797e-01
      outer loop
         vertex 0.000000e+00 1.824760e+00 6.687500e+00
         vertex 1.500000e+00 1.824760e+00 6.687500e+00
         vertex 0.000000e+00 1.787267e+00 6.741045e+00
      endloop
   endfacet
   facet normal 0.000000e+00 -8.191497e-01 -5.735797e-01
      outer loop
         vertex 0.000000e+00 1.787267e+00 6.741045e+00
         vertex 1.500000e+00 1.824760e+00 6.687500e+00
         vertex 1.500000e+00 1.787267e+00 6.741045e+00
      endloop
   endfacet
   facet normal 0.000000e+00 -7.071085e-01 -7.071051e-01
      outer loop
         vertex 0.000000e+00 1.787267e+00 6.741045e+00
         vertex 1.500000e+00 1.787267e+00 6.741045e+00
         vertex 0.000000e+00 1.741046e+00 6.787267e+00
      endloop
   endfacet
   facet normal 0.000000e+00 -7.071085e-01 -7.071051e-01
      outer loop
         vertex 0.000000e+00 1.741046e+00 6.787267e+00
         vertex 1.500000e+00 1.787267e+00 6.741045e+00
         vertex 1.500000e+00 1.741046e+00 6.787267e+00
      endloop
   endfacet
   facet normal 0.000000e+00 -5.735757e-01 -8.191526e-01
      outer loop
         vertex 0.000000e+00 1.741046e+00 6.787267e+00
         vertex 1.500000e+00 1.741046e+00 6.787267e+00
         vertex 0.000000e+00 1.687500e+00 6.824760e+00
      endloop
   endfacet
   facet normal 0.000000e+00 -5.735757e-01 -8.191526e-01
      outer loop
         vertex 0.000000e+00 1.687500e+00 6.824760e+00
         vertex 1.500000e+00 1.741046e+00 6.787267e+00
         vertex 1.500000e+00 1.687500e+00 6.824760e+00
      endloop
   endfacet
   facet normal 0.000000e+00 -4.226188e-01 -9.063075e-01
      outer loop
         vertex 0.000000e+00 1.687500e+00 6.824760e+00
         vertex 1.500000e+00 1.687500e+00 6.824760e+00
         vertex 0.000000e+00 1.628258e+00 6.852385e+00
      endloop
   endfacet
   facet normal 0.000000e+00 -4.226188e-01 -9.063075e-01
      outer loop
         vertex 0.000000e+00 1.628258e+00 6.852385e+00
         vertex 1.500000e+00 1.687500e+00 6.824760e+00
         vertex 1.500000e+00 1.628258e+00 6.852385e+00
      endloop
   endfacet
   facet normal 0.000000e+00 -2.588191e-01 -9.659258e-01
      outer loop
         vertex 0.000000e+00 1.628258e+00 6.852385e+00
         vertex 1.500000e+00 1.628258e+00 6.852385e+00
         vertex 0.000000e+00 1.565118e+00 6.869303e+00
      endloop
   endfacet
   facet normal 0.000000e+00 -2.588191e-01 -9.659258e-01
      outer loop
         vertex 0.000000e+00 1.565118e+00 6.869303e+00
         vertex 1.500000e+00 1.628258e+00 6.852385e+00
         vertex 1.500000e+00 1.565118e+00 6.869303e+00
      endloop
   endfacet
   facet normal 0.000000e+00 -8.715590e-02 -9.961947e-01
      outer loop
         vertex 0.000000e+00 1.565118e+00 6.869303e+00
         vertex 1.500000e+00 1.565118e+00 6.869303e+00
         vertex 0.000000e+00 1.500000e+00 6.875000e+00
      endloop
   endfacet
   facet normal 0.000000e+00 -8.715590e-02 -9.961947e-01
      outer loop
         vertex 0.000000e+00 1.500000e+00 6.875000e+00
         vertex 1.500000e+00 1.565118e+00 6.869303e+00
         vertex 1.500000e+00 1.500000e+00 6.875000e+00
      endloop
   endfacet
   facet normal 0.000000e+00 8.715590e-02 -9.961947e-01
      outer loop
         vertex 0.000000e+00 1.500000e+00 6.875000e+00
         vertex 1.500000e+00 1.500000e+00 6.875000e+00
         vertex 0.000000e+00 1.434882e+00 6.869303e+00
      endloop
   endfacet
   facet normal 0.000000e+00 8.715590e-02 -9.961947e-01
      outer loop
         vertex 0.000000e+00 1.434882e+00 6.869303e+00
         vertex 1.500000e+00 1.500000e+00 6.875000e+00
         vertex 1.500000e+00 1.434882e+00 6.869303e+00
      endloop
   endfacet
   facet normal 0.000000e+00 2.588191e-01 -9.659258e-01
      outer loop
         vertex 0.000000e+00 1.434882e+00 6.869303e+00
         vertex 1.500000e+00 1.434882e+00 6.869303e+00
         vertex 0.000000e+00 1.371743e+00 6.852385e+00
      endloop
   endfacet
   facet normal 0.000000e+00 2.588191e-01 -9.659258e-01
      outer loop
         vertex 0.000000e+00 1.371743e+00 6.852385e+00
         vertex 1.500000e+00 1.434882e+00 6.869303e+00
         vertex 1.500000e+00 1.371743e+00 6.852385e+00
      endloop
   endfacet
   facet normal 0.000000e+00 4.226188e-01 -9.063075e-01
      outer loop
         vertex 0.000000e+00 1.371743e+00 6.852385e+00
         vertex 1.500000e+00 1.371743e+00 6.852385e+00
         vertex 0.000000e+00 1.312500e+00 6.824760e+00
      endloop
   endfacet
   facet normal 0.000000e+00 4.226188e-01 -9.063075e-01
      outer loop
         vertex 0.000000e+00 1.312500e+00 6.824760e+00
         vertex 1.500000e+00 1.371743e+00 6.852385e+00
         vertex 1.500000e+00 1.312500e+00 6.824760e+00
      endloop
   endfacet
   facet normal 0.000000e+00 5.735757e-01 -8.191526e-01
      outer loop
         vertex 0.000000e+00 1.312500e+00 6.824760e+00
         vertex 1.500000e+00 1.312500e+00 6.824760e+00
         vertex 0.000000e+00 1.258955e+00 6.787267e+00
      endloop
   endfacet
   facet normal 0.000000e+00 5.735757e-01 -8.191526e-01
      outer loop
         vertex 0.000000e+00 1.258955e+00 6.787267e+00
         vertex 1.500000e+00 1.312500e+00 6.824760e+00
         vertex 1.500000e+00 1.258955e+00 6.787267e+00
      endloop
   endfacet
   facet normal 0.000000e+00 7.071049e-01 -7.071087e-01
      outer loop
         vertex 0.000000e+00 1.258955e+00 6.787267e+00
         vertex 1.500000e+00 1.258955e+00 6.787267e+00
         vertex 0.000000e+00 1.212733e+00 6.741045e+00
      endloop
   endfacet
   facet normal 0.000000e+00 7.071049e-01 -7.071087e-01
      outer loop
         vertex 0.000000e+00 1.212733e+00 6.741045e+00
         vertex 1.500000e+00 1.258955e+00 6.787267e+00
         vertex 1.500000e+00 1.212733e+00 6.741045e+00
      endloop
   endfacet
   facet normal 0.000000e+00 8.191531e-01 -5.735749e-01
      outer loop
         vertex 0.000000e+00 1.212733e+00 6.741045e+00
         vertex 1.500000e+00 1.212733e+00 6.741045e+00
         vertex 0.000000e+00 1.175241e+00 6.687500e+00
      endloop
   endfacet
   facet normal 0.000000e+00 8.191531e-01 -5.735749e-01
      outer loop
         vertex 0.000000e+00 1.175241e+00 6.687500e+00
         vertex 1.500000e+00 1.212733e+00 6.741045e+00
         vertex 1.500000e+00 1.175241e+00 6.687500e+00
      endloop
   endfacet
   facet normal 0.000000e+00 9.063069e-01 -4.226201e-01
      outer loop
         vertex 0.000000e+00 1.175241e+00 6.687500e+00
         vertex 1.500000e+00 1.175241e+00 6.687500e+00
         vertex 0.000000e+00 1.147615e+00 6.628258e+00
      endloop
   endfacet
   facet normal 0.000000e+00 9.063069e-01 -4.226201e-01
      outer loop
         vertex 0.000000e+00 1.147615e+00 6.628258e+00
         vertex 1.500000e+00 1.175241e+00 6.687500e+00
         vertex 1.500000e+00 1.147615e+00 6.628258e+00
      endloop
   endfacet
   facet normal 0.000000e+00 9.659267e-01 -2.588157e-01
      outer loop
         vertex 0.000000e+00 1.147615e+00 6.628258e+00
         vertex 1.500000e+00 1.147615e+00 6.628258e+00
         vertex 0.000000e+00 1.130697e+00 6.565118e+00
      endloop
   endfacet
   facet normal 0.000000e+00 9.659267e-01 -2.588157e-01
      outer loop
         vertex 0.000000e+00 1.130697e+00 6.565118e+00
         vertex 1.500000e+00 1.147615e+00 6.628258e+00
         vertex 1.500000e+00 1.130697e+00 6.565118e+00
      endloop
   endfacet
   facet normal 0.000000e+00 9.961943e-01 -8.715989e-02
      outer loop
         vertex 0.000000e+00 1.130697e+00 6.565118e+00
         vertex 1.500000e+00 1.130697e+00 6.565118e+00
         vertex 0.000000e+00 1.125000e+00 6.500000e+00
      endloop
   endfacet
   facet normal 0.000000e+00 9.961943e-01 -8.715989e-02
      outer loop
         vertex 0.000000e+00 1.125000e+00 6.500000e+00
         vertex 1.500000e+00 1.130697e+00 6.565118e+00
         vertex 1.500000e+00 1.125000e+00 6.500000e+00
      endloop
   endfacet
   facet normal -0.000000e+00 9.961943e-01 8.715989e-02
      outer loop
         vertex 0.000000e+00 1.125000e+00 6.500000e+00
         vertex 1.500000e+00 1.125000e+00 6.500000e+00
         vertex 0.000000e+00 1.130697e+00 6.434882e+00
      endloop
   endfacet
   facet normal -0.000000e+00 9.961943e-01 8.715989e-02
      outer loop
         vertex 0.000000e+00 1.130697e+00 6.434882e+00
         vertex 1.500000e+00 1.125000e+00 6.500000e+00
         vertex 1.500000e+00 1.130697e+00 6.434882e+00
      endloop
   endfacet
   facet normal -0.000000e+00 9.659267e-01 2.588157e-01
      outer loop
         vertex 0.000000e+00 1.130697e+00 6.434882e+00
         vertex 1.500000e+00 1.130697e+00 6.434882e+00
         vertex 0.000000e+00 1.147615e+00 6.371743e+00
      endloop
   endfacet
   facet normal -0.000000e+00 9.659267e-01 2.588157e-01
      outer loop
         vertex 0.000000e+00 1.147615e+00 6.371743e+00
         vertex 1.500000e+00 1.130697e+00 6.434882e+00
         vertex 1.500000e+00 1.147615e+00 6.371743e+00
      endloop
   endfacet
   facet normal -0.000000e+00 9.063069e-01 4.226201e-01
      outer loop
         vertex 0.000000e+00 1.147615e+00 6.371743e+00
         vertex 1.500000e+00 1.147615e+00 6.371743e+00
         vertex 0.000000e+00 1.175241e+00 6.312500e+00
      endloop
   endfacet
   facet normal -0.000000e+00 9.063069e-01 4.226201e-01
      outer loop
         vertex 0.000000e+00 1.175241e+00 6.312500e+00
         vertex 1.500000e+00 1.147615e+00 6.371743e+00
         vertex 1.500000e+00 1.175241e+00 6.312500e+00
      endloop
   endfacet
   facet normal -0.000000e+00 8.191531e-01 5.735749e-01
      outer loop
         vertex 0.000000e+00 1.175241e+00 6.312500e+00
         vertex 1.500000e+00 1.175241e+00 6.312500e+00
         vertex 0.000000e+00 1.212733e+00 6.258955e+00
      endloop
   endfacet
   facet normal -0.000000e+00 8.191531e-01 5.735749e-01
      outer loop
         vertex 0.000000e+00 1.212733e+00 6.258955e+00
         vertex 1.500000e+00 1.175241e+00 6.312500e+00
         vertex 1.500000e+00 1.212733e+00 6.258955e+00
      endloop
   endfacet
   facet normal -0.000000e+00 7.071049e-01 7.071087e-01
      outer loop
         vertex 0.000000e+00 1.212733e+00 6.258955e+00
         vertex 1.500000e+00 1.212733e+00 6.258955e+00
         vertex 0.000000e+00 1.258955e+00 6.212733e+00
      endloop
   endfacet
   facet normal -0.000000e+00 7.071049e-01 7.071087e-01
      outer loop
         vertex 0.000000e+00 1.258955e+00 6.212733e+00
         vertex 1.500000e+00 1.212733e+00 6.258955e+00
         vertex 1.500000e+00 1.258955e+00 6.212733e+00
      endloop
   endfacet
   facet normal -0.000000e+00 5.735757e-01 8.191526e-01
      outer loop
         vertex 0.000000e+00 1.258955e+00 6.212733e+00
         vertex 1.500000e+00 1.258955e+00 6.212733e+00
         vertex 0.000000e+00 1.312500e+00 6.175241e+00
      endloop
   endfacet
   facet normal -0.000000e+00 5.735757e-01 8.191526e-01
      outer loop
         vertex 0.000000e+00 1.312500e+00 6.175241e+00
         vertex 1.500000e+00 1.258955e+00 6.212733e+00
         vertex 1.500000e+00 1.312500e+00 6.175241e+00
      endloop
   endfacet
   facet normal -0.000000e+00 4.226188e-01 9.063075e-01
      outer loop
         vertex 0.000000e+00 1.312500e+00 6.175241e+00
         vertex 1.500000e+00 1.312500e+00 6.175241e+00
         vertex 0.000000e+00 1.371743e+00 6.147615e+00
      endloop
   endfacet
   facet normal -0.000000e+00 4.226188e-01 9.063075e-01
      outer loop
         vertex 0.000000e+00 1.371743e+00 6.147615e+00
         vertex 1.500000e+00 1.312500e+00 6.175241e+00
         vertex 1.500000e+00 1.371743e+00 6.147615e+00
      endloop
   endfacet
   facet normal -0.000000e+00 2.588191e-01 9.659258e-01
      outer loop
         vertex 0.000000e+00 1.371743e+00 6.147615e+00
         vertex 1.500000e+00 1.371743e+00 6.147615e+00
         vertex 0.000000e+00 1.434882e+00 6.130697e+00
      endloop
   endfacet
   facet normal -0.000000e+00 2.588191e-01 9.659258e-01
      outer loop
         vertex 0.000000e+00 1.434882e+00 6.130697e+00
         vertex 1.500000e+00 1.371743e+00 6.147615e+00
         vertex 1.500000e+00 1.434882e+00 6.130697e+00
      endloop
   endfacet
   facet normal -0.000000e+00 8.715590e-02 9.961947e-01
      outer loop
         vertex 0.000000e+00 1.434882e+00 6.130697e+00
         vertex 1.500000e+00 1.434882e+00 6.130697e+00
         vertex 0.000000e+00 1.500000e+00 6.125000e+00
      endloop
   endfacet
   facet normal -0.000000e+00 8.715590e-02 9.961947e-01
      outer loop
         vertex 0.000000e+00 1.500000e+00 6.125000e+00
         vertex 1.500000e+00 1.434882e+00 6.130697e+00
         vertex 1.500000e+00 1.500000e+00 6.125000e+00
      endloop
   endfacet
   facet normal 0.000000e+00 -8.715590e-02 9.961947e-01
      outer loop
         vertex 0.000000e+00 3.000000e+00 6.125000e+00
         vertex 1.500000e+00 3.000000e+00 6.125000e+00
         vertex 0.000000e+00 3.065118e+00 6.130697e+00
      endloop
   endfacet
   facet normal 0.000000e+00 -8.715590e-02 9.961947e-01
      outer loop
         vertex 0.000000e+00 3.065118e+00 6.130697e+00
         vertex 1.500000e+00 3.000000e+00 6.125000e+00
         vertex 1.500000e+00 3.065118e+00 6.130697e+00
      endloop
   endfacet
   facet normal 0.000000e+00 -2.588191e-01 9.659258e-01
      outer loop
         vertex 0.000000e+00 3.065118e+00 6.130697e+00
         vertex 1.500000e+00 3.065118e+00 6.130697e+00
         vertex 0.000000e+00 3.128258e+00 6.147615e+00
      endloop
   endfacet
   facet normal 0.000000e+00 -2.588191e-01 9.659258e-01
      outer loop
         vertex 0.000000e+00 3.128258e+00 6.147615e+00
         vertex 1.500000e+00 3.065118e+00 6.130697e+00
         vertex 1.500000e+00 3.128258e+00 6.147615e+00
      endloop
   endfacet
   facet normal 0.000000e+00 -4.226175e-01 9.063082e-01
      outer loop
         vertex 0.000000e+00 3.128258e+00 6.147615e+00
         vertex 1.500000e+00 3.128258e+00 6.147615e+00
         vertex 0.000000e+00 3.187500e+00 6.175241e+00
      endloop
   endfacet
   facet normal 0.000000e+00 -4.226175e-01 9.063082e-01
      outer loop
         vertex 0.000000e+00 3.187500e+00 6.175241e+00
         vertex 1.500000e+00 3.128258e+00 6.147615e+00
         vertex 1.500000e+00 3.187500e+00 6.175241e+00
      endloop
   endfacet
   facet normal 0.000000e+00 -5.735774e-01 8.191514e-01
      outer loop
         vertex 0.000000e+00 3.187500e+00 6.175241e+00
         vertex 1.500000e+00 3.187500e+00 6.175241e+00
         vertex 0.000000e+00 3.241045e+00 6.212733e+00
      endloop
   endfacet
   facet normal 0.000000e+00 -5.735774e-01 8.191514e-01
      outer loop
         vertex 0.000000e+00 3.241045e+00 6.212733e+00
         vertex 1.500000e+00 3.187500e+00 6.175241e+00
         vertex 1.500000e+00 3.241045e+00 6.212733e+00
      endloop
   endfacet
   facet normal 0.000000e+00 -7.071067e-01 7.071069e-01
      outer loop
         vertex 0.000000e+00 3.241045e+00 6.212733e+00
         vertex 1.500000e+00 3.241045e+00 6.212733e+00
         vertex 0.000000e+00 3.287267e+00 6.258955e+00
      endloop
   endfacet
   facet normal 0.000000e+00 -7.071067e-01 7.071069e-01
      outer loop
         vertex 0.000000e+00 3.287267e+00 6.258955e+00
         vertex 1.500000e+00 3.241045e+00 6.212733e+00
         vertex 1.500000e+00 3.287267e+00 6.258955e+00
      endloop
   endfacet
   facet normal 0.000000e+00 -8.191514e-01 5.735773e-01
      outer loop
         vertex 0.000000e+00 3.287267e+00 6.258955e+00
         vertex 1.500000e+00 3.287267e+00 6.258955e+00
         vertex 0.000000e+00 3.324760e+00 6.312500e+00
      endloop
   endfacet
   facet normal 0.000000e+00 -8.191514e-01 5.735773e-01
      outer loop
         vertex 0.000000e+00 3.324760e+00 6.312500e+00
         vertex 1.500000e+00 3.287267e+00 6.258955e+00
         vertex 1.500000e+00 3.324760e+00 6.312500e+00
      endloop
   endfacet
   facet normal 0.000000e+00 -9.063083e-01 4.226172e-01
      outer loop
         vertex 0.000000e+00 3.324760e+00 6.312500e+00
         vertex 1.500000e+00 3.324760e+00 6.312500e+00
         vertex 0.000000e+00 3.352385e+00 6.371743e+00
      endloop
   endfacet
   facet normal 0.000000e+00 -9.063083e-01 4.226172e-01
      outer loop
         vertex 0.000000e+00 3.352385e+00 6.371743e+00
         vertex 1.500000e+00 3.324760e+00 6.312500e+00
         vertex 1.500000e+00 3.352385e+00 6.371743e+00
      endloop
   endfacet
   facet normal 0.000000e+00 -9.659258e-01 2.588190e-01
      outer loop
         vertex 0.000000e+00 3.352385e+00 6.371743e+00
         vertex 1.500000e+00 3.352385e+00 6.371743e+00
         vertex 0.000000e+00 3.369303e+00 6.434882e+00
      endloop
   endfacet
   facet normal 0.000000e+00 -9.659258e-01 2.588190e-01
      outer loop
         vertex 0.000000e+00 3.369303e+00 6.434882e+00
         vertex 1.500000e+00 3.352385e+00 6.371743e+00
         vertex 1.500000e+00 3.369303e+00 6.434882e+00
      endloop
   endfacet
   facet normal 0.000000e+00 -9.961946e-01 8.715636e-02
      outer loop
         vertex 0.000000e+00 3.369303e+00 6.434882e+00
         vertex 1.500000e+00 3.369303e+00 6.434882e+00
         vertex 0.000000e+00 3.375000e+00 6.500000e+00
      endloop
   endfacet
   facet normal 0.000000e+00 -9.961946e-01 8.715636e-02
      outer loop
         vertex 0.000000e+00 3.375000e+00 6.500000e+00
         vertex 1.500000e+00 3.369303e+00 6.434882e+00
         vertex 1.500000e+00 3.375000e+00 6.500000e+00
      endloop
   endfacet
   facet normal 0.000000e+00 -9.961946e-01 -8.715636e-02
      outer loop
         vertex 0.000000e+00 3.375000e+00 6.500000e+00
         vertex 1.500000e+00 3.375000e+00 6.500000e+00
         vertex 0.000000e+00 3.369303e+00 6.565118e+00
      endloop
   endfacet
   facet normal 0.000000e+00 -9.961946e-01 -8.715636e-02
      outer loop
         vertex 0.000000e+00 3.369303e+00 6.565118e+00
         vertex 1.500000e+00 3.375000e+00 6.500000e+00
         vertex 1.500000e+00 3.369303e+00 6.565118e+00
      endloop
   endfacet
   facet normal 0.000000e+00 -9.659258e-01 -2.588190e-01
      outer loop
         vertex 0.000000e+00 3.369303e+00 6.565118e+00
         vertex 1.500000e+00 3.369303e+00 6.565118e+00
         vertex 0.000000e+00 3.352385e+00 6.628258e+00
      endloop
   endfacet
   facet normal 0.000000e+00 -9.659258e-01 -2.588190e-01
      outer loop
         vertex 0.000000e+00 3.352385e+00 6.628258e+00
         vertex 1.500000e+00 3.369303e+00 6.565118e+00
         vertex 1.500000e+00 3.352385e+00 6.628258e+00
      endloop
   endfacet
   facet normal 0.000000e+00 -9.063083e-01 -4.226172e-01
      outer loop
         vertex 0.000000e+00 3.352385e+00 6.628258e+00
         vertex 1.500000e+00 3.352385e+00 6.628258e+00
         vertex 0.000000e+00 3.324760e+00 6.687500e+00
      endloop
   endfacet
   facet normal 0.000000e+00 -9.063083e-01 -4.226172e-01
      outer loop
         vertex 0.000000e+00 3.324760e+00 6.687500e+00
         vertex 1.500000e+00 3.352385e+00 6.628258e+00
         vertex 1.500000e+00 3.324760e+00 6.687500e+00
      endloop
   endfacet
   facet normal 0.000000e+00 -8.191514e-01 -5.735773e-01
      outer loop
         vertex 0.000000e+00 3.324760e+00 6.687500e+00
         vertex 1.500000e+00 3.324760e+00 6.687500e+00
         vertex 0.000000e+00 3.287267e+00 6.741045e+00
      endloop
   endfacet
   facet normal 0.000000e+00 -8.191514e-01 -5.735773e-01
      outer loop
         vertex 0.000000e+00 3.287267e+00 6.741045e+00
         vertex 1.500000e+00 3.324760e+00 6.687500e+00
         vertex 1.500000e+00 3.287267e+00 6.741045e+00
      endloop
   endfacet
   facet normal 0.000000e+00 -7.071067e-01 -7.071069e-01
      outer loop
         vertex 0.000000e+00 3.287267e+00 6.741045e+00
         vertex 1.500000e+00 3.287267e+00 6.741045e+00
         vertex 0.000000e+00 3.241045e+00 6.787267e+00
      endloop
   endfacet
   facet normal 0.000000e+00 -7.071067e-01 -7.071069e-01
      outer loop
         vertex 0.000000e+00 3.241045e+00 6.787267e+00
         vertex 1.500000e+00 3.287267e+00 6.741045e+00
         vertex 1.500000e+00 3.241045e+00 6.787267e+00
      endloop
   endfacet
   facet normal 0.000000e+00 -5.735774e-01 -8.191514e-01
      outer loop
         vertex 0.000000e+00 3.241045e+00 6.787267e+00
         vertex 1.500000e+00 3.241045e+00 6.787267e+00
         vertex 0.000000e+00 3.187500e+00 6.824760e+00
      endloop
   endfacet
   facet normal 0.000000e+00 -5.735774e-01 -8.191514e-01
      outer loop
         vertex 0.000000e+00 3.187500e+00 6.824760e+00
         vertex 1.500000e+00 3.241045e+00 6.787267e+00
         vertex 1.500000e+00 3.187500e+00 6.824760e+00
      endloop
   endfacet
   facet normal 0.000000e+00 -4.226175e-01 -9.063082e-01
      outer loop
         vertex 0.000000e+00 3.187500e+00 6.824760e+00
         vertex 1.500000e+00 3.187500e+00 6.824760e+00
         vertex 0.000000e+00 3.128258e+00 6.852385e+00
      endloop
   endfacet
   facet normal 0.000000e+00 -4.226175e-01 -9.063082e-01
      outer loop
         vertex 0.000000e+00 3.128258e+00 6.852385e+00
         vertex 1.500000e+00 3.187500e+00 6.824760e+00
         vertex 1.500000e+00 3.128258e+00 6.852385e+00
      endloop
   endfacet
   facet normal 0.000000e+00 -2.588191e-01 -9.659258e-01
      outer loop
         vertex 0.000000e+00 3.128258e+00 6.852385e+00
         vertex 1.500000e+00 3.128258e+00 6.852385e+00
         vertex 0.000000e+00 3.065118e+00 6.869303e+00
      endloop
   endfacet
   facet normal 0.000000e+00 -2.588191e-01 -9.659258e-01
      outer loop
         vertex 0.000000e+00 3.065118e+00 6.869303e+00
         vertex 1.500000e+00 3.128258e+00 6.852385e+00
         vertex 1.500000e+00 3.065118e+00 6.869303e+00
      endloop
   endfacet
   facet normal 0.000000e+00 -8.715590e-02 -9.961947e-01
      outer loop
         vertex 0.000000e+00 3.065118e+00 6.869303e+00
         vertex 1.500000e+00 3.065118e+00 6.869303e+00
         vertex 0.000000e+00 3.000000e+00 6.875000e+00
      endloop
   endfacet
   facet normal 0.000000e+00 -8.715590e-02 -9.961947e-01
      outer loop
         vertex 0.000000e+00 3.000000e+00 6.875000e+00
         vertex 1.500000e+00 3.065118e+00 6.869303e+00
         vertex 1.500000e+00 3.000000e+00 6.875000e+00
      endloop
   endfacet
   facet normal 0.000000e+00 8.715590e-02 -9.961947e-01
      outer loop
         vertex 0.000000e+00 3.000000e+00 6.875000e+00
         vertex 1.500000e+00 3.000000e+00 6.875000e+00
         vertex 0.000000e+00 2.934882e+00 6.869303e+00
      endloop
   endfacet
   facet normal 0.000000e+00 8.715590e-02 -9.961947e-01
      outer loop
         vertex 0.000000e+00 2.934882e+00 6.869303e+00
         vertex 1.500000e+00 3.000000e+00 6.875000e+00
         vertex 1.500000e+00 2.934882e+00 6.869303e+00
      endloop
   endfacet
   facet normal 0.000000e+00 2.588191e-01 -9.659258e-01
      outer loop
         vertex 0.000000e+00 2.934882e+00 6.869303e+00
         vertex 1.500000e+00 2.934882e+00 6.869303e+00
         vertex 0.000000e+00 2.871742e+00 6.852385e+00
      endloop
   endfacet
   facet normal 0.000000e+00 2.588191e-01 -9.659258e-01
      outer loop
         vertex 0.000000e+00 2.871742e+00 6.852385e+00
         vertex 1.500000e+00 2.934882e+00 6.869303e+00
         vertex 1.500000e+00 2.871742e+00 6.852385e+00
      endloop
   endfacet
   facet normal 0.000000e+00 4.226188e-01 -9.063075e-01
      outer loop
         vertex 0.000000e+00 2.871742e+00 6.852385e+00
         vertex 1.500000e+00 2.871742e+00 6.852385e+00
         vertex 0.000000e+00 2.812500e+00 6.824760e+00
      endloop
   endfacet
   facet normal 0.000000e+00 4.226188e-01 -9.063075e-01
      outer loop
         vertex 0.000000e+00 2.812500e+00 6.824760e+00
         vertex 1.500000e+00 2.871742e+00 6.852385e+00
         vertex 1.500000e+00 2.812500e+00 6.824760e+00
      endloop
   endfacet
   facet normal 0.000000e+00 5.735774e-01 -8.191514e-01
      outer loop
         vertex 0.000000e+00 2.812500e+00 6.824760e+00
         vertex 1.500000e+00 2.812500e+00 6.824760e+00
         vertex 0.000000e+00 2.758955e+00 6.787267e+00
      endloop
   endfacet
   facet normal 0.000000e+00 5.735774e-01 -8.191514e-01
      outer loop
         vertex 0.000000e+00 2.758955e+00 6.787267e+00
         vertex 1.500000e+00 2.812500e+00 6.824760e+00
         vertex 1.500000e+00 2.758955e+00 6.787267e+00
      endloop
   endfacet
   facet normal 0.000000e+00 7.071067e-01 -7.071069e-01
      outer loop
         vertex 0.000000e+00 2.758955e+00 6.787267e+00
         vertex 1.500000e+00 2.758955e+00 6.787267e+00
         vertex 0.000000e+00 2.712734e+00 6.741045e+00
      endloop
   endfacet
   facet normal 0.000000e+00 7.071067e-01 -7.071069e-01
      outer loop
         vertex 0.000000e+00 2.712734e+00 6.741045e+00
         vertex 1.500000e+00 2.758955e+00 6.787267e+00
         vertex 1.500000e+00 2.712734e+00 6.741045e+00
      endloop
   endfacet
   facet normal 0.000000e+00 8.191514e-01 -5.735773e-01
      outer loop
         vertex 0.000000e+00 2.712734e+00 6.741045e+00
         vertex 1.500000e+00 2.712734e+00 6.741045e+00
         vertex 0.000000e+00 2.675241e+00 6.687500e+00
      endloop
   endfacet
   facet normal 0.000000e+00 8.191514e-01 -5.735773e-01
      outer loop
         vertex 0.000000e+00 2.675241e+00 6.687500e+00
         vertex 1.500000e+00 2.712734e+00 6.741045e+00
         vertex 1.500000e+00 2.675241e+00 6.687500e+00
      endloop
   endfacet
   facet normal 0.000000e+00 9.063083e-01 -4.226172e-01
      outer loop
         vertex 0.000000e+00 2.675241e+00 6.687500e+00
         vertex 1.500000e+00 2.675241e+00 6.687500e+00
         vertex 0.000000e+00 2.647616e+00 6.628258e+00
      endloop
   endfacet
   facet normal 0.000000e+00 9.063083e-01 -4.226172e-01
      outer loop
         vertex 0.000000e+00 2.647616e+00 6.628258e+00
         vertex 1.500000e+00 2.675241e+00 6.687500e+00
         vertex 1.500000e+00 2.647616e+00 6.628258e+00
      endloop
   endfacet
   facet normal 0.000000e+00 9.659258e-01 -2.588190e-01
      outer loop
         vertex 0.000000e+00 2.647616e+00 6.628258e+00
         vertex 1.500000e+00 2.647616e+00 6.628258e+00
         vertex 0.000000e+00 2.630697e+00 6.565118e+00
      endloop
   endfacet
   facet normal 0.000000e+00 9.659258e-01 -2.588190e-01
      outer loop
         vertex 0.000000e+00 2.630697e+00 6.565118e+00
         vertex 1.500000e+00 2.647616e+00 6.628258e+00
         vertex 1.500000e+00 2.630697e+00 6.565118e+00
      endloop
   endfacet
   facet normal 0.000000e+00 9.961946e-01 -8.715636e-02
      outer loop
         vertex 0.000000e+00 2.630697e+00 6.565118e+00
         vertex 1.500000e+00 2.630697e+00 6.565118e+00
         vertex 0.000000e+00 2.625000e+00 6.500000e+00
      endloop
   endfacet
   facet normal 0.000000e+00 9.961946e-01 -8.715636e-02
      outer loop
         vertex 0.000000e+00 2.625000e+00 6.500000e+00
         vertex 1.500000e+00 2.630697e+00 6.565118e+00
         vertex 1.500000e+00 2.625000e+00 6.500000e+00
      endloop
   endfacet
   facet normal -0.000000e+00 9.961946e-01 8.715636e-02
      outer loop
         vertex 0.000000e+00 2.625000e+00 6.500000e+00
         vertex 1.500000e+00 2.625000e+00 6.500000e+00
         vertex 0.000000e+00 2.630697e+00 6.434882e+00
      endloop
   endfacet
   facet normal -0.000000e+00 9.961946e-01 8.715636e-02
      outer loop
         vertex 0.000000e+00 2.630697e+00 6.434882e+00
         vertex 1.500000e+00 2.625000e+00 6.500000e+00
         vertex 1.500000e+00 2.630697e+00 6.434882e+00
      endloop
   endfacet
   facet normal -0.000000e+00 9.659258e-01 2.588190e-01
      outer loop
         vertex 0.000000e+00 2.630697e+00 6.434882e+00
         vertex 1.500000e+00 2.630697e+00 6.434882e+00
         vertex 0.000000e+00 2.647616e+00 6.371743e+00
      endloop
   endfacet
   facet normal -0.000000e+00 9.659258e-01 2.588190e-01
      outer loop
         vertex 0.000000e+00 2.647616e+00 6.371743e+00
         vertex 1.500000e+00 2.630697e+00 6.434882e+00
         vertex 1.500000e+00 2.647616e+00 6.371743e+00
      endloop
   endfacet
   facet normal -0.000000e+00 9.063083e-01 4.226172e-01
      outer loop
         vertex 0.000000e+00 2.647616e+00 6.371743e+00
         vertex 1.500000e+00 2.647616e+00 6.371743e+00
         vertex 0.000000e+00 2.675241e+00 6.312500e+00
      endloop
   endfacet
   facet normal -0.000000e+00 9.063083e-01 4.226172e-01
      outer loop
         vertex 0.000000e+00 2.675241e+00 6.312500e+00
         vertex 1.500000e+00 2.647616e+00 6.371743e+00
         vertex 1.500000e+00 2.675241e+00 6.312500e+00
      endloop
   endfacet
   facet normal -0.000000e+00 8.191514e-01 5.735773e-01
      outer loop
         vertex 0.000000e+00 2.675241e+00 6.312500e+00
         vertex 1.500000e+00 2.675241e+00 6.312500e+00
         vertex 0.000000e+00 2.712734e+00 6.258955e+00
      endloop
   endfacet
   facet normal -0.000000e+00 8.191514e-01 5.735773e-01
      outer loop
         vertex 0.000000e+00 2.712734e+00 6.258955e+00
         vertex 1.500000e+00 2.675241e+00 6.312500e+00
         vertex 1.500000e+00 2.712734e+00 6.258955e+00
      endloop
   endfacet
   facet normal -0.000000e+00 7.071067e-01 7.071069e-01
      outer loop
         vertex 0.000000e+00 2.712734e+00 6.258955e+00
         vertex 1.500000e+00 2.712734e+00 6.258955e+00
         vertex 0.000000e+00 2.758955e+00 6.212733e+00
      endloop
   endfacet
   facet normal -0.000000e+00 7.071067e-01 7.071069e-01
      outer loop
         vertex 0.000000e+00 2.758955e+00 6.212733e+00
         vertex 1.500000e+00 2.712734e+00 6.258955e+00
         vertex 1.500000e+00 2.758955e+00 6.212733e+00
      endloop
   endfacet
   facet normal -0.000000e+00 5.735774e-01 8.191514e-01
      outer loop
         vertex 0.000000e+00 2.758955e+00 6.212733e+00
         vertex 1.500000e+00 2.758955e+00 6.212733e+00
         vertex 0.000000e+00 2.812500e+00 6.175241e+00
      endloop
   endfacet
   facet normal -0.000000e+00 5.735774e-01 8.191514e-01
      outer loop
         vertex 0.000000e+00 2.812500e+00 6.175241e+00
         vertex 1.500000e+00 2.758955e+00 6.212733e+00
         vertex 1.500000e+00 2.812500e+00 6.175241e+00
      endloop
   endfacet
   facet normal -0.000000e+00 4.226188e-01 9.063075e-01
      outer loop
         vertex 0.000000e+00 2.812500e+00 6.175241e+00
         vertex 1.500000e+00 2.812500e+00 6.175241e+00
         vertex 0.000000e+00 2.871742e+00 6.147615e+00
      endloop
   endfacet
   facet normal -0.000000e+00 4.226188e-01 9.063075e-01
      outer loop
         vertex 0.000000e+00 2.871742e+00 6.147615e+00
         vertex 1.500000e+00 2.812500e+00 6.175241e+00
         vertex 1.500000e+00 2.871742e+00 6.147615e+00
      endloop
   endfacet
   facet normal -0.000000e+00 2.588191e-01 9.659258e-01
      outer loop
         vertex 0.000000e+00 2.871742e+00 6.147615e+00
         vertex 1.500000e+00 2.871742e+00 6.147615e+00
         vertex 0.000000e+00 2.934882e+00 6.130697e+00
      endloop
   endfacet
   facet normal -0.000000e+00 2.588191e-01 9.659258e-01
      outer loop
         vertex 0.000000e+00 2.934882e+00 6.130697e+00
         vertex 1.500000e+00 2.871742e+00 6.147615e+00
         vertex 1.500000e+00 2.934882e+00 6.130697e+00
      endloop
   endfacet
   facet normal -0.000000e+00 8.715590e-02 9.961947e-01
      outer loop
         vertex 0.000000e+00 2.934882e+00 6.130697e+00
         vertex 1.500000e+00 2.934882e+00 6.130697e+00
         vertex 0.000000e+00 3.000000e+00 6.125000e+00
      endloop
   endfacet
   facet normal -0.000000e+00 8.715590e-02 9.961947e-01
      outer loop
         vertex 0.000000e+00 3.000000e+00 6.125000e+00
         vertex 1.500000e+00 2.934882e+00 6.130697e+00
         vertex 1.500000e+00 3.000000e+00 6.125000e+00
      endloop
   endfacet
   facet normal 0.000000e+00 -8.715575e-02 9.961947e-01
      outer loop
         vertex 0.000000e+00 4.500000e+00 6.125000e+00
         vertex 1.500000e+00 4.500000e+00 6.125000e+00
         vertex 0.000000e+00 4.565118e+00 6.130697e+00
      endloop
   endfacet
   facet normal 0.000000e+00 -8.715575e-02 9.961947e-01
      outer loop
         vertex 0.000000e+00 4.565118e+00 6.130697e+00
         vertex 1.500000e+00 4.500000e+00 6.125000e+00
         vertex 1.500000e+00 4.565118e+00 6.130697e+00
      endloop
   endfacet
   facet normal 0.000000e+00 -2.588191e-01 9.659258e-01
      outer loop
         vertex 0.000000e+00 4.565118e+00 6.130697e+00
         vertex 1.500000e+00 4.565118e+00 6.130697e+00
         vertex 0.000000e+00 4.628258e+00 6.147615e+00
      endloop
   endfacet
   facet normal 0.000000e+00 -2.588191e-01 9.659258e-01
      outer loop
         vertex 0.000000e+00 4.628258e+00 6.147615e+00
         vertex 1.500000e+00 4.565118e+00 6.130697e+00
         vertex 1.500000e+00 4.628258e+00 6.147615e+00
      endloop
   endfacet
   facet normal 0.000000e+00 -4.226181e-01 9.063078e-01
      outer loop
         vertex 0.000000e+00 4.628258e+00 6.147615e+00
         vertex 1.500000e+00 4.628258e+00 6.147615e+00
         vertex 0.000000e+00 4.687500e+00 6.175241e+00
      endloop
   endfacet
   facet normal 0.000000e+00 -4.226181e-01 9.063078e-01
      outer loop
         vertex 0.000000e+00 4.687500e+00 6.175241e+00
         vertex 1.500000e+00 4.628258e+00 6.147615e+00
         vertex 1.500000e+00 4.687500e+00 6.175241e+00
      endloop
   endfacet
   facet normal 0.000000e+00 -5.735765e-01 8.191520e-01
      outer loop
         vertex 0.000000e+00 4.687500e+00 6.175241e+00
         vertex 1.500000e+00 4.687500e+00 6.175241e+00
         vertex 0.000000e+00 4.741046e+00 6.212733e+00
      endloop
   endfacet
   facet normal 0.000000e+00 -5.735765e-01 8.191520e-01
      outer loop
         vertex 0.000000e+00 4.741046e+00 6.212733e+00
         vertex 1.500000e+00 4.687500e+00 6.175241e+00
         vertex 1.500000e+00 4.741046e+00 6.212733e+00
      endloop
   endfacet
   facet normal 0.000000e+00 -7.071067e-01 7.071069e-01
      outer loop
         vertex 0.000000e+00 4.741046e+00 6.212733e+00
         vertex 1.500000e+00 4.741046e+00 6.212733e+00
         vertex 0.000000e+00 4.787267e+00 6.258955e+00
      endloop
   endfacet
   facet normal 0.000000e+00 -7.071067e-01 7.071069e-01
      outer loop
         vertex 0.000000e+00 4.787267e+00 6.258955e+00
         vertex 1.500000e+00 4.741046e+00 6.212733e+00
         vertex 1.500000e+00 4.787267e+00 6.258955e+00
      endloop
   endfacet
   facet normal 0.000000e+00 -8.191522e-01 5.735761e-01
      outer loop
         vertex 0.000000e+00 4.787267e+00 6.258955e+00
         vertex 1.500000e+00 4.787267e+00 6.258955e+00
         vertex 0.000000e+00 4.824760e+00 6.312500e+00
      endloop
   endfacet
   facet normal 0.000000e+00 -8.191522e-01 5.735761e-01
      outer loop
         vertex 0.000000e+00 4.824760e+00 6.312500e+00
         vertex 1.500000e+00 4.787267e+00 6.258955e+00
         vertex 1.500000e+00 4.824760e+00 6.312500e+00
      endloop
   endfacet
   facet normal 0.000000e+00 -9.063076e-01 4.226187e-01
      outer loop
         vertex 0.000000e+00 4.824760e+00 6.312500e+00
         vertex 1.500000e+00 4.824760e+00 6.312500e+00
         vertex 0.000000e+00 4.852385e+00 6.371743e+00
      endloop
   endfacet
   facet normal 0.000000e+00 -9.063076e-01 4.226187e-01
      outer loop
         vertex 0.000000e+00 4.852385e+00 6.371743e+00
         vertex 1.500000e+00 4.824760e+00 6.312500e+00
         vertex 1.500000e+00 4.852385e+00 6.371743e+00
      endloop
   endfacet
   facet normal 0.000000e+00 -9.659258e-01 2.588190e-01
      outer loop
         vertex 0.000000e+00 4.852385e+00 6.371743e+00
         vertex 1.500000e+00 4.852385e+00 6.371743e+00
         vertex 0.000000e+00 4.869303e+00 6.434882e+00
      endloop
   endfacet
   facet normal 0.000000e+00 -9.659258e-01 2.588190e-01
      outer loop
         vertex 0.000000e+00 4.869303e+00 6.434882e+00
         vertex 1.500000e+00 4.852385e+00 6.371743e+00
         vertex 1.500000e+00 4.869303e+00 6.434882e+00
      endloop
   endfacet
   facet normal 0.000000e+00 -9.961948e-01 8.715459e-02
      outer loop
         vertex 0.000000e+00 4.869303e+00 6.434882e+00
         vertex 1.500000e+00 4.869303e+00 6.434882e+00
         vertex 0.000000e+00 4.875000e+00 6.500000e+00
      endloop
   endfacet
   facet normal 0.000000e+00 -9.961948e-01 8.715459e-02
      outer loop
         vertex 0.000000e+00 4.875000e+00 6.500000e+00
         vertex 1.500000e+00 4.869303e+00 6.434882e+00
         vertex 1.500000e+00 4.875000e+00 6.500000e+00
      endloop
   endfacet
   facet normal 0.000000e+00 -9.961948e-01 -8.715459e-02
      outer loop
         vertex 0.000000e+00 4.875000e+00 6.500000e+00
         vertex 1.500000e+00 4.875000e+00 6.500000e+00
         vertex 0.000000e+00 4.869303e+00 6.565118e+00
      endloop
   endfacet
   facet normal 0.000000e+00 -9.961948e-01 -8.715459e-02
      outer loop
         vertex 0.000000e+00 4.869303e+00 6.565118e+00
         vertex 1.500000e+00 4.875000e+00 6.500000e+00
         vertex 1.500000e+00 4.869303e+00 6.565118e+00
      endloop
   endfacet
   facet normal 0.000000e+00 -9.659258e-01 -2.588190e-01
      outer loop
         vertex 0.000000e+00 4.869303e+00 6.565118e+00
         vertex 1.500000e+00 4.869303e+00 6.565118e+00
         vertex 0.000000e+00 4.852385e+00 6.628258e+00
      endloop
   endfacet
   facet normal 0.000000e+00 -9.659258e-01 -2.588190e-01
      outer loop
         vertex 0.000000e+00 4.852385e+00 6.628258e+00
         vertex 1.500000e+00 4.869303e+00 6.565118e+00
         vertex 1.500000e+00 4.852385e+00 6.628258e+00
      endloop
   endfacet
   facet normal 0.000000e+00 -9.063076e-01 -4.226187e-01
      outer loop
         vertex 0.000000e+00 4.852385e+00 6.628258e+00
         vertex 1.500000e+00 4.852385e+00 6.628258e+00
         vertex 0.000000e+00 4.824760e+00 6.687500e+00
      endloop
   endfacet
   facet normal 0.000000e+00 -9.063076e-01 -4.226187e-01
      outer loop
         vertex 0.000000e+00 4.824760e+00 6.687500e+00
         vertex 1.500000e+00 4.852385e+00 6.628258e+00
         vertex 1.500000e+00 4.824760e+00 6.687500e+00
      endloop
   endfacet
   facet normal 0.000000e+00 -8.191522e-01 -5.735761e-01
      outer loop
         vertex 0.000000e+00 4.824760e+00 6.687500e+00
         vertex 1.500000e+00 4.824760e+00 6.687500e+00
         vertex 0.000000e+00 4.787267e+00 6.741045e+00
      endloop
   endfacet
   facet normal 0.000000e+00 -8.191522e-01 -5.735761e-01
      outer loop
         vertex 0.000000e+00 4.787267e+00 6.741045e+00
         vertex 1.500000e+00 4.824760e+00 6.687500e+00
         vertex 1.500000e+00 4.787267e+00 6.741045e+00
      endloop
   endfacet
   facet normal 0.000000e+00 -7.071067e-01 -7.071069e-01
      outer loop
         vertex 0.000000e+00 4.787267e+00 6.741045e+00
         vertex 1.500000e+00 4.787267e+00 6.741045e+00
         vertex 0.000000e+00 4.741046e+00 6.787267e+00
      endloop
   endfacet
   facet normal 0.000000e+00 -7.071067e-01 -7.071069e-01
      outer loop
         vertex 0.000000e+00 4.741046e+00 6.787267e+00
         vertex 1.500000e+00 4.787267e+00 6.741045e+00
         vertex 1.500000e+00 4.741046e+00 6.787267e+00
      endloop
   endfacet
   facet normal 0.000000e+00 -5.735765e-01 -8.191520e-01
      outer loop
         vertex 0.000000e+00 4.741046e+00 6.787267e+00
         vertex 1.500000e+00 4.741046e+00 6.787267e+00
         vertex 0.000000e+00 4.687500e+00 6.824760e+00
      endloop
   endfacet
   facet normal 0.000000e+00 -5.735765e-01 -8.191520e-01
      outer loop
         vertex 0.000000e+00 4.687500e+00 6.824760e+00
         vertex 1.500000e+00 4.741046e+00 6.787267e+00
         vertex 1.500000e+00 4.687500e+00 6.824760e+00
      endloop
   endfacet
   facet normal 0.000000e+00 -4.226181e-01 -9.063078e-01
      outer loop
         vertex 0.000000e+00 4.687500e+00 6.824760e+00
         vertex 1.500000e+00 4.687500e+00 6.824760e+00
         vertex 0.000000e+00 4.628258e+00 6.852385e+00
      endloop
   endfacet
   facet normal 0.000000e+00 -4.226181e-01 -9.063078e-01
      outer loop
         vertex 0.000000e+00 4.628258e+00 6.852385e+00
         vertex 1.500000e+00 4.687500e+00 6.824760e+00
         vertex 1.500000e+00 4.628258e+00 6.852385e+00
      endloop
   endfacet
   facet normal 0.000000e+00 -2.588191e-01 -9.659258e-01
      outer loop
         vertex 0.000000e+00 4.628258e+00 6.852385e+00
         vertex 1.500000e+00 4.628258e+00 6.852385e+00
         vertex 0.000000e+00 4.565118e+00 6.869303e+00
      endloop
   endfacet
   facet normal 0.000000e+00 -2.588191e-01 -9.659258e-01
      outer loop
         vertex 0.000000e+00 4.565118e+00 6.869303e+00
         vertex 1.500000e+00 4.628258e+00 6.852385e+00
         vertex 1.500000e+00 4.565118e+00 6.869303e+00
      endloop
   endfacet
   facet normal 0.000000e+00 -8.715575e-02 -9.961947e-01
      outer loop
         vertex 0.000000e+00 4.565118e+00 6.869303e+00
         vertex 1.500000e+00 4.565118e+00 6.869303e+00
         vertex 0.000000e+00 4.500000e+00 6.875000e+00
      endloop
   endfacet
   facet normal 0.000000e+00 -8.715575e-02 -9.961947e-01
      outer loop
         vertex 0.000000e+00 4.500000e+00 6.875000e+00
         vertex 1.500000e+00 4.565118e+00 6.869303e+00
         vertex 1.500000e+00 4.500000e+00 6.875000e+00
      endloop
   endfacet
   facet normal 0.000000e+00 8.715590e-02 -9.961947e-01
      outer loop
         vertex 0.000000e+00 4.500000e+00 6.875000e+00
         vertex 1.500000e+00 4.500000e+00 6.875000e+00
         vertex 0.000000e+00 4.434882e+00 6.869303e+00
      endloop
   endfacet
   facet normal 0.000000e+00 8.715590e-02 -9.961947e-01
      outer loop
         vertex 0.000000e+00 4.434882e+00 6.869303e+00
         vertex 1.500000e+00 4.500000e+00 6.875000e+00
         vertex 1.500000e+00 4.434882e+00 6.869303e+00
      endloop
   endfacet
   facet normal 0.000000e+00 2.588191e-01 -9.659258e-01
      outer loop
         vertex 0.000000e+00 4.434882e+00 6.869303e+00
         vertex 1.500000e+00 4.434882e+00 6.869303e+00
         vertex 0.000000e+00 4.371742e+00 6.852385e+00
      endloop
   endfacet
   facet normal 0.000000e+00 2.588191e-01 -9.659258e-01
      outer loop
         vertex 0.000000e+00 4.371742e+00 6.852385e+00
         vertex 1.500000e+00 4.434882e+00 6.869303e+00
         vertex 1.500000e+00 4.371742e+00 6.852385e+00
      endloop
   endfacet
   facet normal 0.000000e+00 4.226188e-01 -9.063075e-01
      outer loop
         vertex 0.000000e+00 4.371742e+00 6.852385e+00
         vertex 1.500000e+00 4.371742e+00 6.852385e+00
         vertex 0.000000e+00 4.312500e+00 6.824760e+00
      endloop
   endfacet
   facet normal 0.000000e+00 4.226188e-01 -9.063075e-01
      outer loop
         vertex 0.000000e+00 4.312500e+00 6.824760e+00
         vertex 1.500000e+00 4.371742e+00 6.852385e+00
         vertex 1.500000e+00 4.312500e+00 6.824760e+00
      endloop
   endfacet
   facet normal 0.000000e+00 5.735757e-01 -8.191526e-01
      outer loop
         vertex 0.000000e+00 4.312500e+00 6.824760e+00
         vertex 1.500000e+00 4.312500e+00 6.824760e+00
         vertex 0.000000e+00 4.258955e+00 6.787267e+00
      endloop
   endfacet
   facet normal 0.000000e+00 5.735757e-01 -8.191526e-01
      outer loop
         vertex 0.000000e+00 4.258955e+00 6.787267e+00
         vertex 1.500000e+00 4.312500e+00 6.824760e+00
         vertex 1.500000e+00 4.258955e+00 6.787267e+00
      endloop
   endfacet
   facet normal 0.000000e+00 7.071067e-01 -7.071069e-01
      outer loop
         vertex 0.000000e+00 4.258955e+00 6.787267e+00
         vertex 1.500000e+00 4.258955e+00 6.787267e+00
         vertex 0.000000e+00 4.212733e+00 6.741045e+00
      endloop
   endfacet
   facet normal 0.000000e+00 7.071067e-01 -7.071069e-01
      outer loop
         vertex 0.000000e+00 4.212733e+00 6.741045e+00
         vertex 1.500000e+00 4.258955e+00 6.787267e+00
         vertex 1.500000e+00 4.212733e+00 6.741045e+00
      endloop
   endfacet
   facet normal 0.000000e+00 8.191531e-01 -5.735749e-01
      outer loop
         vertex 0.000000e+00 4.212733e+00 6.741045e+00
         vertex 1.500000e+00 4.212733e+00 6.741045e+00
         vertex 0.000000e+00 4.175241e+00 6.687500e+00
      endloop
   endfacet
   facet normal 0.000000e+00 8.191531e-01 -5.735749e-01
      outer loop
         vertex 0.000000e+00 4.175241e+00 6.687500e+00
         vertex 1.500000e+00 4.212733e+00 6.741045e+00
         vertex 1.500000e+00 4.175241e+00 6.687500e+00
      endloop
   endfacet
   facet normal 0.000000e+00 9.063083e-01 -4.226172e-01
      outer loop
         vertex 0.000000e+00 4.175241e+00 6.687500e+00
         vertex 1.500000e+00 4.175241e+00 6.687500e+00
         vertex 0.000000e+00 4.147616e+00 6.628258e+00
      endloop
   endfacet
   facet normal 0.000000e+00 9.063083e-01 -4.226172e-01
      outer loop
         vertex 0.000000e+00 4.147616e+00 6.628258e+00
         vertex 1.500000e+00 4.175241e+00 6.687500e+00
         vertex 1.500000e+00 4.147616e+00 6.628258e+00
      endloop
   endfacet
   facet normal 0.000000e+00 9.659249e-01 -2.588223e-01
      outer loop
         vertex 0.000000e+00 4.147616e+00 6.628258e+00
         vertex 1.500000e+00 4.147616e+00 6.628258e+00
         vertex 0.000000e+00 4.130697e+00 6.565118e+00
      endloop
   endfacet
   facet normal 0.000000e+00 9.659249e-01 -2.588223e-01
      outer loop
         vertex 0.000000e+00 4.130697e+00 6.565118e+00
         vertex 1.500000e+00 4.147616e+00 6.628258e+00
         vertex 1.500000e+00 4.130697e+00 6.565118e+00
      endloop
   endfacet
   facet normal 0.000000e+00 9.961950e-01 -8.715282e-02
      outer loop
         vertex 0.000000e+00 4.130697e+00 6.565118e+00
         vertex 1.500000e+00 4.130697e+00 6.565118e+00
         vertex 0.000000e+00 4.125000e+00 6.500000e+00
      endloop
   endfacet
   facet normal 0.000000e+00 9.961950e-01 -8.715282e-02
      outer loop
         vertex 0.000000e+00 4.125000e+00 6.500000e+00
         vertex 1.500000e+00 4.130697e+00 6.565118e+00
         vertex 1.500000e+00 4.125000e+00 6.500000e+00
      endloop
   endfacet
   facet normal -0.000000e+00 9.961950e-01 8.715282e-02
      outer loop
         vertex 0.000000e+00 4.125000e+00 6.500000e+00
         vertex 1.500000e+00 4.125000e+00 6.500000e+00
         vertex 0.000000e+00 4.130697e+00 6.434882e+00
      endloop
   endfacet
   facet normal -0.000000e+00 9.961950e-01 8.715282e-02
      outer loop
         vertex 0.000000e+00 4.130697e+00 6.434882e+00
         vertex 1.500000e+00 4.125000e+00 6.500000e+00
         vertex 1.500000e+00 4.130697e+00 6.434882e+00
      endloop
   endfacet
   facet normal -0.000000e+00 9.659249e-01 2.588223e-01
      outer loop
         vertex 0.000000e+00 4.130697e+00 6.434882e+00
         vertex 1.500000e+00 4.130697e+00 6.434882e+00
         vertex 0.000000e+00 4.147616e+00 6.371743e+00
      endloop
   endfacet
   facet normal -0.000000e+00 9.659249e-01 2.588223e-01
      outer loop
         vertex 0.000000e+00 4.147616e+00 6.371743e+00
         vertex 1.500000e+00 4.130697e+00 6.434882e+00
         vertex 1.500000e+00 4.147616e+00 6.371743e+00
      endloop
   endfacet
   facet normal -0.000000e+00 9.063083e-01 4.226172e-01
      outer loop
         vertex 0.000000e+00 4.147616e+00 6.371743e+00
         vertex 1.500000e+00 4.147616e+00 6.371743e+00
         vertex 0.000000e+00 4.175241e+00 6.312500e+00
      endloop
   endfacet
   facet normal -0.000000e+00 9.063083e-01 4.226172e-01
      outer loop
         vertex 0.000000e+00 4.175241e+00 6.312500e+00
         vertex 1.500000e+00 4.147616e+00 6.371743e+00
         vertex 1.500000e+00 4.175241e+00 6.312500e+00
      endloop
   endfacet
   facet normal -0.000000e+00 8.191531e-01 5.735749e-01
      outer loop
         vertex 0.000000e+00 4.175241e+00 6.312500e+00
         vertex 1.500000e+00 4.175241e+00 6.312500e+00
         vertex 0.000000e+00 4.212733e+00 6.258955e+00
      endloop
   endfacet
   facet normal -0.000000e+00 8.191531e-01 5.735749e-01
      outer loop
         vertex 0.000000e+00 4.212733e+00 6.258955e+00
         vertex 1.500000e+00 4.175241e+00 6.312500e+00
         vertex 1.500000e+00 4.212733e+00 6.258955e+00
      endloop
   endfacet
   facet normal -0.000000e+00 7.071067e-01 7.071069e-01
      outer loop
         vertex 0.000000e+00 4.212733e+00 6.258955e+00
         vertex 1.500000e+00 4.212733e+00 6.258955e+00
         vertex 0.000000e+00 4.258955e+00 6.212733e+00
      endloop
   endfacet
   facet normal -0.000000e+00 7.071067e-01 7.071069e-01
      outer loop
         vertex 0.000000e+00 4.258955e+00 6.212733e+00
         vertex 1.500000e+00 4.212733e+00 6.258955e+00
         vertex 1.500000e+00 4.258955e+00 6.212733e+00
      endloop
   endfacet
   facet normal -0.000000e+00 5.735757e-01 8.191526e-01
      outer loop
         vertex 0.000000e+00 4.258955e+00 6.212733e+00
         vertex 1.500000e+00 4.258955e+00 6.212733e+00
         vertex 0.000000e+00 4.312500e+00 6.175241e+00
      endloop
   endfacet
   facet normal -0.000000e+00 5.735757e-01 8.191526e-01
      outer loop
         vertex 0.000000e+00 4.312500e+00 6.175241e+00
         vertex 1.500000e+00 4.258955e+00 6.212733e+00
         vertex 1.500000e+00 4.312500e+00 6.175241e+00
      endloop
   endfacet
   facet normal -0.000000e+00 4.226188e-01 9.063075e-01
      outer loop
         vertex 0.000000e+00 4.312500e+00 6.175241e+00
         vertex 1.500000e+00 4.312500e+00 6.175241e+00
         vertex 0.000000e+00 4.371742e+00 6.147615e+00
      endloop
   endfacet
   facet normal -0.000000e+00 4.226188e-01 9.063075e-01
      outer loop
         vertex 0.000000e+00 4.371742e+00 6.147615e+00
         vertex 1.500000e+00 4.312500e+00 6.175241e+00
         vertex 1.500000e+00 4.371742e+00 6.147615e+00
      endloop
   endfacet
   facet normal -0.000000e+00 2.588191e-01 9.659258e-01
      outer loop
         vertex 0.000000e+00 4.371742e+00 6.147615e+00
         vertex 1.500000e+00 4.371742e+00 6.147615e+00
         vertex 0.000000e+00 4.434882e+00 6.130697e+00
      endloop
   endfacet
   facet normal -0.000000e+00 2.588191e-01 9.659258e-01
      outer loop
         vertex 0.000000e+00 4.434882e+00 6.130697e+00
         vertex 1.500000e+00 4.371742e+00 6.147615e+00
         vertex 1.500000e+00 4.434882e+00 6.130697e+00
      endloop
   endfacet
   facet normal -0.000000e+00 8.715590e-02 9.961947e-01
      outer loop
         vertex 0.000000e+00 4.434882e+00 6.130697e+00
         vertex 1.500000e+00 4.434882e+00 6.130697e+00
         vertex 0.000000e+00 4.500000e+00 6.125000e+00
      endloop
   endfacet
   facet normal -0.000000e+00 8.715590e-02 9.961947e-01
      outer loop
         vertex 0.000000e+00 4.500000e+00 6.125000e+00
         vertex 1.500000e+00 4.434882e+00 6.130697e+00
         vertex 1.500000e+00 4.500000e+00 6.125000e+00
      endloop
   endfacet
   facet normal 0.000000e+00 -8.715590e-02 9.961947e-01
      outer loop
         vertex 0.000000e+00 8.500000e+00 6.125000e+00
         vertex 1.500000e+00 8.500000e+00 6.125000e+00
         vertex 0.000000e+00 8.565118e+00 6.130697e+00
      endloop
   endfacet
   facet normal 0.000000e+00 -8.715590e-02 9.961947e-01
      outer loop
         vertex 0.000000e+00 8.565118e+00 6.130697e+00
         vertex 1.500000e+00 8.500000e+00 6.125000e+00
         vertex 1.500000e+00 8.565118e+00 6.130697e+00
      endloop
   endfacet
   facet normal 0.000000e+00 -2.588191e-01 9.659258e-01
      outer loop
         vertex 0.000000e+00 8.565118e+00 6.130697e+00
         vertex 1.500000e+00 8.565118e+00 6.130697e+00
         vertex 0.000000e+00 8.628258e+00 6.147615e+00
      endloop
   endfacet
   facet normal 0.000000e+00 -2.588191e-01 9.659258e-01
      outer loop
         vertex 0.000000e+00 8.628258e+00 6.147615e+00
         vertex 1.500000e+00 8.565118e+00 6.130697e+00
         vertex 1.500000e+00 8.628258e+00 6.147615e+00
      endloop
   endfacet
   facet normal 0.000000e+00 -4.226188e-01 9.063075e-01
      outer loop
         vertex 0.000000e+00 8.628258e+00 6.147615e+00
         vertex 1.500000e+00 8.628258e+00 6.147615e+00
         vertex 0.000000e+00 8.687500e+00 6.175241e+00
      endloop
   endfacet
   facet normal 0.000000e+00 -4.226188e-01 9.063075e-01
      outer loop
         vertex 0.000000e+00 8.687500e+00 6.175241e+00
         vertex 1.500000e+00 8.628258e+00 6.147615e+00
         vertex 1.500000e+00 8.687500e+00 6.175241e+00
      endloop
   endfacet
   facet normal 0.000000e+00 -5.735757e-01 8.191526e-01
      outer loop
         vertex 0.000000e+00 8.687500e+00 6.175241e+00
         vertex 1.500000e+00 8.687500e+00 6.175241e+00
         vertex 0.000000e+00 8.741046e+00 6.212733e+00
      endloop
   endfacet
   facet normal 0.000000e+00 -5.735757e-01 8.191526e-01
      outer loop
         vertex 0.000000e+00 8.741046e+00 6.212733e+00
         vertex 1.500000e+00 8.687500e+00 6.175241e+00
         vertex 1.500000e+00 8.741046e+00 6.212733e+00
      endloop
   endfacet
   facet normal 0.000000e+00 -7.071067e-01 7.071069e-01
      outer loop
         vertex 0.000000e+00 8.741046e+00 6.212733e+00
         vertex 1.500000e+00 8.741046e+00 6.212733e+00
         vertex 0.000000e+00 8.787267e+00 6.258955e+00
      endloop
   endfacet
   facet normal 0.000000e+00 -7.071067e-01 7.071069e-01
      outer loop
         vertex 0.000000e+00 8.787267e+00 6.258955e+00
         vertex 1.500000e+00 8.741046e+00 6.212733e+00
         vertex 1.500000e+00 8.787267e+00 6.258955e+00
      endloop
   endfacet
   facet normal 0.000000e+00 -8.191531e-01 5.735749e-01
      outer loop
         vertex 0.000000e+00 8.787267e+00 6.258955e+00
         vertex 1.500000e+00 8.787267e+00 6.258955e+00
         vertex 0.000000e+00 8.824760e+00 6.312500e+00
      endloop
   endfacet
   facet normal 0.000000e+00 -8.191531e-01 5.735749e-01
      outer loop
         vertex 0.000000e+00 8.824760e+00 6.312500e+00
         vertex 1.500000e+00 8.787267e+00 6.258955e+00
         vertex 1.500000e+00 8.824760e+00 6.312500e+00
      endloop
   endfacet
   facet normal 0.000000e+00 -9.063083e-01 4.226172e-01
      outer loop
         vertex 0.000000e+00 8.824760e+00 6.312500e+00
         vertex 1.500000e+00 8.824760e+00 6.312500e+00
         vertex 0.000000e+00 8.852385e+00 6.371743e+00
      endloop
   endfacet
   facet normal 0.000000e+00 -9.063083e-01 4.226172e-01
      outer loop
         vertex 0.000000e+00 8.852385e+00 6.371743e+00
         vertex 1.500000e+00 8.824760e+00 6.312500e+00
         vertex 1.500000e+00 8.852385e+00 6.371743e+00
      endloop
   endfacet
   facet normal 0.000000e+00 -9.659249e-01 2.588223e-01
      outer loop
         vertex 0.000000e+00 8.852385e+00 6.371743e+00
         vertex 1.500000e+00 8.852385e+00 6.371743e+00
         vertex 0.000000e+00 8.869303e+00 6.434882e+00
      endloop
   endfacet
   facet normal 0.000000e+00 -9.659249e-01 2.588223e-01
      outer loop
         vertex 0.000000e+00 8.869303e+00 6.434882e+00
         vertex 1.500000e+00 8.852385e+00 6.371743e+00
         vertex 1.500000e+00 8.869303e+00 6.434882e+00
      endloop
   endfacet
   facet normal 0.000000e+00 -9.961950e-01 8.715282e-02
      outer loop
         vertex 0.000000e+00 8.869303e+00 6.434882e+00
         vertex 1.500000e+00 8.869303e+00 6.434882e+00
         vertex 0.000000e+00 8.875000e+00 6.500000e+00
      endloop
   endfacet
   facet normal 0.000000e+00 -9.961950e-01 8.715282e-02
      outer loop
         vertex 0.000000e+00 8.875000e+00 6.500000e+00
         vertex 1.500000e+00 8.869303e+00 6.434882e+00
         vertex 1.500000e+00 8.875000e+00 6.500000e+00
      endloop
   endfacet
   facet normal 0.000000e+00 -9.961950e-01 -8.715282e-02
      outer loop
         vertex 0.000000e+00 8.875000e+00 6.500000e+00
         vertex 1.500000e+00 8.875000e+00 6.500000e+00
         vertex 0.000000e+00 8.869303e+00 6.565118e+00
      endloop
   endfacet
   facet normal 0.000000e+00 -9.961950e-01 -8.715282e-02
      outer loop
         vertex 0.000000e+00 8.869303e+00 6.565118e+00
         vertex 1.500000e+00 8.875000e+00 6.500000e+00
         vertex 1.500000e+00 8.869303e+00 6.565118e+00
      endloop
   endfacet
   facet normal 0.000000e+00 -9.659249e-01 -2.588223e-01
      outer loop
         vertex 0.000000e+00 8.869303e+00 6.565118e+00
         vertex 1.500000e+00 8.869303e+00 6.565118e+00
         vertex 0.000000e+00 8.852385e+00 6.628258e+00
      endloop
   endfacet
   facet normal 0.000000e+00 -9.659249e-01 -2.588223e-01
      outer loop
         vertex 0.000000e+00 8.852385e+00 6.628258e+00
         vertex 1.500000e+00 8.869303e+00 6.565118e+00
         vertex 1.500000e+00 8.852385e+00 6.628258e+00
      endloop
   endfacet
   facet normal 0.000000e+00 -9.063083e-01 -4.226172e-01
      outer loop
         vertex 0.000000e+00 8.852385e+00 6.628258e+00
         vertex 1.500000e+00 8.852385e+00 6.628258e+00
         vertex 0.000000e+00 8.824760e+00 6.687500e+00
      endloop
   endfacet
   facet normal 0.000000e+00 -9.063083e-01 -4.226172e-01
      outer loop
         vertex 0.000000e+00 8.824760e+00 6.687500e+00
         vertex 1.500000e+00 8.852385e+00 6.628258e+00
         vertex 1.500000e+00 8.824760e+00 6.687500e+00
      endloop
   endfacet
   facet normal 0.000000e+00 -8.191531e-01 -5.735749e-01
      outer loop
         vertex 0.000000e+00 8.824760e+00 6.687500e+00
         vertex 1.500000e+00 8.824760e+00 6.687500e+00
         vertex 0.000000e+00 8.787267e+00 6.741045e+00
      endloop
   endfacet
   facet normal 0.000000e+00 -8.191531e-01 -5.735749e-01
      outer loop
         vertex 0.000000e+00 8.787267e+00 6.741045e+00
         vertex 1.500000e+00 8.824760e+00 6.687500e+00
         vertex 1.500000e+00 8.787267e+00 6.741045e+00
      endloop
   endfacet
   facet normal 0.000000e+00 -7.071067e-01 -7.071069e-01
      outer loop
         vertex 0.000000e+00 8.787267e+00 6.741045e+00
         vertex 1.500000e+00 8.787267e+00 6.741045e+00
         vertex 0.000000e+00 8.741046e+00 6.787267e+00
      endloop
   endfacet
   facet normal 0.000000e+00 -7.071067e-01 -7.071069e-01
      outer loop
         vertex 0.000000e+00 8.741046e+00 6.787267e+00
         vertex 1.500000e+00 8.787267e+00 6.741045e+00
         vertex 1.500000e+00 8.741046e+00 6.787267e+00
      endloop
   endfacet
   facet normal 0.000000e+00 -5.735757e-01 -8.191526e-01
      outer loop
         vertex 0.000000e+00 8.741046e+00 6.787267e+00
         vertex 1.500000e+00 8.741046e+00 6.787267e+00
         vertex 0.000000e+00 8.687500e+00 6.824760e+00
      endloop
   endfacet
   facet normal 0.000000e+00 -5.735757e-01 -8.191526e-01
      outer loop
         vertex 0.000000e+00 8.687500e+00 6.824760e+00
         vertex 1.500000e+00 8.741046e+00 6.787267e+00
         vertex 1.500000e+00 8.687500e+00 6.824760e+00
      endloop
   endfacet
   facet normal 0.000000e+00 -4.226188e-01 -9.063075e-01
      outer loop
         vertex 0.000000e+00 8.687500e+00 6.824760e+00
         vertex 1.500000e+00 8.687500e+00 6.824760e+00
         vertex 0.000000e+00 8.628258e+00 6.852385e+00
      endloop
   endfacet
   facet normal 0.000000e+00 -4.226188e-01 -9.063075e-01
      outer loop
         vertex 0.000000e+00 8.628258e+00 6.852385e+00
         vertex 1.500000e+00 8.687500e+00 6.824760e+00
         vertex 1.500000e+00 8.628258e+00 6.852385e+00
      endloop
   endfacet
   facet normal 0.000000e+00 -2.588191e-01 -9.659258e-01
      outer loop
         vertex 0.000000e+00 8.628258e+00 6.852385e+00
         vertex 1.500000e+00 8.628258e+00 6.852385e+00
         vertex 0.000000e+00 8.565118e+00 6.869303e+00
      endloop
   endfacet
   facet normal 0.000000e+00 -2.588191e-01 -9.659258e-01
      outer loop
         vertex 0.000000e+00 8.565118e+00 6.869303e+00
         vertex 1.500000e+00 8.628258e+00 6.852385e+00
         vertex 1.500000e+00 8.565118e+00 6.869303e+00
      endloop
   endfacet
   facet normal 0.000000e+00 -8.715590e-02 -9.961947e-01
      outer loop
         vertex 0.000000e+00 8.565118e+00 6.869303e+00
         vertex 1.500000e+00 8.565118e+00 6.869303e+00
         vertex 0.000000e+00 8.500000e+00 6.875000e+00
      endloop
   endfacet
   facet normal 0.000000e+00 -8.715590e-02 -9.961947e-01
      outer loop
         vertex 0.000000e+00 8.500000e+00 6.875000e+00
         vertex 1.500000e+00 8.565118e+00 6.869303e+00
         vertex 1.500000e+00 8.500000e+00 6.875000e+00
      endloop
   endfacet
   facet normal 0.000000e+00 8.715575e-02 -9.961947e-01
      outer loop
         vertex 0.000000e+00 8.500000e+00 6.875000e+00
         vertex 1.500000e+00 8.500000e+00 6.875000e+00
         vertex 0.000000e+00 8.434882e+00 6.869303e+00
      endloop
   endfacet
   facet normal 0.000000e+00 8.715575e-02 -9.961947e-01
      outer loop
         vertex 0.000000e+00 8.434882e+00 6.869303e+00
         vertex 1.500000e+00 8.500000e+00 6.875000e+00
         vertex 1.500000e+00 8.434882e+00 6.869303e+00
      endloop
   endfacet
   facet normal 0.000000e+00 2.588191e-01 -9.659258e-01
      outer loop
         vertex 0.000000e+00 8.434882e+00 6.869303e+00
         vertex 1.500000e+00 8.434882e+00 6.869303e+00
         vertex 0.000000e+00 8.371743e+00 6.852385e+00
      endloop
   endfacet
   facet normal 0.000000e+00 2.588191e-01 -9.659258e-01
      outer loop
         vertex 0.000000e+00 8.371743e+00 6.852385e+00
         vertex 1.500000e+00 8.434882e+00 6.869303e+00
         vertex 1.500000e+00 8.371743e+00 6.852385e+00
      endloop
   endfacet
   facet normal 0.000000e+00 4.226181e-01 -9.063078e-01
      outer loop
         vertex 0.000000e+00 8.371743e+00 6.852385e+00
         vertex 1.500000e+00 8.371743e+00 6.852385e+00
         vertex 0.000000e+00 8.312500e+00 6.824760e+00
      endloop
   endfacet
   facet normal 0.000000e+00 4.226181e-01 -9.063078e-01
      outer loop
         vertex 0.000000e+00 8.312500e+00 6.824760e+00
         vertex 1.500000e+00 8.371743e+00 6.852385e+00
         vertex 1.500000e+00 8.312500e+00 6.824760e+00
      endloop
   endfacet
   facet normal 0.000000e+00 5.735765e-01 -8.191520e-01
      outer loop
         vertex 0.000000e+00 8.312500e+00 6.824760e+00
         vertex 1.500000e+00 8.312500e+00 6.824760e+00
         vertex 0.000000e+00 8.258955e+00 6.787267e+00
      endloop
   endfacet
   facet normal 0.000000e+00 5.735765e-01 -8.191520e-01
      outer loop
         vertex 0.000000e+00 8.258955e+00 6.787267e+00
         vertex 1.500000e+00 8.312500e+00 6.824760e+00
         vertex 1.500000e+00 8.258955e+00 6.787267e+00
      endloop
   endfacet
   facet normal 0.000000e+00 7.071067e-01 -7.071069e-01
      outer loop
         vertex 0.000000e+00 8.258955e+00 6.787267e+00
         vertex 1.500000e+00 8.258955e+00 6.787267e+00
         vertex 0.000000e+00 8.212733e+00 6.741045e+00
      endloop
   endfacet
   facet normal 0.000000e+00 7.071067e-01 -7.071069e-01
      outer loop
         vertex 0.000000e+00 8.212733e+00 6.741045e+00
         vertex 1.500000e+00 8.258955e+00 6.787267e+00
         vertex 1.500000e+00 8.212733e+00 6.741045e+00
      endloop
   endfacet
   facet normal 0.000000e+00 8.191522e-01 -5.735761e-01
      outer loop
         vertex 0.000000e+00 8.212733e+00 6.741045e+00
         vertex 1.500000e+00 8.212733e+00 6.741045e+00
         vertex 0.000000e+00 8.175241e+00 6.687500e+00
      endloop
   endfacet
   facet normal 0.000000e+00 8.191522e-01 -5.735761e-01
      outer loop
         vertex 0.000000e+00 8.175241e+00 6.687500e+00
         vertex 1.500000e+00 8.212733e+00 6.741045e+00
         vertex 1.500000e+00 8.175241e+00 6.687500e+00
      endloop
   endfacet
   facet normal 0.000000e+00 9.063076e-01 -4.226187e-01
      outer loop
         vertex 0.000000e+00 8.175241e+00 6.687500e+00
         vertex 1.500000e+00 8.175241e+00 6.687500e+00
         vertex 0.000000e+00 8.147615e+00 6.628258e+00
      endloop
   endfacet
   facet normal 0.000000e+00 9.063076e-01 -4.226187e-01
      outer loop
         vertex 0.000000e+00 8.147615e+00 6.628258e+00
         vertex 1.500000e+00 8.175241e+00 6.687500e+00
         vertex 1.500000e+00 8.147615e+00 6.628258e+00
      endloop
   endfacet
   facet normal 0.000000e+00 9.659258e-01 -2.588190e-01
      outer loop
         vertex 0.000000e+00 8.147615e+00 6.628258e+00
         vertex 1.500000e+00 8.147615e+00 6.628258e+00
         vertex 0.000000e+00 8.130697e+00 6.565118e+00
      endloop
   endfacet
   facet normal 0.000000e+00 9.659258e-01 -2.588190e-01
      outer loop
         vertex 0.000000e+00 8.130697e+00 6.565118e+00
         vertex 1.500000e+00 8.147615e+00 6.628258e+00
         vertex 1.500000e+00 8.130697e+00 6.565118e+00
      endloop
   endfacet
   facet normal 0.000000e+00 9.961948e-01 -8.715459e-02
      outer loop
         vertex 0.000000e+00 8.130697e+00 6.565118e+00
         vertex 1.500000e+00 8.130697e+00 6.565118e+00
         vertex 0.000000e+00 8.125000e+00 6.500000e+00
      endloop
   endfacet
   facet normal 0.000000e+00 9.961948e-01 -8.715459e-02
      outer loop
         vertex 0.000000e+00 8.125000e+00 6.500000e+00
         vertex 1.500000e+00 8.130697e+00 6.565118e+00
         vertex 1.500000e+00 8.125000e+00 6.500000e+00
      endloop
   endfacet
   facet normal -0.000000e+00 9.961948e-01 8.715459e-02
      outer loop
         vertex 0.000000e+00 8.125000e+00 6.500000e+00
         vertex 1.500000e+00 8.125000e+00 6.500000e+00
         vertex 0.000000e+00 8.130697e+00 6.434882e+00
      endloop
   endfacet
   facet normal -0.000000e+00 9.961948e-01 8.715459e-02
      outer loop
         vertex 0.000000e+00 8.130697e+00 6.434882e+00
         vertex 1.500000e+00 8.125000e+00 6.500000e+00
         vertex 1.500000e+00 8.130697e+00 6.434882e+00
      endloop
   endfacet
   facet normal -0.000000e+00 9.659258e-01 2.588190e-01
      outer loop
         vertex 0.000000e+00 8.130697e+00 6.434882e+00
         vertex 1.500000e+00 8.130697e+00 6.434882e+00
         vertex 0.000000e+00 8.147615e+00 6.371743e+00
      endloop
   endfacet
   facet normal -0.000000e+00 9.659258e-01 2.588190e-01
      outer loop
         vertex 0.000000e+00 8.147615e+00 6.371743e+00
         vertex 1.500000e+00 8.130697e+00 6.434882e+00
         vertex 1.500000e+00 8.147615e+00 6.371743e+00
      endloop
   endfacet
   facet normal -0.000000e+00 9.063076e-01 4.226187e-01
      outer loop
         vertex 0.000000e+00 8.147615e+00 6.371743e+00
         vertex 1.500000e+00 8.147615e+00 6.371743e+00
         vertex 0.000000e+00 8.175241e+00 6.312500e+00
      endloop
   endfacet
   facet normal -0.000000e+00 9.063076e-01 4.226187e-01
      outer loop
         vertex 0.000000e+00 8.175241e+00 6.312500e+00
         vertex 1.500000e+00 8.147615e+00 6.371743e+00
         vertex 1.500000e+00 8.175241e+00 6.312500e+00
      endloop
   endfacet
   facet normal -0.000000e+00 8.191522e-01 5.735761e-01
      outer loop
         vertex 0.000000e+00 8.175241e+00 6.312500e+00
         vertex 1.500000e+00 8.175241e+00 6.312500e+00
         vertex 0.000000e+00 8.212733e+00 6.258955e+00
      endloop
   endfacet
   facet normal -0.000000e+00 8.191522e-01 5.735761e-01
      outer loop
         vertex 0.000000e+00 8.212733e+00 6.258955e+00
         vertex 1.500000e+00 8.175241e+00 6.312500e+00
         vertex 1.500000e+00 8.212733e+00 6.258955e+00
      endloop
   endfacet
   facet normal -0.000000e+00 7.071067e-01 7.071069e-01
      outer loop
         vertex 0.000000e+00 8.212733e+00 6.258955e+00
         vertex 1.500000e+00 8.212733e+00 6.258955e+00
         vertex 0.000000e+00 8.258955e+00 6.212733e+00
      endloop
   endfacet
   facet normal -0.000000e+00 7.071067e-01 7.071069e-01
      outer loop
         vertex 0.000000e+00 8.258955e+00 6.212733e+00
         vertex 1.500000e+00 8.212733e+00 6.258955e+00
         vertex 1.500000e+00 8.258955e+00 6.212733e+00
      endloop
   endfacet
   facet normal -0.000000e+00 5.735765e-01 8.191520e-01
      outer loop
         vertex 0.000000e+00 8.258955e+00 6.212733e+00
         vertex 1.500000e+00 8.258955e+00 6.212733e+00
         vertex 0.000000e+00 8.312500e+00 6.175241e+00
      endloop
   endfacet
   facet normal -0.000000e+00 5.735765e-01 8.191520e-01
      outer loop
         vertex 0.000000e+00 8.312500e+00 6.175241e+00
         vertex 1.500000e+00 8.258955e+00 6.212733e+00
         vertex 1.500000e+00 8.312500e+00 6.175241e+00
      endloop
   endfacet
   facet normal -0.000000e+00 4.226181e-01 9.063078e-01
      outer loop
         vertex 0.000000e+00 8.312500e+00 6.175241e+00
         vertex 1.500000e+00 8.312500e+00 6.175241e+00
         vertex 0.000000e+00 8.371743e+00 6.147615e+00
      endloop
   endfacet
   facet normal -0.000000e+00 4.226181e-01 9.063078e-01
      outer loop
         vertex 0.000000e+00 8.371743e+00 6.147615e+00
         vertex 1.500000e+00 8.312500e+00 6.175241e+00
         vertex 1.500000e+00 8.371743e+00 6.147615e+00
      endloop
   endfacet
   facet normal -0.000000e+00 2.588191e-01 9.659258e-01
      outer loop
         vertex 0.000000e+00 8.371743e+00 6.147615e+00
         vertex 1.500000e+00 8.371743e+00 6.147615e+00
         vertex 0.000000e+00 8.434882e+00 6.130697e+00
      endloop
   endfacet
   facet normal -0.000000e+00 2.588191e-01 9.659258e-01
      outer loop
         vertex 0.000000e+00 8.434882e+00 6.130697e+00
         vertex 1.500000e+00 8.371743e+00 6.147615e+00
         vertex 1.500000e+00 8.434882e+00 6.130697e+00
      endloop
   endfacet
   facet normal -0.000000e+00 8.715575e-02 9.961947e-01
      outer loop
         vertex 0.000000e+00 8.434882e+00 6.130697e+00
         vertex 1.500000e+00 8.434882e+00 6.130697e+00
         vertex 0.000000e+00 8.500000e+00 6.125000e+00
      endloop
   endfacet
   facet normal -0.000000e+00 8.715575e-02 9.961947e-01
      outer loop
         vertex 0.000000e+00 8.500000e+00 6.125000e+00
         vertex 1.500000e+00 8.434882e+00 6.130697e+00
         vertex 1.500000e+00 8.500000e+00 6.125000e+00
      endloop
   endfacet
   facet normal 0.000000e+00 -8.715590e-02 9.961947e-01
      outer loop
         vertex 0.000000e+00 1.000000e+01 6.125000e+00
         vertex 1.500000e+00 1.000000e+01 6.125000e+00
         vertex 0.000000e+00 1.006512e+01 6.130697e+00
      endloop
   endfacet
   facet normal 0.000000e+00 -8.715590e-02 9.961947e-01
      outer loop
         vertex 0.000000e+00 1.006512e+01 6.130697e+00
         vertex 1.500000e+00 1.000000e+01 6.125000e+00
         vertex 1.500000e+00 1.006512e+01 6.130697e+00
      endloop
   endfacet
   facet normal 0.000000e+00 -2.588191e-01 9.659258e-01
      outer loop
         vertex 0.000000e+00 1.006512e+01 6.130697e+00
         vertex 1.500000e+00 1.006512e+01 6.130697e+00
         vertex 0.000000e+00 1.012826e+01 6.147615e+00
      endloop
   endfacet
   facet normal 0.000000e+00 -2.588191e-01 9.659258e-01
      outer loop
         vertex 0.000000e+00 1.012826e+01 6.147615e+00
         vertex 1.500000e+00 1.006512e+01 6.130697e+00
         vertex 1.500000e+00 1.012826e+01 6.147615e+00
      endloop
   endfacet
   facet normal 0.000000e+00 -4.226188e-01 9.063075e-01
      outer loop
         vertex 0.000000e+00 1.012826e+01 6.147615e+00
         vertex 1.500000e+00 1.012826e+01 6.147615e+00
         vertex 0.000000e+00 1.018750e+01 6.175241e+00
      endloop
   endfacet
   facet normal 0.000000e+00 -4.226188e-01 9.063075e-01
      outer loop
         vertex 0.000000e+00 1.018750e+01 6.175241e+00
         vertex 1.500000e+00 1.012826e+01 6.147615e+00
         vertex 1.500000e+00 1.018750e+01 6.175241e+00
      endloop
   endfacet
   facet normal 0.000000e+00 -5.735774e-01 8.191514e-01
      outer loop
         vertex 0.000000e+00 1.018750e+01 6.175241e+00
         vertex 1.500000e+00 1.018750e+01 6.175241e+00
         vertex 0.000000e+00 1.024105e+01 6.212733e+00
      endloop
   endfacet
   facet normal 0.000000e+00 -5.735774e-01 8.191514e-01
      outer loop
         vertex 0.000000e+00 1.024105e+01 6.212733e+00
         vertex 1.500000e+00 1.018750e+01 6.175241e+00
         vertex 1.500000e+00 1.024105e+01 6.212733e+00
      endloop
   endfacet
   facet normal 0.000000e+00 -7.071067e-01 7.071069e-01
      outer loop
         vertex 0.000000e+00 1.024105e+01 6.212733e+00
         vertex 1.500000e+00 1.024105e+01 6.212733e+00
         vertex 0.000000e+00 1.028727e+01 6.258955e+00
      endloop
   endfacet
   facet normal 0.000000e+00 -7.071067e-01 7.071069e-01
      outer loop
         vertex 0.000000e+00 1.028727e+01 6.258955e+00
         vertex 1.500000e+00 1.024105e+01 6.212733e+00
         vertex 1.500000e+00 1.028727e+01 6.258955e+00
      endloop
   endfacet
   facet normal 0.000000e+00 -8.191514e-01 5.735773e-01
      outer loop
         vertex 0.000000e+00 1.028727e+01 6.258955e+00
         vertex 1.500000e+00 1.028727e+01 6.258955e+00
         vertex 0.000000e+00 1.032476e+01 6.312500e+00
      endloop
   endfacet
   facet normal 0.000000e+00 -8.191514e-01 5.735773e-01
      outer loop
         vertex 0.000000e+00 1.032476e+01 6.312500e+00
         vertex 1.500000e+00 1.028727e+01 6.258955e+00
         vertex 1.500000e+00 1.032476e+01 6.312500e+00
      endloop
   endfacet
   facet normal 0.000000e+00 -9.063083e-01 4.226172e-01
      outer loop
         vertex 0.000000e+00 1.032476e+01 6.312500e+00
         vertex 1.500000e+00 1.032476e+01 6.312500e+00
         vertex 0.000000e+00 1.035238e+01 6.371743e+00
      endloop
   endfacet
   facet normal 0.000000e+00 -9.063083e-01 4.226172e-01
      outer loop
         vertex 0.000000e+00 1.035238e+01 6.371743e+00
         vertex 1.500000e+00 1.032476e+01 6.312500e+00
         vertex 1.500000e+00 1.035238e+01 6.371743e+00
      endloop
   endfacet
   facet normal 0.000000e+00 -9.659258e-01 2.588190e-01
      outer loop
         vertex 0.000000e+00 1.035238e+01 6.371743e+00
         vertex 1.500000e+00 1.035238e+01 6.371743e+00
         vertex 0.000000e+00 1.036930e+01 6.434882e+00
      endloop
   endfacet
   facet normal 0.000000e+00 -9.659258e-01 2.588190e-01
      outer loop
         vertex 0.000000e+00 1.036930e+01 6.434882e+00
         vertex 1.500000e+00 1.035238e+01 6.371743e+00
         vertex 1.500000e+00 1.036930e+01 6.434882e+00
      endloop
   endfacet
   facet normal 0.000000e+00 -9.961946e-01 8.715636e-02
      outer loop
         vertex 0.000000e+00 1.036930e+01 6.434882e+00
         vertex 1.500000e+00 1.036930e+01 6.434882e+00
         vertex 0.000000e+00 1.037500e+01 6.500000e+00
      endloop
   endfacet
   facet normal 0.000000e+00 -9.961946e-01 8.715636e-02
      outer loop
         vertex 0.000000e+00 1.037500e+01 6.500000e+00
         vertex 1.500000e+00 1.036930e+01 6.434882e+00
         vertex 1.500000e+00 1.037500e+01 6.500000e+00
      endloop
   endfacet
   facet normal 0.000000e+00 -9.961946e-01 -8.715636e-02
      outer loop
         vertex 0.000000e+00 1.037500e+01 6.500000e+00
         vertex 1.500000e+00 1.037500e+01 6.500000e+00
         vertex 0.000000e+00 1.036930e+01 6.565118e+00
      endloop
   endfacet
   facet normal 0.000000e+00 -9.961946e-01 -8.715636e-02
      outer loop
         vertex 0.000000e+00 1.036930e+01 6.565118e+00
         vertex 1.500000e+00 1.037500e+01 6.500000e+00
         vertex 1.500000e+00 1.036930e+01 6.565118e+00
      endloop
   endfacet
   facet normal 0.000000e+00 -9.659258e-01 -2.588190e-01
      outer loop
         vertex 0.000000e+00 1.036930e+01 6.565118e+00
         vertex 1.500000e+00 1.036930e+01 6.565118e+00
         vertex 0.000000e+00 1.035238e+01 6.628258e+00
      endloop
   endfacet
   facet normal 0.000000e+00 -9.659258e-01 -2.588190e-01
      outer loop
         vertex 0.000000e+00 1.035238e+01 6.628258e+00
         vertex 1.500000e+00 1.036930e+01 6.565118e+00
         vertex 1.500000e+00 1.035238e+01 6.628258e+00
      endloop
   endfacet
   facet normal 0.000000e+00 -9.063083e-01 -4.226172e-01
      outer loop
         vertex 0.000000e+00 1.035238e+01 6.628258e+00
         vertex 1.500000e+00 1.035238e+01 6.628258e+00
         vertex 0.000000e+00 1.032476e+01 6.687500e+00
      endloop
   endfacet
   facet normal 0.000000e+00 -9.063083e-01 -4.226172e-01
      outer loop
         vertex 0.000000e+00 1.032476e+01 6.687500e+00
         vertex 1.500000e+00 1.035238e+01 6.628258e+00
         vertex 1.500000e+00 1.032476e+01 6.687500e+00
      endloop
   endfacet
   facet normal 0.000000e+00 -8.191514e-01 -5.735773e-01
      outer loop
         vertex 0.000000e+00 1.032476e+01 6.687500e+00
         vertex 1.500000e+00 1.032476e+01 6.687500e+00
         vertex 0.000000e+00 1.028727e+01 6.741045e+00
      endloop
   endfacet
   facet normal 0.000000e+00 -8.191514e-01 -5.735773e-01
      outer loop
         vertex 0.000000e+00 1.028727e+01 6.741045e+00
         vertex 1.500000e+00 1.032476e+01 6.687500e+00
         vertex 1.500000e+00 1.028727e+01 6.741045e+00
      endloop
   endfacet
   facet normal 0.000000e+00 -7.071067e-01 -7.071069e-01
      outer loop
         vertex 0.000000e+00 1.028727e+01 6.741045e+00
         vertex 1.500000e+00 1.028727e+01 6.741045e+00
         vertex 0.000000e+00 1.024105e+01 6.787267e+00
      endloop
   endfacet
   facet normal 0.000000e+00 -7.071067e-01 -7.071069e-01
      outer loop
         vertex 0.000000e+00 1.024105e+01 6.787267e+00
         vertex 1.500000e+00 1.028727e+01 6.741045e+00
         vertex 1.500000e+00 1.024105e+01 6.787267e+00
      endloop
   endfacet
   facet normal 0.000000e+00 -5.735774e-01 -8.191514e-01
      outer loop
         vertex 0.000000e+00 1.024105e+01 6.787267e+00
         vertex 1.500000e+00 1.024105e+01 6.787267e+00
         vertex 0.000000e+00 1.018750e+01 6.824760e+00
      endloop
   endfacet
   facet normal 0.000000e+00 -5.735774e-01 -8.191514e-01
      outer loop
         vertex 0.000000e+00 1.018750e+01 6.824760e+00
         vertex 1.500000e+00 1.024105e+01 6.787267e+00
         vertex 1.500000e+00 1.018750e+01 6.824760e+00
      endloop
   endfacet
   facet normal 0.000000e+00 -4.226188e-01 -9.063075e-01
      outer loop
         vertex 0.000000e+00 1.018750e+01 6.824760e+00
         vertex 1.500000e+00 1.018750e+01 6.824760e+00
         vertex 0.000000e+00 1.012826e+01 6.852385e+00
      endloop
   endfacet
   facet normal 0.000000e+00 -4.226188e-01 -9.063075e-01
      outer loop
         vertex 0.000000e+00 1.012826e+01 6.852385e+00
         vertex 1.500000e+00 1.018750e+01 6.824760e+00
         vertex 1.500000e+00 1.012826e+01 6.852385e+00
      endloop
   endfacet
   facet normal 0.000000e+00 -2.588191e-01 -9.659258e-01
      outer loop
         vertex 0.000000e+00 1.012826e+01 6.852385e+00
         vertex 1.500000e+00 1.012826e+01 6.852385e+00
         vertex 0.000000e+00 1.006512e+01 6.869303e+00
      endloop
   endfacet
   facet normal 0.000000e+00 -2.588191e-01 -9.659258e-01
      outer loop
         vertex 0.000000e+00 1.006512e+01 6.869303e+00
         vertex 1.500000e+00 1.012826e+01 6.852385e+00
         vertex 1.500000e+00 1.006512e+01 6.869303e+00
      endloop
   endfacet
   facet normal 0.000000e+00 -8.715590e-02 -9.961947e-01
      outer loop
         vertex 0.000000e+00 1.006512e+01 6.869303e+00
         vertex 1.500000e+00 1.006512e+01 6.869303e+00
         vertex 0.000000e+00 1.000000e+01 6.875000e+00
      endloop
   endfacet
   facet normal 0.000000e+00 -8.715590e-02 -9.961947e-01
      outer loop
         vertex 0.000000e+00 1.000000e+01 6.875000e+00
         vertex 1.500000e+00 1.006512e+01 6.869303e+00
         vertex 1.500000e+00 1.000000e+01 6.875000e+00
      endloop
   endfacet
   facet normal 0.000000e+00 8.715590e-02 -9.961947e-01
      outer loop
         vertex 0.000000e+00 1.000000e+01 6.875000e+00
         vertex 1.500000e+00 1.000000e+01 6.875000e+00
         vertex 0.000000e+00 9.934882e+00 6.869303e+00
      endloop
   endfacet
   facet normal 0.000000e+00 8.715590e-02 -9.961947e-01
      outer loop
         vertex 0.000000e+00 9.934882e+00 6.869303e+00
         vertex 1.500000e+00 1.000000e+01 6.875000e+00
         vertex 1.500000e+00 9.934882e+00 6.869303e+00
      endloop
   endfacet
   facet normal 0.000000e+00 2.588191e-01 -9.659258e-01
      outer loop
         vertex 0.000000e+00 9.934882e+00 6.869303e+00
         vertex 1.500000e+00 9.934882e+00 6.869303e+00
         vertex 0.000000e+00 9.871743e+00 6.852385e+00
      endloop
   endfacet
   facet normal 0.000000e+00 2.588191e-01 -9.659258e-01
      outer loop
         vertex 0.000000e+00 9.871743e+00 6.852385e+00
         vertex 1.500000e+00 9.934882e+00 6.869303e+00
         vertex 1.500000e+00 9.871743e+00 6.852385e+00
      endloop
   endfacet
   facet normal 0.000000e+00 4.226175e-01 -9.063082e-01
      outer loop
         vertex 0.000000e+00 9.871743e+00 6.852385e+00
         vertex 1.500000e+00 9.871743e+00 6.852385e+00
         vertex 0.000000e+00 9.812500e+00 6.824760e+00
      endloop
   endfacet
   facet normal 0.000000e+00 4.226175e-01 -9.063082e-01
      outer loop
         vertex 0.000000e+00 9.812500e+00 6.824760e+00
         vertex 1.500000e+00 9.871743e+00 6.852385e+00
         vertex 1.500000e+00 9.812500e+00 6.824760e+00
      endloop
   endfacet
   facet normal 0.000000e+00 5.735774e-01 -8.191514e-01
      outer loop
         vertex 0.000000e+00 9.812500e+00 6.824760e+00
         vertex 1.500000e+00 9.812500e+00 6.824760e+00
         vertex 0.000000e+00 9.758955e+00 6.787267e+00
      endloop
   endfacet
   facet normal 0.000000e+00 5.735774e-01 -8.191514e-01
      outer loop
         vertex 0.000000e+00 9.758955e+00 6.787267e+00
         vertex 1.500000e+00 9.812500e+00 6.824760e+00
         vertex 1.500000e+00 9.758955e+00 6.787267e+00
      endloop
   endfacet
   facet normal 0.000000e+00 7.071067e-01 -7.071069e-01
      outer loop
         vertex 0.000000e+00 9.758955e+00 6.787267e+00
         vertex 1.500000e+00 9.758955e+00 6.787267e+00
         vertex 0.000000e+00 9.712734e+00 6.741045e+00
      endloop
   endfacet
   facet normal 0.000000e+00 7.071067e-01 -7.071069e-01
      outer loop
         vertex 0.000000e+00 9.712734e+00 6.741045e+00
         vertex 1.500000e+00 9.758955e+00 6.787267e+00
         vertex 1.500000e+00 9.712734e+00 6.741045e+00
      endloop
   endfacet
   facet normal 0.000000e+00 8.191514e-01 -5.735773e-01
      outer loop
         vertex 0.000000e+00 9.712734e+00 6.741045e+00
         vertex 1.500000e+00 9.712734e+00 6.741045e+00
         vertex 0.000000e+00 9.675241e+00 6.687500e+00
      endloop
   endfacet
   facet normal 0.000000e+00 8.191514e-01 -5.735773e-01
      outer loop
         vertex 0.000000e+00 9.675241e+00 6.687500e+00
         vertex 1.500000e+00 9.712734e+00 6.741045e+00
         vertex 1.500000e+00 9.675241e+00 6.687500e+00
      endloop
   endfacet
   facet normal 0.000000e+00 9.063083e-01 -4.226172e-01
      outer loop
         vertex 0.000000e+00 9.675241e+00 6.687500e+00
         vertex 1.500000e+00 9.675241e+00 6.687500e+00
         vertex 0.000000e+00 9.647615e+00 6.628258e+00
      endloop
   endfacet
   facet normal 0.000000e+00 9.063083e-01 -4.226172e-01
      outer loop
         vertex 0.000000e+00 9.647615e+00 6.628258e+00
         vertex 1.500000e+00 9.675241e+00 6.687500e+00
         vertex 1.500000e+00 9.647615e+00 6.628258e+00
      endloop
   endfacet
   facet normal 0.000000e+00 9.659258e-01 -2.588190e-01
      outer loop
         vertex 0.000000e+00 9.647615e+00 6.628258e+00
         vertex 1.500000e+00 9.647615e+00 6.628258e+00
         vertex 0.000000e+00 9.630697e+00 6.565118e+00
      endloop
   endfacet
   facet normal 0.000000e+00 9.659258e-01 -2.588190e-01
      outer loop
         vertex 0.000000e+00 9.630697e+00 6.565118e+00
         vertex 1.500000e+00 9.647615e+00 6.628258e+00
         vertex 1.500000e+00 9.630697e+00 6.565118e+00
      endloop
   endfacet
   facet normal 0.000000e+00 9.961946e-01 -8.715636e-02
      outer loop
         vertex 0.000000e+00 9.630697e+00 6.565118e+00
         vertex 1.500000e+00 9.630697e+00 6.565118e+00
         vertex 0.000000e+00 9.625000e+00 6.500000e+00
      endloop
   endfacet
   facet normal 0.000000e+00 9.961946e-01 -8.715636e-02
      outer loop
         vertex 0.000000e+00 9.625000e+00 6.500000e+00
         vertex 1.500000e+00 9.630697e+00 6.565118e+00
         vertex 1.500000e+00 9.625000e+00 6.500000e+00
      endloop
   endfacet
   facet normal -0.000000e+00 9.961946e-01 8.715636e-02
      outer loop
         vertex 0.000000e+00 9.625000e+00 6.500000e+00
         vertex 1.500000e+00 9.625000e+00 6.500000e+00
         vertex 0.000000e+00 9.630697e+00 6.434882e+00
      endloop
   endfacet
   facet normal -0.000000e+00 9.961946e-01 8.715636e-02
      outer loop
         vertex 0.000000e+00 9.630697e+00 6.434882e+00
         vertex 1.500000e+00 9.625000e+00 6.500000e+00
         vertex 1.500000e+00 9.630697e+00 6.434882e+00
      endloop
   endfacet
   facet normal -0.000000e+00 9.659258e-01 2.588190e-01
      outer loop
         vertex 0.000000e+00 9.630697e+00 6.434882e+00
         vertex 1.500000e+00 9.630697e+00 6.434882e+00
         vertex 0.000000e+00 9.647615e+00 6.371743e+00
      endloop
   endfacet
   facet normal -0.000000e+00 9.659258e-01 2.588190e-01
      outer loop
         vertex 0.000000e+00 9.647615e+00 6.371743e+00
         vertex 1.500000e+00 9.630697e+00 6.434882e+00
         vertex 1.500000e+00 9.647615e+00 6.371743e+00
      endloop
   endfacet
   facet normal -0.000000e+00 9.063083e-01 4.226172e-01
      outer loop
         vertex 0.000000e+00 9.647615e+00 6.371743e+00
         vertex 1.500000e+00 9.647615e+00 6.371743e+00
         vertex 0.000000e+00 9.675241e+00 6.312500e+00
      endloop
   endfacet
   facet normal -0.000000e+00 9.063083e-01 4.226172e-01
      outer loop
         vertex 0.000000e+00 9.675241e+00 6.312500e+00
         vertex 1.500000e+00 9.647615e+00 6.371743e+00
         vertex 1.500000e+00 9.675241e+00 6.312500e+00
      endloop
   endfacet
   facet normal -0.000000e+00 8.191514e-01 5.735773e-01
      outer loop
         vertex 0.000000e+00 9.675241e+00 6.312500e+00
         vertex 1.500000e+00 9.675241e+00 6.312500e+00
         vertex 0.000000e+00 9.712734e+00 6.258955e+00
      endloop
   endfacet
   facet normal -0.000000e+00 8.191514e-01 5.735773e-01
      outer loop
         vertex 0.000000e+00 9.712734e+00 6.258955e+00
         vertex 1.500000e+00 9.675241e+00 6.312500e+00
         vertex 1.500000e+00 9.712734e+00 6.258955e+00
      endloop
   endfacet
   facet normal -0.000000e+00 7.071067e-01 7.071069e-01
      outer loop
         vertex 0.000000e+00 9.712734e+00 6.258955e+00
         vertex 1.500000e+00 9.712734e+00 6.258955e+00
         vertex 0.000000e+00 9.758955e+00 6.212733e+00
      endloop
   endfacet
   facet normal -0.000000e+00 7.071067e-01 7.071069e-01
      outer loop
         vertex 0.000000e+00 9.758955e+00 6.212733e+00
         vertex 1.500000e+00 9.712734e+00 6.258955e+00
         vertex 1.500000e+00 9.758955e+00 6.212733e+00
      endloop
   endfacet
   facet normal -0.000000e+00 5.735774e-01 8.191514e-01
      outer loop
         vertex 0.000000e+00 9.758955e+00 6.212733e+00
         vertex 1.500000e+00 9.758955e+00 6.212733e+00
         vertex 0.000000e+00 9.812500e+00 6.175241e+00
      endloop
   endfacet
   facet normal -0.000000e+00 5.735774e-01 8.191514e-01
      outer loop
         vertex 0.000000e+00 9.812500e+00 6.175241e+00
         vertex 1.500000e+00 9.758955e+00 6.212733e+00
         vertex 1.500000e+00 9.812500e+00 6.175241e+00
      endloop
   endfacet
   facet normal -0.000000e+00 4.226175e-01 9.063082e-01
      outer loop
         vertex 0.000000e+00 9.812500e+00 6.175241e+00
         vertex 1.500000e+00 9.812500e+00 6.175241e+00
         vertex 0.000000e+00 9.871743e+00 6.147615e+00
      endloop
   endfacet
   facet normal -0.000000e+00 4.226175e-01 9.063082e-01
      outer loop
         vertex 0.000000e+00 9.871743e+00 6.147615e+00
         vertex 1.500000e+00 9.812500e+00 6.175241e+00
         vertex 1.500000e+00 9.871743e+00 6.147615e+00
      endloop
   endfacet
   facet normal -0.000000e+00 2.588191e-01 9.659258e-01
      outer loop
         vertex 0.000000e+00 9.871743e+00 6.147615e+00
         vertex 1.500000e+00 9.871743e+00 6.147615e+00
         vertex 0.000000e+00 9.934882e+00 6.130697e+00
      endloop
   endfacet
   facet normal -0.000000e+00 2.588191e-01 9.659258e-01
      outer loop
         vertex 0.000000e+00 9.934882e+00 6.130697e+00
         vertex 1.500000e+00 9.871743e+00 6.147615e+00
         vertex 1.500000e+00 9.934882e+00 6.130697e+00
      endloop
   endfacet
   facet normal -0.000000e+00 8.715590e-02 9.961947e-01
      outer loop
         vertex 0.000000e+00 9.934882e+00 6.130697e+00
         vertex 1.500000e+00 9.934882e+00 6.130697e+00
         vertex 0.000000e+00 1.000000e+01 6.125000e+00
      endloop
   endfacet
   facet normal -0.000000e+00 8.715590e-02 9.961947e-01
      outer loop
         vertex 0.000000e+00 1.000000e+01 6.125000e+00
         vertex 1.500000e+00 9.934882e+00 6.130697e+00
         vertex 1.500000e+00 1.000000e+01 6.125000e+00
      endloop
   endfacet
   facet normal 0.000000e+00 -8.715590e-02 9.961947e-01
      outer loop
         vertex 0.000000e+00 1.150000e+01 6.125000e+00
         vertex 1.500000e+00 1.150000e+01 6.125000e+00
         vertex 0.000000e+00 1.156512e+01 6.130697e+00
      endloop
   endfacet
   facet normal 0.000000e+00 -8.715590e-02 9.961947e-01
      outer loop
         vertex 0.000000e+00 1.156512e+01 6.130697e+00
         vertex 1.500000e+00 1.150000e+01 6.125000e+00
         vertex 1.500000e+00 1.156512e+01 6.130697e+00
      endloop
   endfacet
   facet normal 0.000000e+00 -2.588191e-01 9.659258e-01
      outer loop
         vertex 0.000000e+00 1.156512e+01 6.130697e+00
         vertex 1.500000e+00 1.156512e+01 6.130697e+00
         vertex 0.000000e+00 1.162826e+01 6.147615e+00
      endloop
   endfacet
   facet normal 0.000000e+00 -2.588191e-01 9.659258e-01
      outer loop
         vertex 0.000000e+00 1.162826e+01 6.147615e+00
         vertex 1.500000e+00 1.156512e+01 6.130697e+00
         vertex 1.500000e+00 1.162826e+01 6.147615e+00
      endloop
   endfacet
   facet normal 0.000000e+00 -4.226188e-01 9.063075e-01
      outer loop
         vertex 0.000000e+00 1.162826e+01 6.147615e+00
         vertex 1.500000e+00 1.162826e+01 6.147615e+00
         vertex 0.000000e+00 1.168750e+01 6.175241e+00
      endloop
   endfacet
   facet normal 0.000000e+00 -4.226188e-01 9.063075e-01
      outer loop
         vertex 0.000000e+00 1.168750e+01 6.175241e+00
         vertex 1.500000e+00 1.162826e+01 6.147615e+00
         vertex 1.500000e+00 1.168750e+01 6.175241e+00
      endloop
   endfacet
   facet normal 0.000000e+00 -5.735757e-01 8.191526e-01
      outer loop
         vertex 0.000000e+00 1.168750e+01 6.175241e+00
         vertex 1.500000e+00 1.168750e+01 6.175241e+00
         vertex 0.000000e+00 1.174105e+01 6.212733e+00
      endloop
   endfacet
   facet normal 0.000000e+00 -5.735757e-01 8.191526e-01
      outer loop
         vertex 0.000000e+00 1.174105e+01 6.212733e+00
         vertex 1.500000e+00 1.168750e+01 6.175241e+00
         vertex 1.500000e+00 1.174105e+01 6.212733e+00
      endloop
   endfacet
   facet normal 0.000000e+00 -7.071049e-01 7.071087e-01
      outer loop
         vertex 0.000000e+00 1.174105e+01 6.212733e+00
         vertex 1.500000e+00 1.174105e+01 6.212733e+00
         vertex 0.000000e+00 1.178727e+01 6.258955e+00
      endloop
   endfacet
   facet normal 0.000000e+00 -7.071049e-01 7.071087e-01
      outer loop
         vertex 0.000000e+00 1.178727e+01 6.258955e+00
         vertex 1.500000e+00 1.174105e+01 6.212733e+00
         vertex 1.500000e+00 1.178727e+01 6.258955e+00
      endloop
   endfacet
   facet normal 0.000000e+00 -8.191531e-01 5.735749e-01
      outer loop
         vertex 0.000000e+00 1.178727e+01 6.258955e+00
         vertex 1.500000e+00 1.178727e+01 6.258955e+00
         vertex 0.000000e+00 1.182476e+01 6.312500e+00
      endloop
   endfacet
   facet normal 0.000000e+00 -8.191531e-01 5.735749e-01
      outer loop
         vertex 0.000000e+00 1.182476e+01 6.312500e+00
         vertex 1.500000e+00 1.178727e+01 6.258955e+00
         vertex 1.500000e+00 1.182476e+01 6.312500e+00
      endloop
   endfacet
   facet normal 0.000000e+00 -9.063069e-01 4.226201e-01
      outer loop
         vertex 0.000000e+00 1.182476e+01 6.312500e+00
         vertex 1.500000e+00 1.182476e+01 6.312500e+00
         vertex 0.000000e+00 1.185239e+01 6.371743e+00
      endloop
   endfacet
   facet normal 0.000000e+00 -9.063069e-01 4.226201e-01
      outer loop
         vertex 0.000000e+00 1.185239e+01 6.371743e+00
         vertex 1.500000e+00 1.182476e+01 6.312500e+00
         vertex 1.500000e+00 1.185239e+01 6.371743e+00
      endloop
   endfacet
   facet normal 0.000000e+00 -9.659267e-01 2.588157e-01
      outer loop
         vertex 0.000000e+00 1.185239e+01 6.371743e+00
         vertex 1.500000e+00 1.185239e+01 6.371743e+00
         vertex 0.000000e+00 1.186930e+01 6.434882e+00
      endloop
   endfacet
   facet normal 0.000000e+00 -9.659267e-01 2.588157e-01
      outer loop
         vertex 0.000000e+00 1.186930e+01 6.434882e+00
         vertex 1.500000e+00 1.185239e+01 6.371743e+00
         vertex 1.500000e+00 1.186930e+01 6.434882e+00
      endloop
   endfacet
   facet normal 0.000000e+00 -9.961943e-01 8.715989e-02
      outer loop
         vertex 0.000000e+00 1.186930e+01 6.434882e+00
         vertex 1.500000e+00 1.186930e+01 6.434882e+00
         vertex 0.000000e+00 1.187500e+01 6.500000e+00
      endloop
   endfacet
   facet normal 0.000000e+00 -9.961943e-01 8.715989e-02
      outer loop
         vertex 0.000000e+00 1.187500e+01 6.500000e+00
         vertex 1.500000e+00 1.186930e+01 6.434882e+00
         vertex 1.500000e+00 1.187500e+01 6.500000e+00
      endloop
   endfacet
   facet normal 0.000000e+00 -9.961943e-01 -8.715989e-02
      outer loop
         vertex 0.000000e+00 1.187500e+01 6.500000e+00
         vertex 1.500000e+00 1.187500e+01 6.500000e+00
         vertex 0.000000e+00 1.186930e+01 6.565118e+00
      endloop
   endfacet
   facet normal 0.000000e+00 -9.961943e-01 -8.715989e-02
      outer loop
         vertex 0.000000e+00 1.186930e+01 6.565118e+00
         vertex 1.500000e+00 1.187500e+01 6.500000e+00
         vertex 1.500000e+00 1.186930e+01 6.565118e+00
      endloop
   endfacet
   facet normal 0.000000e+00 -9.659267e-01 -2.588157e-01
      outer loop
         vertex 0.000000e+00 1.186930e+01 6.565118e+00
         vertex 1.500000e+00 1.186930e+01 6.565118e+00
         vertex 0.000000e+00 1.185239e+01 6.628258e+00
      endloop
   endfacet
   facet normal 0.000000e+00 -9.659267e-01 -2.588157e-01
      outer loop
         vertex 0.000000e+00 1.185239e+01 6.628258e+00
         vertex 1.500000e+00 1.186930e+01 6.565118e+00
         vertex 1.500000e+00 1.185239e+01 6.628258e+00
      endloop
   endfacet
   facet normal 0.000000e+00 -9.063069e-01 -4.226201e-01
      outer loop
         vertex 0.000000e+00 1.185239e+01 6.628258e+00
         vertex 1.500000e+00 1.185239e+01 6.628258e+00
         vertex 0.000000e+00 1.182476e+01 6.687500e+00
      endloop
   endfacet
   facet normal 0.000000e+00 -9.063069e-01 -4.226201e-01
      outer loop
         vertex 0.000000e+00 1.182476e+01 6.687500e+00
         vertex 1.500000e+00 1.185239e+01 6.628258e+00
         vertex 1.500000e+00 1.182476e+01 6.687500e+00
      endloop
   endfacet
   facet normal 0.000000e+00 -8.191531e-01 -5.735749e-01
      outer loop
         vertex 0.000000e+00 1.182476e+01 6.687500e+00
         vertex 1.500000e+00 1.182476e+01 6.687500e+00
         vertex 0.000000e+00 1.178727e+01 6.741045e+00
      endloop
   endfacet
   facet normal 0.000000e+00 -8.191531e-01 -5.735749e-01
      outer loop
         vertex 0.000000e+00 1.178727e+01 6.741045e+00
         vertex 1.500000e+00 1.182476e+01 6.687500e+00
         vertex 1.500000e+00 1.178727e+01 6.741045e+00
      endloop
   endfacet
   facet normal 0.000000e+00 -7.071049e-01 -7.071087e-01
      outer loop
         vertex 0.000000e+00 1.178727e+01 6.741045e+00
         vertex 1.500000e+00 1.178727e+01 6.741045e+00
         vertex 0.000000e+00 1.174105e+01 6.787267e+00
      endloop
   endfacet
   facet normal 0.000000e+00 -7.071049e-01 -7.071087e-01
      outer loop
         vertex 0.000000e+00 1.174105e+01 6.787267e+00
         vertex 1.500000e+00 1.178727e+01 6.741045e+00
         vertex 1.500000e+00 1.174105e+01 6.787267e+00
      endloop
   endfacet
   facet normal 0.000000e+00 -5.735757e-01 -8.191526e-01
      outer loop
         vertex 0.000000e+00 1.174105e+01 6.787267e+00
         vertex 1.500000e+00 1.174105e+01 6.787267e+00
         vertex 0.000000e+00 1.168750e+01 6.824760e+00
      endloop
   endfacet
   facet normal 0.000000e+00 -5.735757e-01 -8.191526e-01
      outer loop
         vertex 0.000000e+00 1.168750e+01 6.824760e+00
         vertex 1.500000e+00 1.174105e+01 6.787267e+00
         vertex 1.500000e+00 1.168750e+01 6.824760e+00
      endloop
   endfacet
   facet normal 0.000000e+00 -4.226188e-01 -9.063075e-01
      outer loop
         vertex 0.000000e+00 1.168750e+01 6.824760e+00
         vertex 1.500000e+00 1.168750e+01 6.824760e+00
         vertex 0.000000e+00 1.162826e+01 6.852385e+00
      endloop
   endfacet
   facet normal 0.000000e+00 -4.226188e-01 -9.063075e-01
      outer loop
         vertex 0.000000e+00 1.162826e+01 6.852385e+00
         vertex 1.500000e+00 1.168750e+01 6.824760e+00
         vertex 1.500000e+00 1.162826e+01 6.852385e+00
      endloop
   endfacet
   facet normal 0.000000e+00 -2.588191e-01 -9.659258e-01
      outer loop
         vertex 0.000000e+00 1.162826e+01 6.852385e+00
         vertex 1.500000e+00 1.162826e+01 6.852385e+00
         vertex 0.000000e+00 1.156512e+01 6.869303e+00
      endloop
   endfacet
   facet normal 0.000000e+00 -2.588191e-01 -9.659258e-01
      outer loop
         vertex 0.000000e+00 1.156512e+01 6.869303e+00
         vertex 1.500000e+00 1.162826e+01 6.852385e+00
         vertex 1.500000e+00 1.156512e+01 6.869303e+00
      endloop
   endfacet
   facet normal 0.000000e+00 -8.715590e-02 -9.961947e-01
      outer loop
         vertex 0.000000e+00 1.156512e+01 6.869303e+00
         vertex 1.500000e+00 1.156512e+01 6.869303e+00
         vertex 0.000000e+00 1.150000e+01 6.875000e+00
      endloop
   endfacet
   facet normal 0.000000e+00 -8.715590e-02 -9.961947e-01
      outer loop
         vertex 0.000000e+00 1.150000e+01 6.875000e+00
         vertex 1.500000e+00 1.156512e+01 6.869303e+00
         vertex 1.500000e+00 1.150000e+01 6.875000e+00
      endloop
   endfacet
   facet normal 0.000000e+00 8.715590e-02 -9.961947e-01
      outer loop
         vertex 0.000000e+00 1.150000e+01 6.875000e+00
         vertex 1.500000e+00 1.150000e+01 6.875000e+00
         vertex 0.000000e+00 1.143488e+01 6.869303e+00
      endloop
   endfacet
   facet normal 0.000000e+00 8.715590e-02 -9.961947e-01
      outer loop
         vertex 0.000000e+00 1.143488e+01 6.869303e+00
         vertex 1.500000e+00 1.150000e+01 6.875000e+00
         vertex 1.500000e+00 1.143488e+01 6.869303e+00
      endloop
   endfacet
   facet normal 0.000000e+00 2.588191e-01 -9.659258e-01
      outer loop
         vertex 0.000000e+00 1.143488e+01 6.869303e+00
         vertex 1.500000e+00 1.143488e+01 6.869303e+00
         vertex 0.000000e+00 1.137174e+01 6.852385e+00
      endloop
   endfacet
   facet normal 0.000000e+00 2.588191e-01 -9.659258e-01
      outer loop
         vertex 0.000000e+00 1.137174e+01 6.852385e+00
         vertex 1.500000e+00 1.143488e+01 6.869303e+00
         vertex 1.500000e+00 1.137174e+01 6.852385e+00
      endloop
   endfacet
   facet normal 0.000000e+00 4.226188e-01 -9.063075e-01
      outer loop
         vertex 0.000000e+00 1.137174e+01 6.852385e+00
         vertex 1.500000e+00 1.137174e+01 6.852385e+00
         vertex 0.000000e+00 1.131250e+01 6.824760e+00
      endloop
   endfacet
   facet normal 0.000000e+00 4.226188e-01 -9.063075e-01
      outer loop
         vertex 0.000000e+00 1.131250e+01 6.824760e+00
         vertex 1.500000e+00 1.137174e+01 6.852385e+00
         vertex 1.500000e+00 1.131250e+01 6.824760e+00
      endloop
   endfacet
   facet normal 0.000000e+00 5.735757e-01 -8.191526e-01
      outer loop
         vertex 0.000000e+00 1.131250e+01 6.824760e+00
         vertex 1.500000e+00 1.131250e+01 6.824760e+00
         vertex 0.000000e+00 1.125895e+01 6.787267e+00
      endloop
   endfacet
   facet normal 0.000000e+00 5.735757e-01 -8.191526e-01
      outer loop
         vertex 0.000000e+00 1.125895e+01 6.787267e+00
         vertex 1.500000e+00 1.131250e+01 6.824760e+00
         vertex 1.500000e+00 1.125895e+01 6.787267e+00
      endloop
   endfacet
   facet normal 0.000000e+00 7.071085e-01 -7.071051e-01
      outer loop
         vertex 0.000000e+00 1.125895e+01 6.787267e+00
         vertex 1.500000e+00 1.125895e+01 6.787267e+00
         vertex 0.000000e+00 1.121273e+01 6.741045e+00
      endloop
   endfacet
   facet normal 0.000000e+00 7.071085e-01 -7.071051e-01
      outer loop
         vertex 0.000000e+00 1.121273e+01 6.741045e+00
         vertex 1.500000e+00 1.125895e+01 6.787267e+00
         vertex 1.500000e+00 1.121273e+01 6.741045e+00
      endloop
   endfacet
   facet normal 0.000000e+00 8.191497e-01 -5.735797e-01
      outer loop
         vertex 0.000000e+00 1.121273e+01 6.741045e+00
         vertex 1.500000e+00 1.121273e+01 6.741045e+00
         vertex 0.000000e+00 1.117524e+01 6.687500e+00
      endloop
   endfacet
   facet normal 0.000000e+00 8.191497e-01 -5.735797e-01
      outer loop
         vertex 0.000000e+00 1.117524e+01 6.687500e+00
         vertex 1.500000e+00 1.121273e+01 6.741045e+00
         vertex 1.500000e+00 1.117524e+01 6.687500e+00
      endloop
   endfacet
   facet normal 0.000000e+00 9.063096e-01 -4.226143e-01
      outer loop
         vertex 0.000000e+00 1.117524e+01 6.687500e+00
         vertex 1.500000e+00 1.117524e+01 6.687500e+00
         vertex 0.000000e+00 1.114762e+01 6.628258e+00
      endloop
   endfacet
   facet normal 0.000000e+00 9.063096e-01 -4.226143e-01
      outer loop
         vertex 0.000000e+00 1.114762e+01 6.628258e+00
         vertex 1.500000e+00 1.117524e+01 6.687500e+00
         vertex 1.500000e+00 1.114762e+01 6.628258e+00
      endloop
   endfacet
   facet normal 0.000000e+00 9.659249e-01 -2.588223e-01
      outer loop
         vertex 0.000000e+00 1.114762e+01 6.628258e+00
         vertex 1.500000e+00 1.114762e+01 6.628258e+00
         vertex 0.000000e+00 1.113070e+01 6.565118e+00
      endloop
   endfacet
   facet normal 0.000000e+00 9.659249e-01 -2.588223e-01
      outer loop
         vertex 0.000000e+00 1.113070e+01 6.565118e+00
         vertex 1.500000e+00 1.114762e+01 6.628258e+00
         vertex 1.500000e+00 1.113070e+01 6.565118e+00
      endloop
   endfacet
   facet normal 0.000000e+00 9.961950e-01 -8.715282e-02
      outer loop
         vertex 0.000000e+00 1.113070e+01 6.565118e+00
         vertex 1.500000e+00 1.113070e+01 6.565118e+00
         vertex 0.000000e+00 1.112500e+01 6.500000e+00
      endloop
   endfacet
   facet normal 0.000000e+00 9.961950e-01 -8.715282e-02
      outer loop
         vertex 0.000000e+00 1.112500e+01 6.500000e+00
         vertex 1.500000e+00 1.113070e+01 6.565118e+00
         vertex 1.500000e+00 1.112500e+01 6.500000e+00
      endloop
   endfacet
   facet normal -0.000000e+00 9.961950e-01 8.715282e-02
      outer loop
         vertex 0.000000e+00 1.112500e+01 6.500000e+00
         vertex 1.500000e+00 1.112500e+01 6.500000e+00
         vertex 0.000000e+00 1.113070e+01 6.434882e+00
      endloop
   endfacet
   facet normal -0.000000e+00 9.961950e-01 8.715282e-02
      outer loop
         vertex 0.000000e+00 1.113070e+01 6.434882e+00
         vertex 1.500000e+00 1.112500e+01 6.500000e+00
         vertex 1.500000e+00 1.113070e+01 6.434882e+00
      endloop
   endfacet
   facet normal -0.000000e+00 9.659249e-01 2.588223e-01
      outer loop
         vertex 0.000000e+00 1.113070e+01 6.434882e+00
         vertex 1.500000e+00 1.113070e+01 6.434882e+00
         vertex 0.000000e+00 1.114762e+01 6.371743e+00
      endloop
   endfacet
   facet normal -0.000000e+00 9.659249e-01 2.588223e-01
      outer loop
         vertex 0.000000e+00 1.114762e+01 6.371743e+00
         vertex 1.500000e+00 1.113070e+01 6.434882e+00
         vertex 1.500000e+00 1.114762e+01 6.371743e+00
      endloop
   endfacet
   facet normal -0.000000e+00 9.063096e-01 4.226143e-01
      outer loop
         vertex 0.000000e+00 1.114762e+01 6.371743e+00
         vertex 1.500000e+00 1.114762e+01 6.371743e+00
         vertex 0.000000e+00 1.117524e+01 6.312500e+00
      endloop
   endfacet
   facet normal -0.000000e+00 9.063096e-01 4.226143e-01
      outer loop
         vertex 0.000000e+00 1.117524e+01 6.312500e+00
         vertex 1.500000e+00 1.114762e+01 6.371743e+00
         vertex 1.500000e+00 1.117524e+01 6.312500e+00
      endloop
   endfacet
   facet normal -0.000000e+00 8.191497e-01 5.735797e-01
      outer loop
         vertex 0.000000e+00 1.117524e+01 6.312500e+00
         vertex 1.500000e+00 1.117524e+01 6.312500e+00
         vertex 0.000000e+00 1.121273e+01 6.258955e+00
      endloop
   endfacet
   facet normal -0.000000e+00 8.191497e-01 5.735797e-01
      outer loop
         vertex 0.000000e+00 1.121273e+01 6.258955e+00
         vertex 1.500000e+00 1.117524e+01 6.312500e+00
         vertex 1.500000e+00 1.121273e+01 6.258955e+00
      endloop
   endfacet
   facet normal -0.000000e+00 7.071085e-01 7.071051e-01
      outer loop
         vertex 0.000000e+00 1.121273e+01 6.258955e+00
         vertex 1.500000e+00 1.121273e+01 6.258955e+00
         vertex 0.000000e+00 1.125895e+01 6.212733e+00
      endloop
   endfacet
   facet normal -0.000000e+00 7.071085e-01 7.071051e-01
      outer loop
         vertex 0.000000e+00 1.125895e+01 6.212733e+00
         vertex 1.500000e+00 1.121273e+01 6.258955e+00
         vertex 1.500000e+00 1.125895e+01 6.212733e+00
      endloop
   endfacet
   facet normal -0.000000e+00 5.735757e-01 8.191526e-01
      outer loop
         vertex 0.000000e+00 1.125895e+01 6.212733e+00
         vertex 1.500000e+00 1.125895e+01 6.212733e+00
         vertex 0.000000e+00 1.131250e+01 6.175241e+00
      endloop
   endfacet
   facet normal -0.000000e+00 5.735757e-01 8.191526e-01
      outer loop
         vertex 0.000000e+00 1.131250e+01 6.175241e+00
         vertex 1.500000e+00 1.125895e+01 6.212733e+00
         vertex 1.500000e+00 1.131250e+01 6.175241e+00
      endloop
   endfacet
   facet normal -0.000000e+00 4.226188e-01 9.063075e-01
      outer loop
         vertex 0.000000e+00 1.131250e+01 6.175241e+00
         vertex 1.500000e+00 1.131250e+01 6.175241e+00
         vertex 0.000000e+00 1.137174e+01 6.147615e+00
      endloop
   endfacet
   facet normal -0.000000e+00 4.226188e-01 9.063075e-01
      outer loop
         vertex 0.000000e+00 1.137174e+01 6.147615e+00
         vertex 1.500000e+00 1.131250e+01 6.175241e+00
         vertex 1.500000e+00 1.137174e+01 6.147615e+00
      endloop
   endfacet
   facet normal -0.000000e+00 2.588191e-01 9.659258e-01
      outer loop
         vertex 0.000000e+00 1.137174e+01 6.147615e+00
         vertex 1.500000e+00 1.137174e+01 6.147615e+00
         vertex 0.000000e+00 1.143488e+01 6.130697e+00
      endloop
   endfacet
   facet normal -0.000000e+00 2.588191e-01 9.659258e-01
      outer loop
         vertex 0.000000e+00 1.143488e+01 6.130697e+00
         vertex 1.500000e+00 1.137174e+01 6.147615e+00
         vertex 1.500000e+00 1.143488e+01 6.130697e+00
      endloop
   endfacet
   facet normal -0.000000e+00 8.715590e-02 9.961947e-01
      outer loop
         vertex 0.000000e+00 1.143488e+01 6.130697e+00
         vertex 1.500000e+00 1.143488e+01 6.130697e+00
         vertex 0.000000e+00 1.150000e+01 6.125000e+00
      endloop
   endfacet
   facet normal -0.000000e+00 8.715590e-02 9.961947e-01
      outer loop
         vertex 0.000000e+00 1.150000e+01 6.125000e+00
         vertex 1.500000e+00 1.143488e+01 6.130697e+00
         vertex 1.500000e+00 1.150000e+01 6.125000e+00
      endloop
   endfacet
endsolid one_side